e,M,E,dps
0.0,0.0,0.0,50
0.0,0.03173325912716963,0.03173325912716963,50
0.0,0.06346651825433926,0.06346651825433926,50
0.0,0.0951997773815089,0.0951997773815089,50
0.0,0.12693303650867852,0.12693303650867852,50
0.0,0.15866629563584814,0.15866629563584814,50
0.0,0.1903995547630178,0.1903995547630178,50
0.0,0.2221328138901874,0.2221328138901874,50
0.0,0.25386607301735703,0.25386607301735703,50
0.0,0.28559933214452665,0.28559933214452665,50
0.0,0.3173325912716963,0.3173325912716963,50
0.0,0.3490658503988659,0.3490658503988659,50
0.0,0.3807991095260356,0.3807991095260356,50
0.0,0.4125323686532052,0.4125323686532052,50
0.0,0.4442656277803748,0.4442656277803748,50
0.0,0.47599888690754444,0.47599888690754444,50
0.0,0.5077321460347141,0.5077321460347141,50
0.0,0.5394654051618837,0.5394654051618837,50
0.0,0.5711986642890533,0.5711986642890533,50
0.0,0.6029319234162229,0.6029319234162229,50
0.0,0.6346651825433925,0.6346651825433925,50
0.0,0.6663984416705622,0.6663984416705622,50
0.0,0.6981317007977318,0.6981317007977318,50
0.0,0.7298649599249014,0.7298649599249014,50
0.0,0.7615982190520711,0.7615982190520711,50
0.0,0.7933314781792408,0.7933314781792408,50
0.0,0.8250647373064104,0.8250647373064104,50
0.0,0.85679799643358,0.85679799643358,50
0.0,0.8885312555607496,0.8885312555607496,50
0.0,0.9202645146879193,0.9202645146879193,50
0.0,0.9519977738150889,0.9519977738150889,50
0.0,0.9837310329422585,0.9837310329422585,50
0.0,1.0154642920694281,1.0154642920694281,50
0.0,1.0471975511965979,1.0471975511965979,50
0.0,1.0789308103237674,1.0789308103237674,50
0.0,1.110664069450937,1.110664069450937,50
0.0,1.1423973285781066,1.1423973285781066,50
0.0,1.1741305877052763,1.1741305877052763,50
0.0,1.2058638468324459,1.2058638468324459,50
0.0,1.2375971059596156,1.2375971059596156,50
0.0,1.269330365086785,1.269330365086785,50
0.0,1.3010636242139548,1.3010636242139548,50
0.0,1.3327968833411243,1.3327968833411243,50
0.0,1.364530142468294,1.364530142468294,50
0.0,1.3962634015954636,1.3962634015954636,50
0.0,1.4279966607226333,1.4279966607226333,50
0.0,1.4597299198498028,1.4597299198498028,50
0.0,1.4914631789769726,1.4914631789769726,50
0.0,1.5231964381041423,1.5231964381041423,50
0.0,1.5549296972313118,1.5549296972313118,50
0.0,1.5866629563584815,1.5866629563584815,50
0.0,1.618396215485651,1.618396215485651,50
0.0,1.6501294746128208,1.6501294746128208,50
0.0,1.6818627337399903,1.6818627337399903,50
0.0,1.71359599286716,1.71359599286716,50
0.0,1.7453292519943295,1.7453292519943295,50
0.0,1.7770625111214993,1.7770625111214993,50
0.0,1.8087957702486688,1.8087957702486688,50
0.0,1.8405290293758385,1.8405290293758385,50
0.0,1.872262288503008,1.872262288503008,50
0.0,1.9039955476301778,1.9039955476301778,50
0.0,1.9357288067573473,1.9357288067573473,50
0.0,1.967462065884517,1.967462065884517,50
0.0,1.9991953250116865,1.9991953250116865,50
0.0,2.0309285841388562,2.0309285841388562,50
0.0,2.0626618432660258,2.0626618432660258,50
0.0,2.0943951023931957,2.0943951023931957,50
0.0,2.126128361520365,2.126128361520365,50
0.0,2.1578616206475347,2.1578616206475347,50
0.0,2.1895948797747042,2.1895948797747042,50
0.0,2.221328138901874,2.221328138901874,50
0.0,2.2530613980290437,2.2530613980290437,50
0.0,2.284794657156213,2.284794657156213,50
0.0,2.3165279162833827,2.3165279162833827,50
0.0,2.3482611754105527,2.3482611754105527,50
0.0,2.379994434537722,2.379994434537722,50
0.0,2.4117276936648917,2.4117276936648917,50
0.0,2.443460952792061,2.443460952792061,50
0.0,2.475194211919231,2.475194211919231,50
0.0,2.5069274710464007,2.5069274710464007,50
0.0,2.53866073017357,2.53866073017357,50
0.0,2.57039398930074,2.57039398930074,50
0.0,2.6021272484279097,2.6021272484279097,50
0.0,2.633860507555079,2.633860507555079,50
0.0,2.6655937666822487,2.6655937666822487,50
0.0,2.6973270258094186,2.6973270258094186,50
0.0,2.729060284936588,2.729060284936588,50
0.0,2.7607935440637577,2.7607935440637577,50
0.0,2.792526803190927,2.792526803190927,50
0.0,2.824260062318097,2.824260062318097,50
0.0,2.8559933214452666,2.8559933214452666,50
0.0,2.887726580572436,2.887726580572436,50
0.0,2.9194598396996057,2.9194598396996057,50
0.0,2.9511930988267756,2.9511930988267756,50
0.0,2.982926357953945,2.982926357953945,50
0.0,3.0146596170811146,3.0146596170811146,50
0.0,3.0463928762082846,3.0463928762082846,50
0.0,3.078126135335454,3.078126135335454,50
0.0,3.1098593944626236,3.1098593944626236,50
0.0,3.141592653589793,3.141592653589793,50
5.722182703350819e-05,5.823702630419844,5.823677252124996,50
0.00015725628314589279,2.2105460396847314,2.210672185939779,50
0.00019312273068193558,3.10514518921782,3.1051522251354573,50
0.0002344114817880299,2.4888039386631315,2.488946294648107,50
0.00040042631229324715,2.077144893997992,2.07749500729589,50
0.000640999241537205,3.687551735718486,3.6872190868103325,50
0.0009462063656853926,2.029806217952578,2.0306541282539996,50
0.000994396983403283,1.5528687675091943,1.5538630219308929,50
0.0011871978846647205,3.5752948869128445,3.5747965239563104,50
0.0012918860300918959,3.841154238748444,3.8403232378837973,50
0.0014940840615814133,1.3982182045310008,1.3996904705920288,50
0.0015211368929560773,2.554179775072455,2.5550217371088397,50
0.0016838447118710644,0.41602131180137125,0.41670284398370855,50
0.0017113202378561945,5.790696794948058,5.789886426574364,50
0.0017598788438391764,4.5878061288288405,4.58606027422131,50
0.001774099983588071,2.883105985069147,2.883558700060249,50
0.0017932890210695539,0.9880400959086176,0.9895388782328484,50
0.001854937927238835,3.76135529586717,3.760279495107023,50
0.0018708892919868936,5.038364270315536,5.0365908444841825,50
0.0018834147570082327,5.647476275553111,5.646356304852442,50
0.001963987138106694,2.2764479911589937,2.277941053354701,50
0.002043266662655741,1.4705940578044414,1.4726274867673104,50
0.0023748766361924613,4.135926069925698,4.133937561242752,50
0.0024117156076105947,4.061157080734669,4.059241756005617,50
0.0024400589740048505,3.934281742314424,3.932546800551626,50
0.002582810652554561,4.964708246772169,4.962205612318304,50
0.002734777476454072,2.1816838505047307,2.1839204999783597,50
0.0027366616054154786,2.93660686139931,2.9371624291066643,50
0.0027378665232491136,1.5809631783457414,1.5837008169093583,50
0.0027818546134451613,5.912332625183113,5.91132183226792,50
0.0028113942292128267,4.668177398952383,4.665369111961438,50
0.0030673743531449563,0.4101061213889194,0.41133255300717947,50
0.0031982113126243976,5.856303728343588,5.8549756943324285,50
0.0034134341460840775,5.402476491437737,5.399838360594576,50
0.003503615933255681,5.870292308284824,5.868881919452668,50
0.0038810648640336784,3.6273996523720005,3.625593698284978,50
0.0040988217197121795,6.046066658194517,6.045099982262481,50
0.004173609897691785,2.5418741759590953,2.5442217091201926,50
0.004232915899621746,0.08413611815662063,0.08449334598090041,50
0.004292505253903233,2.465948067661113,2.468623630960382,50
0.004471140476007564,3.736069009916619,3.733574084997801,50
0.0045295477144468325,1.4220924804302215,1.42657500291786,50
0.004555622290875572,3.8014924137762485,3.7987096721515936,50
0.004556826660398796,2.7532545804078072,2.754972777205229,50
0.004634580504125199,5.055466358903433,5.051095090367186,50
0.004674242447056744,0.8883824487005728,0.8920206077055055,50
0.004835941569927582,2.147232398611802,2.1512762108521377,50
0.004938991663280457,0.38486841754020923,0.38673122278733535,50
0.0049576435954586775,3.372407125233983,3.371278410858549,50
0.004977906904881611,1.252228405902619,1.2569631781017734,50
0.005031350228249629,5.027758242051444,5.022967607238688,50
0.005076214867150514,3.8540351339635643,3.8507296092981345,50
0.005083710954449284,4.631760012089499,4.626694955743982,50
0.005199764445203608,4.506557731489129,4.501473195902423,50
0.005288414953874918,3.347702472174826,3.346625753183727,50
0.005657859640999492,2.3824725145565258,2.386350778181433,50
0.005728653938263619,5.801118899064835,5.79844949168982,50
0.005740443996341301,5.135813737220521,5.130567947449,50
0.005822911697067166,2.1997745907843913,2.2044670394252175,50
0.005840741568684838,5.73896179625883,5.735922556444969,50
0.005887522731723303,3.4855951669909033,3.48362050264491,50
0.0059046582388404545,4.663032304515669,4.657136656911325,50
0.005956015808577753,3.504431416241125,3.502329160459636,50
0.006063378910129809,5.5146088504301725,5.510375705284423,50
0.0061539241673758144,2.504516171307053,2.5081587771501286,50
0.0062982632051294075,4.778278223040478,4.771991143555321,50
0.006613369960264714,5.407946450338728,5.402847847319978,50
0.006637514693004717,5.256704199535562,5.251006432942214,50
0.00710702017455307,1.4147414656468627,1.4217697121099708,50
0.007114558048229114,4.6721185284382285,4.665011953503473,50
0.007132294654010703,3.9984801168098185,3.993114605677083,50
0.007132625522059786,5.131549003543923,5.1250150128573715,50
0.00742668320679888,1.9050681478939575,1.912066536556846,50
0.0074777764810465466,0.9641834767019658,0.9703532806860641,50
0.007511291093289251,5.737079272835235,5.733153010093718,50
0.007527346002823098,0.771304214637661,0.7765797082532453,50
0.007582657739818318,1.5989495603800385,1.6065273782147849,50
0.007615269901281838,3.343662867995731,3.3421458191171465,50
0.007815051149551907,2.0618027026820624,2.0686690102580823,50
0.007953236939861365,6.220690329319241,6.220189641174343,50
0.008088707134286536,5.117116013980326,5.10965724448568,50
0.00841004574597976,1.9616114010440155,1.9693622547947638,50
0.008609641917592408,3.556935559661135,3.5534887108367426,50
0.008994615812152945,5.586042612764332,5.58022780149272,50
0.00915352776692246,1.5472308879425956,1.5563834649921355,50
0.009257467587982874,1.6264942083606226,1.6357321649950687,50
0.009388457873007912,0.7207792827593595,0.7270192792149582,50
0.00941236436317681,3.367152280464759,3.3650663287428277,50
0.009420424193010615,5.507112841004416,5.500469486864827,50
0.00942148109489319,2.026317059850185,2.0347426298233273,50
0.00957607591850593,0.423635729902146,0.42760687440010164,50
0.009704191267538107,6.036035496400436,6.033638906277042,50
0.009867665608525238,1.2492593475452265,1.2586501747411725,50
0.009891190143902542,4.5623685750980405,4.552603384679073,50
0.009924856440598456,0.6419720558594779,0.647962331947047,50
0.01010536169291442,3.0759030208657197,3.0765597388551735,50
0.010344925730310548,6.129454476720539,6.127854040299209,50
0.010360291725638631,4.436532185678722,4.426592135264361,50
0.010438223785705521,0.6080451460185876,0.614059547545532,50
0.010920666145011365,5.919471253635685,5.91554622118012,50
0.011027563706824506,1.6962242256783473,1.7071494349451717,50
0.011055168744846364,4.87595067654734,4.865024036656601,50
0.011087466901504714,4.371283350029267,4.360873858413676,50
0.01142927224433619,0.8156892839113742,0.8240774723373222,50
0.011705172885438389,2.9541338530204815,2.956290455816704,50
0.011725942965147633,2.331079032094036,2.3395077233344486,50
0.011793268808548573,5.8402930859036735,5.835184662256892,50
0.011932800521367254,2.321036368178577,2.329694742319685,50
0.01204160206621354,1.0496245076460904,1.060129829416443,50
0.012077629265931103,0.6653196335486415,0.6728465894863743,50
0.012220854733840603,2.0580036201081198,2.0687404517914043,50
0.012349865121134559,5.289670707408996,5.279252492339287,50
0.012355731307573005,2.392451663226283,2.400790301718297,50
0.012372956265757984,5.054126359791545,5.042421148228364,50
0.012508954511690538,5.323563510439428,5.313245478079465,50
0.012512633290686304,2.1334977286421934,2.144010370514651,50
0.012596300697961225,2.1137348824920106,2.1244494144667887,50
0.012695070748935958,2.708887627547095,2.7141503009236487,50
0.012854426356914493,5.246385614779694,5.235248607379319,50
0.013227856883445304,2.762713123598372,2.7675463828985154,50
0.013274537454170067,1.6513826015455448,1.664598781142228,50
0.013570284159813692,5.918380966208875,5.913477438277042,50
0.013618494973321472,2.5037138969339607,2.511735588899507,50
0.013769301910790198,3.3008985600427674,3.298743596861561,50
0.014239955222499193,0.33989825511613386,0.3447102779259553,50
0.014386483705123776,0.32540544160145507,0.33006820968741135,50
0.014512313201657709,2.187779846179114,2.1995171218723812,50
0.014599772842518559,5.310685381649475,5.298522520985435,50
0.014787742223984992,3.896916049018153,3.886887175545688,50
0.014832924958483271,2.9859243769615817,2.9881908605900662,50
0.014974517080578764,0.46220936592687006,0.46897746412313884,50
0.015049704653660576,2.0061990225196005,2.0197572798579113,50
0.01509182644110762,6.098950114083089,6.096143745587147,50
0.015149369488751157,1.4781919878341465,1.4932958841202988,50
0.01515314523948453,3.3060112383554086,3.303567527832698,50
0.015455725621531179,5.3819986630851755,5.3697639265638735,50
0.015462467816278282,2.3155552423618038,2.3268054193275303,50
0.015608737286356488,5.735012432197602,5.726768728769815,50
0.015815305895320965,0.012047112647095355,0.012240698199096591,50
0.01583030319461453,3.991062245520082,3.9792985895554627,50
0.01587578793894344,1.891389454406111,1.9063796649426437,50
0.016031953012409644,5.904991826741231,5.898982730648611,50
0.01605957392741728,2.492865627958175,2.502445345024639,50
0.01615040828378768,6.2800522110074795,6.280000779675019,50
0.016312778728053534,4.9083646847545435,4.8923152449927425,50
0.016397769012695615,3.6755545813485164,3.667325411102765,50
0.01640039437253795,0.6890273128082238,0.6995875625449444,50
0.016408131525916955,5.13922739852311,5.124190969655252,50
0.01641072837791657,4.328736374140659,4.313613279624719,50
0.016491994385888935,3.595979470293891,3.5888468241681513,50
0.01651116401480646,6.1466247597179535,6.144339614479952,50
0.0165911552411373,5.513676727999047,5.501994472505434,50
0.016643081256148478,1.9493071941838678,1.9646758672240645,50
0.016753511133154188,3.4049578508833376,3.40066585608838,50
0.016769715997485692,0.5125912564152807,0.5209374341030716,50
0.016847118809155043,1.205222686828522,1.2210498747250846,50
0.01689185977031344,1.2522633933645582,1.2683887382063503,50
0.016936108144639174,3.682719829030431,3.67412114133667,50
0.01699434909100257,4.148639885764931,4.134405991370604,50
0.017046833248989368,2.6053595402076226,2.613942694311856,50
0.017110117258438747,1.2357795314034845,1.2520276758521942,50
0.017338953813630098,1.519921194074766,1.537250392783508,50
0.017509058024610672,2.4360221131987716,2.4472261377389173,50
0.01757438137163711,0.45046745817884476,0.4582418732549009,50
0.017724365430490125,4.917547163857654,4.90013425872459,50
0.01775387036412563,1.2988746936945983,1.3160556230395697,50
0.017845868629497434,1.1673149177701843,1.183841306349145,50
0.01791511113350513,5.368967416564398,5.354621705246509,50
0.01817254116191577,0.02400727068182075,0.024451573633798535,50
0.018195731563588377,1.7412019008228317,1.7590760713678617,50
0.018229060094674003,2.86827175006665,2.8731073959280913,50
0.018231678674149623,5.27980971427871,5.264284855732127,50
0.018268823348429986,4.434593119264782,4.417114926235464,50
0.018895969937510297,2.8924978384210016,2.897072380708521,50
0.01942896275347841,2.485555989624736,2.4972268037341028,50
0.019490939288532575,0.25269853466869,0.25766528616551637,50
0.01970547370033867,2.932887353519047,2.9368929471325997,50
0.019741913799847022,1.8755765086736365,1.8942943943535144,50
0.020037055979338508,3.569341733233622,3.5611789832611005,50
0.02020408163265306,0.0,0.0,50
0.02020408163265306,0.03173325912716963,0.03238750451986832,50
0.02020408163265306,0.06346651825433926,0.06477430870885614,50
0.02020408163265306,0.0951997773815089,0.09715971312188042,50
0.02020408163265306,0.12693303650867852,0.12954302008370294,50
0.02020408163265306,0.15866629563584814,0.16192353456948455,50
0.02020408163265306,0.1903995547630178,0.19430056508011556,50
0.02020408163265306,0.2221328138901874,0.22667342451061187,50
0.02020408163265306,0.25386607301735703,0.25904143100989246,50
0.02020408163265306,0.28559933214452665,0.29140390883028483,50
0.02020408163265306,0.3173325912716963,0.32376018916514443,50
0.02020408163265306,0.3490658503988659,0.3561096109730172,50
0.02020408163265306,0.3807991095260356,0.38845152178682385,50
0.02020408163265306,0.4125323686532052,0.42078527850659836,50
0.02020408163265306,0.4442656277803748,0.45311024817437384,50
0.02020408163265306,0.47599888690754444,0.48542580872987084,50
0.02020408163265306,0.5077321460347141,0.5177313497457121,50
0.02020408163265306,0.5394654051618837,0.5500262731409596,50
0.02020408163265306,0.5711986642890533,0.5823099938718433,50
0.02020408163265306,0.6029319234162229,0.6145819405986294,50
0.02020408163265306,0.6346651825433925,0.6468415563276558,50
0.02020408163265306,0.6663984416705622,0.6790882990276459,50
0.02020408163265306,0.6981317007977318,0.7113216422194913,50
0.02020408163265306,0.7298649599249014,0.7435410755387841,50
0.02020408163265306,0.7615982190520711,0.77574610527046,50
0.02020408163265306,0.7933314781792408,0.8079362548550014,50
0.02020408163265306,0.8250647373064104,0.8401110653657367,50
0.02020408163265306,0.85679799643358,0.8722700959568498,50
0.02020408163265306,0.8885312555607496,0.9044129242818065,50
0.02020408163265306,0.9202645146879193,0.9365391468819799,50
0.02020408163265306,0.9519977738150889,0.9686483795453413,50
0.02020408163265306,0.9837310329422585,1.0007402576351594,50
0.02020408163265306,1.0154642920694281,1.032814436388729,50
0.02020408163265306,1.0471975511965979,1.0648705911862213,50
0.02020408163265306,1.0789308103237674,1.096908417789821,50
0.02020408163265306,1.110664069450937,1.1289276325533841,50
0.02020408163265306,1.1423973285781066,1.160927972602907,50
0.02020408163265306,1.1741305877052763,1.1929091959881704,50
0.02020408163265306,1.2058638468324459,1.224871081805969,50
0.02020408163265306,1.2375971059596156,1.2568134302953948,50
0.02020408163265306,1.269330365086785,1.2887360629056925,50
0.02020408163265306,1.3010636242139548,1.3206388223372507,50
0.02020408163265306,1.3327968833411243,1.3525215725563315,50
0.02020408163265306,1.364530142468294,1.384384198784186,50
0.02020408163265306,1.3962634015954636,1.4162266074612269,50
0.02020408163265306,1.4279966607226333,1.4480487261869732,50
0.02020408163265306,1.4597299198498028,1.4798505036364906,50
0.02020408163265306,1.4914631789769726,1.5116319094540942,50
0.02020408163265306,1.5231964381041423,1.543392934125078,50
0.02020408163265306,1.5549296972313118,1.5751335888262679,50
0.02020408163265306,1.5866629563584815,1.6068539052561965,50
0.02020408163265306,1.618396215485651,1.6385539354457088,50
0.02020408163265306,1.6501294746128208,1.6702337515498153,50
0.02020408163265306,1.6818627337399903,1.7018934456216053,50
0.02020408163265306,1.71359599286716,1.7335331293690406,50
0.02020408163265306,1.7453292519943295,1.7651529338954361,50
0.02020408163265306,1.7770625111214993,1.7967530094244364,50
0.02020408163265306,1.8087957702486688,1.8283335250102792,50
0.02020408163265306,1.8405290293758385,1.85989466823414,50
0.02020408163265306,1.872262288503008,1.8914366448873157,50
0.02020408163265306,1.9039955476301778,1.92295967864202,50
0.02020408163265306,1.9357288067573473,1.9544640107105136,50
0.02020408163265306,1.967462065884517,1.9859498994933047,50
0.02020408163265306,1.9991953250116865,2.0174176202171106,50
0.02020408163265306,2.0309285841388562,2.0488674645632643,50
0.02020408163265306,2.0626618432660258,2.0802997402872245,50
0.02020408163265306,2.0943951023931957,2.1117147708298205,50
0.02020408163265306,2.126128361520365,2.1431128949208413,50
0.02020408163265306,2.1578616206475347,2.174494466175562,50
0.02020408163265306,2.1895948797747042,2.2058598526847533,50
0.02020408163265306,2.221328138901874,2.237209436598724,50
0.02020408163265306,2.2530613980290437,2.2685436137058925,50
0.02020408163265306,2.284794657156213,2.2998627930063793,50
0.02020408163265306,2.3165279162833827,2.33116739628107,50
0.02020408163265306,2.3482611754105527,2.362457857656584,50
0.02020408163265306,2.379994434537722,2.393734623166548,50
0.02020408163265306,2.4117276936648917,2.424998150309563,50
0.02020408163265306,2.443460952792061,2.45624890760421,50
0.02020408163265306,2.475194211919231,2.487487374141428,50
0.02020408163265306,2.5069274710464007,2.5187140391345646,50
0.02020408163265306,2.53866073017357,2.549929401467397,50
0.02020408163265306,2.57039398930074,2.581133969240358,50
0.02020408163265306,2.6021272484279097,2.6123282593152237,50
0.02020408163265306,2.633860507555079,2.64351279685847,50
0.02020408163265306,2.6655937666822487,2.674688114883496,50
0.02020408163265306,2.6973270258094186,2.7058547537918822,50
0.02020408163265306,2.729060284936588,2.737013260913854,50
0.02020408163265306,2.7607935440637577,2.7681641900480756,50
0.02020408163265306,2.792526803190927,2.799308101000901,50
0.02020408163265306,2.824260062318097,2.8304455591251925,50
0.02020408163265306,2.8559933214452666,2.861577134858792,50
0.02020408163265306,2.887726580572436,2.892703403262725,50
0.02020408163265306,2.9194598396996057,2.923824943559204,50
0.02020408163265306,2.9511930988267756,2.9549423386694795,50
0.02020408163265306,2.982926357953945,2.9860561747515892,50
0.02020408163265306,3.0146596170811146,3.017167040738033,50
0.02020408163265306,3.0463928762082846,3.0482755278734004,50
0.02020408163265306,3.078126135335454,3.0793822292519706,50
0.02020408163265306,3.1098593944626236,3.1104877393552988,50
0.02020408163265306,3.141592653589793,3.141592653589793,50
0.02029994381077955,4.380889793484684,4.361824512386604,50
0.020510255289814542,4.451633543531379,4.43192468495297,50
0.02060437588187742,1.293769947607476,1.313697091475444,50
0.020859065268426215,0.5635591359835935,0.57490129348795,50
0.021067659290465005,2.0123906759519037,2.0312640282247005,50
0.021231199326859018,4.160270344703848,4.142395700296833,50
0.021350068708808515,5.842781289719377,5.833500811590713,50
0.02140915563755871,3.2233941360560077,3.2216813373694078,50
0.021564668048222223,0.018110282959531526,0.018509409438935098,50
0.021596931715921266,2.060773504064068,2.0796343457912454,50
0.02184467389271433,4.812399180694221,4.79062132068297,50
0.022038233565558035,4.773833138297805,4.7518120281688585,50
0.022128296857910672,2.549845215740791,2.5619651564193475,50
0.02227819198798514,4.2571449241789985,4.237333653926711,50
0.02228462193596425,5.12400300497195,5.103400335345771,50
0.022291921261312686,0.05269402848437588,0.05389486708341295,50
0.02237899899665307,6.020548035196919,6.014609577677604,50
0.02244548943162984,4.230843341361713,4.211158823786652,50
0.022906938794556235,5.350043788071401,5.331386997308311,50
0.02309664462045902,1.5013276185416093,1.5243994078471357,50
0.02320625552531775,2.3245444528740467,2.3411979813677086,50
0.02331783288069223,5.426410725722254,5.408518252012774,50
0.023530927994030552,1.6120938350767016,1.6355754085704373,50
0.023680973408309842,1.1781997544616682,1.2002736950179191,50
0.02383479862762906,0.2552371024847764,0.26139673159405535,50
0.02388727683398318,6.092633968786479,6.088001097122083,50
0.024030528981532268,2.24809352294186,2.266538828386386,50
0.024211920347823265,3.8004470550908724,3.7859042096667315,50
0.02436392447715519,4.4148931664288815,4.3917708085262905,50
0.024568438101892763,1.7647649262202478,1.7887521123744088,50
0.02461615555948692,1.8019146646695336,1.8257351944308344,50
0.02496568464486577,1.0680689406628245,1.0902065732839556,50
0.025250619362907685,2.460965345121273,2.4765473701777854,50
0.025366828993135457,1.1774894909856193,1.201142856638189,50
0.025475005500093614,5.109927617709579,5.086211964855594,50
0.025686962387783868,1.6307938735457042,1.656386805481971,50
0.025919456172943767,0.6752993422522252,0.6918346879822358,50
0.026121345844236272,4.792882749755735,4.766800061353455,50
0.02642342049406247,0.08833583724002969,0.09072994488282846,50
0.0265367440363235,0.32925720094492933,0.3380582683541501,50
0.026671128311542978,0.00188929166183227,0.0019410619414232764,50
0.026751877013228124,4.1665786452769735,4.144032517973403,50
0.026753015484740215,1.2392637229117414,1.2647737769565441,50
0.026903173456205496,5.6356379799780285,5.61905556114414,50
0.027053466269291792,1.7514682316862662,1.7779433399425657,50
0.02707017807273739,4.127433538437981,4.1052019854568655,50
0.027070429949434687,2.0249872135843425,2.0490207059004586,50
0.02720938449518427,4.258735323756806,4.234573349456775,50
0.02738406817001761,3.572799665753587,3.561632528678545,50
0.027437359631586854,0.9527172798717551,0.9754339130531441,50
0.027601601390199584,4.116247043694498,4.093760716870549,50
0.028152634500498836,2.4344342496085,2.4523382543299923,50
0.02817799321073238,1.027573589731681,1.0520444486943827,50
0.028392604219907244,1.8467805665630321,1.8738790625843933,50
0.02840097117007102,2.5943042337207727,2.6087319138880662,50
0.028634075819554298,5.499221304088677,5.478588998383311,50
0.028749312682882996,3.544546270813172,3.5335637246892015,50
0.029015050696314888,4.184253566525049,4.159560519055711,50
0.02901667220987899,2.4436653767928673,2.461903835901849,50
0.0291615628052053,2.4591157440751488,2.4770985414519746,50
0.02937076026117935,5.997868964330948,5.9893628099985206,50
0.029432637986654613,3.288837388435313,3.2846414301018916,50
0.029484061596336462,5.3937082246859935,5.370379771286121,50
0.029548888762615404,3.7865048658069678,3.769154557327035,50
0.02964075426604988,3.8474566174692257,3.8286563806287037,50
0.029754585042916264,4.867283542790896,4.8377625006087674,50
0.029992387281404177,0.0839116170383534,0.0865028084124407,50
0.030246636372105673,2.3173739346756848,2.3391235096670604,50
0.030370090954301782,5.707106388950033,5.690132698063589,50
0.03046900482074489,0.5842762923924726,0.6015185541003722,50
0.030529568374575055,3.3386593328654106,3.3328556908607734,50
0.030677406806468684,3.507770083224412,3.4970925346604864,50
0.031242367920074694,1.228252853345093,1.2579790402109357,50
0.03131993006485325,3.498700569623376,3.4880648914846337,50
0.031330659390477696,3.531740729037937,3.520161206948514,50
0.031373930638097236,2.247797854233384,2.271774184390185,50
0.03140287578069942,1.4509263167839133,1.4822060445141918,50
0.03143515890766465,5.786327815146857,5.770919770566859,50
0.03167007441103672,0.3162721949922571,0.32642756191092204,50
0.03169913909279814,4.829007388494438,4.797422784603162,50
0.03183339667711902,1.6535839695817316,1.6852092388590767,50
0.03211645522026889,4.729023837379597,4.696911229004188,50
0.0323286777952097,1.1612835321846189,1.1913122141681287,50
0.0325391764793899,0.7873358317500384,0.810924266444105,50
0.03261276257569019,1.5662290012727786,1.5988289506765587,50
0.032793157113182765,5.994175796746407,5.984526791580019,50
0.033619181285495174,3.560544680616493,3.5472769511527047,50
0.03376147141015983,1.7923616352008922,1.825037822054376,50
0.03410378991987754,4.821627920613594,4.787620595428496,50
0.0346793977171827,5.279644750740936,5.249854842315621,50
0.0347933425540245,3.554741812250165,3.5412050683498366,50
0.03487631173123716,5.876468824226554,5.8622168082097454,50
0.03494691104295516,2.9177567398955246,2.925258130536792,50
0.03494828524033976,1.9279743154301712,1.9603048276867083,50
0.0352871130501384,2.5528638755254907,2.571896893321989,50
0.0354508550553439,5.373278037449258,5.344680710915234,50
0.0354835287955225,3.204983757181708,3.202812806792611,50
0.03595642242049615,2.07911731571199,2.1099726674803345,50
0.035976391356163095,2.733140864087578,2.7469722675929047,50
0.03599375518796097,1.114721711338954,1.1475392330659144,50
0.03600981088915486,5.82548386532068,5.809042655464044,50
0.036601337721798896,3.8401223396579325,3.8172319974051843,50
0.03680027113654656,4.99743281706421,4.961770957235524,50
0.03707932401115092,4.6972224720248414,4.660193645132011,50
0.03731291394599956,1.6685788423602144,1.7055534769515373,50
0.03742622927750178,3.453557447870859,3.4424660182414852,50
0.03748828260468882,3.7613042855294156,3.7401805219456348,50
0.037550425645618446,2.0641049579983486,2.0965834166339317,50
0.03784689506198324,2.399013015547878,2.4239028775107982,50
0.03788045492532271,3.1292576248068573,3.1297078172169686,50
0.03802994743190124,4.749702565761365,4.711672628087199,50
0.03843538623520121,1.3990160795643634,1.437108510124305,50
0.03845571384396875,2.664739638021395,2.6818046731587066,50
0.03847966492778853,2.279677550784234,2.3081618304185243,50
0.038531816579022944,4.434803259691563,4.3981581763531485,50
0.03854941878992307,2.4382951873536927,2.462507364397158,50
0.03856887708128641,0.18676577247147622,0.194209205810286,50
0.038614700931267225,3.462317821163329,3.450575484684583,50
0.0386466309500172,2.2742093487200488,2.302952200218801,50
0.038802138503270626,3.344711377687735,3.3371708143200984,50
0.03898949467844589,5.58254660301999,5.5566464071763155,50
0.03918632941548264,3.1075388226026273,3.108822725962279,50
0.03931350957557336,2.7818980697249724,2.7952436644445107,50
0.03952881500743406,5.717440778052937,5.695525409481578,50
0.039606946518094294,2.973228240327685,2.9796156389969437,50
0.03961368316422243,2.609934880447815,2.6293508360882045,50
0.03962583971154146,2.65014626725644,2.6682116130676663,50
0.03964611078914005,3.122333563521505,3.1230679538165873,50
0.040036000236908474,3.915642087288138,3.888444358648059,50
0.0401100288579899,5.620252107597641,5.5947696252768155,50
0.04019388172117467,3.2615747692537767,3.2569484484096067,50
0.04034326808278042,2.6757336719861358,2.6932223769327295,50
0.04040816326530612,0.0,0.0,50
0.04040816326530612,0.03173325912716963,0.03306928464101306,50
0.04040816326530612,0.06346651825433926,0.06613704698903425,50
0.04040816326530612,0.0951997773815089,0.09920176711545464,50
0.04040816326530612,0.12693303650867852,0.13226192981342783,50
0.04040816326530612,0.15866629563584814,0.16531602694128414,50
0.04040816326530612,0.1903995547630178,0.19836255974509848,50
0.04040816326530612,0.2221328138901874,0.23140004115365298,50
0.04040816326530612,0.25386607301735703,0.26442699803919567,50
0.04040816326530612,0.28559933214452665,0.29744197343759327,50
0.04040816326530612,0.3173325912716963,0.3304435287217092,50
0.04040816326530612,0.3490658503988659,0.36343024572210386,50
0.04040816326530612,0.3807991095260356,0.3964007287894493,50
0.04040816326530612,0.4125323686532052,0.429353606793376,50
0.04040816326530612,0.4442656277803748,0.46228753505281733,50
0.04040816326530612,0.47599888690754444,0.4952011971932892,50
0.04040816326530612,0.5077321460347141,0.5280933069269299,50
0.04040816326530612,0.5394654051618837,0.5609626097515321,50
0.04040816326530612,0.5711986642890533,0.593807884565214,50
0.04040816326530612,0.6029319234162229,0.626627945193801,50
0.04040816326530612,0.6346651825433925,0.65942164182842,50
0.04040816326530612,0.6663984416705622,0.69218786237124,50
0.04040816326530612,0.6981317007977318,0.7249255336877217,50
0.04040816326530612,0.7298649599249014,0.7576336227641653,50
0.04040816326530612,0.7615982190520711,0.7903111377697625,50
0.04040816326530612,0.7933314781792408,0.8229571290227671,50
0.04040816326530612,0.8250647373064104,0.8555706898607951,50
0.04040816326530612,0.85679799643358,0.8881509574156408,50
0.04040816326530612,0.8885312555607496,0.9206971132933627,50
0.04040816326530612,0.9202645146879193,0.9532083841607352,50
0.04040816326530612,0.9519977738150889,0.9856840422394841,50
0.04040816326530612,0.9837310329422585,1.0181234057100297,50
0.04040816326530612,1.0154642920694281,1.0505258390267351,50
0.04040816326530612,1.0471975511965979,1.082890753146918,50
0.04040816326530612,1.0789308103237674,1.1152176056761105,50
0.04040816326530612,1.110664069450937,1.1475059009322677,50
0.04040816326530612,1.1423973285781066,1.1797551899317917,50
0.04040816326530612,1.1741305877052763,1.2119650703004212,50
0.04040816326530612,1.2058638468324459,1.2441351861121417,50
0.04040816326530612,1.2375971059596156,1.2762652276594122,50
0.04040816326530612,1.269330365086785,1.308354931158067,50
0.04040816326530612,1.3010636242139548,1.3404040783903373,50
0.04040816326530612,1.3327968833411243,1.3724124962894673,50
0.04040816326530612,1.364530142468294,1.4043800564694389,50
0.04040816326530612,1.3962634015954636,1.4363066747033109,50
0.04040816326530612,1.4279966607226333,1.468192310353682,50
0.04040816326530612,1.4597299198498028,1.5000369657587453,50
0.04040816326530612,1.4914631789769726,1.531840685577372,50
0.04040816326530612,1.5231964381041423,1.5636035560965913,50
0.04040816326530612,1.5549296972313118,1.5953257045047782,50
0.04040816326530612,1.5866629563584815,1.6270072981337684,50
0.04040816326530612,1.618396215485651,1.6586485436730307,50
0.04040816326530612,1.6501294746128208,1.6902496863589371,50
0.04040816326530612,1.6818627337399903,1.7218110091420444,50
0.04040816326530612,1.71359599286716,1.753332831835206,50
0.04040816326530612,1.7453292519943295,1.7848155102451997,50
0.04040816326530612,1.7770625111214993,1.816259435290441,50
0.04040816326530612,1.8087957702486688,1.8476650321072159,50
0.04040816326530612,1.8405290293758385,1.8790327591467486,50
0.04040816326530612,1.872262288503008,1.9103631072652751,50
0.04040816326530612,1.9039955476301778,1.941656598809175,50
0.04040816326530612,1.9357288067573473,1.972913786697065,50
0.04040816326530612,1.967462065884517,2.0041352535006456,50
0.04040816326530612,1.9991953250116865,2.035321610525943,50
0.04040816326530612,2.0309285841388562,2.066473496896473,50
0.04040816326530612,2.0626618432660258,2.0975915786397197,50
0.04040816326530612,2.0943951023931957,2.1286765477782024,50
0.04040816326530612,2.126128361520365,2.159729121426278,50
0.04040816326530612,2.1578616206475347,2.190750040893717,50
0.04040816326530612,2.1895948797747042,2.2217400707969674,50
0.04040816326530612,2.221328138901874,2.252699998178919,50
0.04040816326530612,2.2530613980290437,2.283630631637865,50
0.04040816326530612,2.284794657156213,2.314532800466277,50
0.04040816326530612,2.3165279162833827,2.3454073537998728,50
0.04040816326530612,2.3482611754105527,2.3762551597774126,50
0.04040816326530612,2.379994434537722,2.407077104711523,50
0.04040816326530612,2.4117276936648917,2.4378740922707993,50
0.04040816326530612,2.443460952792061,2.4686470426733336,50
0.04040816326530612,2.475194211919231,2.49939689189175,50
0.04040816326530612,2.5069274710464007,2.530124590869755,50
0.04040816326530612,2.53866073017357,2.5608311047501395,50
0.04040816326530612,2.57039398930074,2.5915174121141122,50
0.04040816326530612,2.6021272484279097,2.6221845042317726,50
0.04040816326530612,2.633860507555079,2.652833384323494,50
0.04040816326530612,2.6655937666822487,2.6834650668319115,50
0.04040816326530612,2.6973270258094186,2.7140805767041796,50
0.04040816326530612,2.729060284936588,2.7446809486841146,50
0.04040816326530612,2.7607935440637577,2.77526722661379,50
0.04040816326530612,2.792526803190927,2.8058404627441176,50
0.04040816326530612,2.824260062318097,2.8364017170539135,50
0.04040816326530612,2.8559933214452666,2.8669520565769147,50
0.04040816326530612,2.887726580572436,2.8974925547361816,50
0.04040816326530612,2.9194598396996057,2.928024290685298,50
0.04040816326530612,2.9511930988267756,2.9585483486557504,50
0.04040816326530612,2.982926357953945,2.9890658173098545,50
0.04040816326530612,3.0146596170811146,3.019577789098578,50
0.04040816326530612,3.0463928762082846,3.0500853596235835,50
0.04040816326530612,3.078126135335454,3.08058962700281,50
0.04040816326530612,3.1098593944626236,3.1110916912389044,50
0.04040816326530612,3.141592653589793,3.141592653589793,50
0.04050455231704878,3.5387150714822857,3.523615061531725,50
0.04094133133305417,4.0662635030642456,4.0343775117234735,50
0.041201933017510683,2.07625619562437,2.1115788636551733,50
0.0412993310444123,5.350618124861322,5.316631556693262,50
0.04131175551065374,2.4054421525368896,2.432346911906094,50
0.041357445454790004,5.745655014785263,5.723704713705093,50
0.041419643492779795,3.9183027024380173,3.890114302192133,50
0.04143644048576475,0.018699619648539556,0.019507906589945962,50
0.0414570343216055,1.2546092146048968,1.2944938121146545,50
0.04164073016691811,2.13833787330576,2.172661536151004,50
0.041659554917366885,0.7232766499906448,0.7517259862480509,50
0.04171732310428082,4.213657469038928,4.177761445136012,50
0.041747565258210356,3.6440601171226117,3.6246681663467077,50
0.04176044472529521,5.11158527894358,5.072503496284193,50
0.041787008133229116,2.0289712489641327,2.0657435560550255,50
0.0419520315403975,1.3604874374011873,1.4018421205831537,50
0.0420041974978132,4.246047559040752,4.209248825505233,50
0.042027648065490364,0.6725805555591932,0.6996440667792646,50
0.042051642612366893,1.9321844564984985,1.9709146464071663,50
0.042177797074522634,5.1591428606809755,5.12042782731856,50
0.042353536613407634,4.774258043015682,4.7319125781130404,50
0.04249222456802641,2.885420797894503,2.895761802571457,50
0.04281414596798773,2.693772051033691,2.7116189933584582,50
0.04285905319451408,1.8193163245264554,1.8603907173854477,50
0.04308386114762942,0.9634622155815968,0.9997092653065234,50
0.04330477525801465,4.117692720517059,4.082693503264242,50
0.04331486562160728,1.2518375770100658,1.2934977490986812,50
0.04337361083899311,2.8842126356565574,2.8948082473896926,50
0.04351167867068882,4.2849921788193095,4.24612519169513,50
0.04387429635347225,2.784790902829611,2.7995085851938484,50
0.04396358311033944,1.3180857974723588,1.3610861956144342,50
0.044113339840395324,1.4848465209469528,1.528921189469763,50
0.044275212856056075,5.175171559334185,5.13478777549866,50
0.0443452984715713,2.0869304162798565,2.124646352034827,50
0.04448001287156834,4.389723268899758,4.34816118400753,50
0.04448392057818495,2.047585841799597,2.0862890734187016,50
0.04462902045847868,4.727523468702654,4.682913833336664,50
0.044668598359129556,2.458571185264266,2.48580921913601,50
0.04473005400580779,3.338223893036142,3.329852666332275,50
0.044901503924019946,1.916931731741244,1.9585006201318031,50
0.04491393853532774,1.2007812622554148,1.2433081733793374,50
0.04494712548993478,5.4057649087339525,5.3701966996215535,50
0.04508355036759594,6.174887980869824,6.169786510477813,50
0.045140517366316496,5.126159064066656,5.08410133871319,50
0.04514506408799883,2.7243196774793046,2.741887723334165,50
0.0451479529199961,2.623076701341863,2.6446024344326173,50
0.04515921231168377,4.137746113885262,4.100773301330373,50
0.04531778327462274,0.7502696946911477,0.7822119431969291,50
0.045329400979189464,0.37929121597321463,0.3968100421888019,50
0.04536126918241832,5.35876010958564,5.321558260974255,50
0.04559410292251745,1.1494668096490606,1.1918258289019363,50
0.04607316122021371,3.7068317275504925,3.6830849133621193,50
0.04615040060015852,4.802362757129983,4.756256754901009,50
0.046327952953295067,6.1807878693307705,6.175823569508385,50
0.04638125704903244,4.047631229595655,4.012163622029424,50
0.04647622384809317,5.286432989613711,5.24642820463855,50
0.0465072938124411,0.711381523135652,0.7428381775871379,50
0.04654814622505372,0.5156608130243895,0.5395759584393769,50
0.046573776391573396,5.7363854886978345,5.711173971732158,50
0.046872726754037836,4.907565827183684,4.861211213014345,50
0.047045325581701686,3.8857174397523706,3.854932714420436,50
0.047125443260469975,6.058319854790022,6.047306766457299,50
0.04736397622652786,1.076669370602159,1.1192869821215772,50
0.04744860252222173,3.5779348681511047,3.5587120846440325,50
0.047601634549262056,5.374329842637925,5.335679106339984,50
0.04772186642639179,1.4157803552828487,1.4632263860150772,50
0.04782115429601171,3.402101183476623,3.3903286184530907,50
0.047825443915621414,4.743178714399834,4.6953602045088205,50
0.04799983203918174,1.494951997950398,1.542933198766509,50
0.04805361794223327,3.325766387859835,3.3173633932741744,50
0.048067532806179245,4.443745341515694,4.39803331929992,50
0.048772218397534005,1.5040025672010786,1.5527668588228534,50
0.04894178681291319,4.804249969990118,4.755353347953593,50
0.04932588899636413,5.0971626398637415,5.0506315914526905,50
0.04970287148653213,3.5353074483409532,3.5170801097508746,50
0.04977845899959835,2.315712971212716,2.351090839724858,50
0.04994475178805373,3.0380805761190257,3.0429969400909664,50
0.0499824209979471,3.466062923801218,3.4508506768458966,50
0.050325202174735434,0.11539516253512705,0.12149435996336626,50
0.050903594605587764,5.1671271502276594,5.120402182408382,50
0.05095249282300995,0.5879555401473762,0.6174550994100129,50
0.05118943501469791,6.109199954178335,6.099868541910144,50
0.05172979347522557,5.741811406671278,5.713928737346319,50
0.05193347447199586,1.1334441872264442,1.181491645384584,50
0.05216592177248963,0.49492465139899455,0.5208849121385069,50
0.05229705856133682,1.338382272839946,1.3898252882386082,50
0.05248691368576434,4.350561345293418,4.302423775872652,50
0.05259185240283897,5.9816388801708404,5.965195635095027,50
0.053048588384109516,2.0203936384495513,2.067043277195808,50
0.05320874538320953,5.15067944836902,5.101447167263715,50
0.05333648136038944,1.0300820698554505,1.0770481854995393,50
0.053516664973773456,5.199786334961436,5.151343232111056,50
0.053638915587606174,1.4600421144640967,1.5135932957043523,50
0.053799865719614696,0.569584781118715,0.5999607264837395,50
0.05396371020997274,4.713804840754829,4.659915407385996,50
0.05403186452782877,4.347643645676009,4.298180966626373,50
0.05463959089033344,0.2973073878212591,0.3141937415278324,50
0.054804662738581436,5.109003230714354,5.057428643102004,50
0.05492386891836604,2.135096455665654,2.180135479101428,50
0.05495215269456464,1.0881882054523633,1.1380753124326803,50
0.055283246174620305,0.10384619671527331,0.10991016094353907,50
0.05528903360348821,0.8985085947453845,0.9432638954286054,50
0.05529645363641041,0.9568974729291287,1.0035331013606161,50
0.05537095491747767,3.2180820016504814,3.214072250066961,50
0.05558456890199986,1.562922034639362,1.6184435199043308,50
0.05571271360876341,0.2818340744643617,0.29820261589101943,50
0.05621702434007218,2.426593156062281,2.461927394353961,50
0.05639899318948305,1.3962336810451514,1.4522367557142064,50
0.057244085947186,4.472926091362649,4.4181423051484305,50
0.057379074876496766,4.7340442209757105,4.676701680738847,50
0.0573795798031666,0.485918592580676,0.514136925350935,50
0.0575089070792097,2.3715515416795943,2.4099718915554993,50
0.05810217535260516,5.651294047593643,5.6153102666297015,50
0.05853722463524686,4.277346408229108,4.225608659959794,50
0.05872199422110867,1.0968246710785312,1.1504344050046011,50
0.05903370187999137,6.1112070723519,6.10048128317705,50
0.05920749759060579,0.017206504032783308,0.018289307812584275,50
0.05954087386387486,2.843251154707848,2.8598077227131165,50
0.0599746104119059,0.817257013374579,0.8628184294192898,50
0.059980111287738905,0.9347118558963151,0.9846810287310294,50
0.060080648781016086,2.2156133061202627,2.2619077342751877,50
0.06009102487425765,1.027095997109528,1.0800964778792546,50
0.06033554933991847,4.591808679961684,4.53244730042941,50
0.060439041019125804,5.258672587667123,5.2054320399361576,50
0.06061224489795918,0.0,0.0,50
0.06061224489795918,0.03173325912716963,0.03378037404807457,50
0.06061224489795918,0.06346651825433926,0.06755826198227459,50
0.06061224489795918,0.0951997773815089,0.10133118235221918,50
0.06061224489795918,0.12693303650867852,0.13509666301585863,50
0.06061224489795918,0.15866629563584814,0.16885224574714772,50
0.06061224489795918,0.1903995547630178,0.20259549078834,50
0.06061224489795918,0.2221328138901874,0.23632398132912366,50
0.06061224489795918,0.25386607301735703,0.270035327895393,50
0.06061224489795918,0.28559933214452665,0.30372717263114823,50
0.06061224489795918,0.3173325912716963,0.33739719345784014,50
0.06061224489795918,0.3490658503988659,0.37104310809640445,50
0.06061224489795918,0.3807991095260356,0.40466267793826305,50
0.06061224489795918,0.4125323686532052,0.43825371175268085,50
0.06061224489795918,0.4442656277803748,0.4718140692190575,50
0.06061224489795918,0.47599888690754444,0.5053416642739773,50
0.06061224489795918,0.5077321460347141,0.5388344682641317,50
0.06061224489795918,0.5394654051618837,0.5722905128975501,50
0.06061224489795918,0.5711986642890533,0.6057078929869097,50
0.06061224489795918,0.6029319234162229,0.6390847689800375,50
0.06061224489795918,0.6346651825433925,0.6724193692740397,50
0.06061224489795918,0.6663984416705622,0.7057099923108078,50
0.06061224489795918,0.6981317007977318,0.738955008452911,50
0.06061224489795918,0.7298649599249014,0.7721528616401157,50
0.06061224489795918,0.7615982190520711,0.8053020708279398,50
0.06061224489795918,0.7933314781792408,0.8384012312107544,50
0.06061224489795918,0.8250647373064104,0.8714490152329839,50
0.06061224489795918,0.85679799643358,0.904444173392912,50
0.06061224489795918,0.8885312555607496,0.9373855348444803,50
0.06061224489795918,0.9202645146879193,0.9702720078032607,50
0.06061224489795918,0.9519977738150889,1.0031025797634892,50
0.06061224489795918,0.9837310329422585,1.0358763175336698,50
0.06061224489795918,1.0154642920694281,1.0685923670987887,50
0.06061224489795918,1.0471975511965979,1.101249953317625,50
0.06061224489795918,1.0789308103237674,1.1338483794640053,50
0.06061224489795918,1.110664069450937,1.1663870266211336,50
0.06061224489795918,1.1423973285781066,1.1988653529383169,50
0.06061224489795918,1.1741305877052763,1.2312828927595492,50
0.06061224489795918,1.2058638468324459,1.2636392556334597,50
0.06061224489795918,1.2375971059596156,1.2959341252141274,50
0.06061224489795918,1.269330365086785,1.3281672580621935,50
0.06061224489795918,1.3010636242139548,1.3603384823555804,50
0.06061224489795918,1.3327968833411243,1.3924476965189454,50
0.06061224489795918,1.364530142468294,1.4244948677807874,50
0.06061224489795918,1.3962634015954636,1.456480030666857,50
0.06061224489795918,1.4279966607226333,1.4884032854382405,50
0.06061224489795918,1.4597299198498028,1.5202647964821527,50
0.06061224489795918,1.4914631789769726,1.552064790663148,50
0.06061224489795918,1.5231964381041423,1.5838035556420786,50
0.06061224489795918,1.5549296972313118,1.615481438169762,50
0.06061224489795918,1.5866629563584815,1.6470988423619268,50
0.06061224489795918,1.618396215485651,1.6786562279616097,50
0.06061224489795918,1.6501294746128208,1.7101541085947807,50
0.06061224489795918,1.6818627337399903,1.741593050024567,50
0.06061224489795918,1.71359599286716,1.772973668409062,50
0.06061224489795918,1.7453292519943295,1.8042966285672937,50
0.06061224489795918,1.7770625111214993,1.835562642257564,50
0.06061224489795918,1.8087957702486688,1.8667724664719765,50
0.06061224489795918,1.8405290293758385,1.8979269017506153,50
0.06061224489795918,1.872262288503008,1.9290267905184764,50
0.06061224489795918,1.9039955476301778,1.960073015447925,50
0.06061224489795918,1.9357288067573473,1.991066497849106,50
0.06061224489795918,1.967462065884517,2.0220081960904475,50
0.06061224489795918,1.9991953250116865,2.052899104051076,50
0.06061224489795918,2.0309285841388562,2.0837402496067017,50
0.06061224489795918,2.0626618432660258,2.114532693150253,50
0.06061224489795918,2.0943951023931957,2.1452775261482913,50
0.06061224489795918,2.126128361520365,2.1759758697340104,50
0.06061224489795918,2.1578616206475347,2.2066288733373947,50
0.06061224489795918,2.1895948797747042,2.23723771335291,50
0.06061224489795918,2.221328138901874,2.267803591844914,50
0.06061224489795918,2.2530613980290437,2.298327735290788,50
0.06061224489795918,2.284794657156213,2.3288113933616374,50
0.06061224489795918,2.3165279162833827,2.359255837740257,50
0.06061224489795918,2.3482611754105527,2.38966236097591,50
0.06061224489795918,2.379994434537722,2.420032275375354,50
0.06061224489795918,2.4117276936648917,2.450366911929436,50
0.06061224489795918,2.443460952792061,2.4806676192744472,50
0.06061224489795918,2.475194211919231,2.51093576268738,50
0.06061224489795918,2.5069274710464007,2.5411727231140837,50
0.06061224489795918,2.53866073017357,2.5713798962293044,50
0.06061224489795918,2.57039398930074,2.601558691527465,50
0.06061224489795918,2.6021272484279097,2.631710531443017,50
0.06061224489795918,2.633860507555079,2.6618368504991334,50
0.06061224489795918,2.6655937666822487,2.691939094483448,50
0.06061224489795918,2.6973270258094186,2.72201871964952,50
0.06061224489795918,2.729060284936588,2.752077191942658,50
0.06061224489795918,2.7607935440637577,2.7821159862487055,50
0.06061224489795918,2.792526803190927,2.812136585664351,50
0.06061224489795918,2.824260062318097,2.8421404807875166,50
0.06061224489795918,2.8559933214452666,2.8721291690263477,50
0.06061224489795918,2.887726580572436,2.902104153925305,50
0.06061224489795918,2.9194598396996057,2.9320669445068472,50
0.06061224489795918,2.9511930988267756,2.9620190546271834,50
0.06061224489795918,2.982926357953945,2.9919620023445517,50
0.06061224489795918,3.0146596170811146,3.02189730929848,50
0.06061224489795918,3.0463928762082846,3.051826500098479,50
0.06061224489795918,3.078126135335454,3.0817511017205867,50
0.06061224489795918,3.1098593944626236,3.1116726429102295,50
0.06061224489795918,3.141592653589793,3.141592653589793,50
0.060778628524117716,0.796815353626963,0.8421613144952501,50
0.060938104707734066,3.7062626950918025,3.675263646584085,50
0.061047609301169856,5.929302269200099,5.906867360051028,50
0.06114585258399429,3.943833365670851,3.901703752809216,50
0.06117026252591567,4.591161177045544,4.530994529609249,50
0.061237295816255886,1.7514200392800887,1.8109006315720146,50
0.06126192099301788,5.5664716450555,5.5243172863031695,50
0.06137969448425027,4.204730995968226,4.152716074300904,50
0.06161524268633311,4.860397127990245,4.799012912105761,50
0.06174629688889167,5.154145880893651,5.096908371293594,50
0.06202466368113682,1.8767631530392166,1.9347255388231663,50
0.06203516466354513,0.7659342460065501,0.8109041762248175,50
0.062143468650797194,3.9156003111145408,3.8740452685992457,50
0.06227769151686724,3.571182141388689,3.5466408063626296,50
0.06272212041451167,0.4834704454232602,0.5143265047077596,50
0.06275816999038036,1.2535925060964899,1.3142974881906186,50
0.06278186335810329,0.4998371993246977,0.5316657096205338,50
0.06281691591698585,5.397481231390084,5.346890544083231,50
0.0629001259836149,5.837733988950287,5.809013689797591,50
0.06300080999968177,2.681168020548719,2.7076564251256228,50
0.06342437455113135,3.711570124239206,3.679097222469909,50
0.06350066835958643,3.1140865801552984,3.115728770890806,50
0.0636372416572528,2.4361998863364818,2.4755214479371364,50
0.06365145735153357,5.23212055625205,5.175164149009288,50
0.06366313074720305,2.205470787781719,2.2548123380017078,50
0.06369106182021797,5.5949084692660405,5.5523974550952495,50
0.06392751333039659,4.050282375478962,4.001825667542256,50
0.06424647521601262,0.17082926715620214,0.1824885477764602,50
0.06458576174852344,2.1126463019049573,2.1661211421198776,50
0.06466815636828276,0.7848947890947793,0.8327346186962142,50
0.06509044873311014,3.124330208852295,3.1253851184042842,50
0.06521618565153543,2.5483532722472066,2.582921740983763,50
0.06570816245393192,4.707810861622837,4.6422641924548245,50
0.06583896826199634,3.3050952637654007,3.295032534830966,50
0.06592929717452503,1.5277492144309879,1.5936612782401207,50
0.06605741366277812,2.834014801573956,2.852825982992934,50
0.06612503689794669,2.766971268127765,2.78975924427997,50
0.06615317335085838,6.115231303265825,6.103402034715936,50
0.06618755799274784,4.761693533048297,4.695515397220232,50
0.06636313221255527,2.2134251685721806,2.264452674418932,50
0.06670473411777006,4.997471807753527,4.932374618815807,50
0.06684613969949815,4.873811475990085,4.807265973238744,50
0.06691067201277004,3.2179278234870017,3.2131443363722534,50
0.06692033207628936,5.406130140627342,5.352456317364315,50
0.0672420289708344,6.212155991893708,6.207040828966028,50
0.06750667631951415,1.3770608525130144,1.444025812994361,50
0.06772001338811295,3.2932903850887416,3.2836992796202034,50
0.06783725252846612,3.4381260440100805,3.419514370871219,50
0.067970316956383,3.255503918481017,3.248266974669193,50
0.068343057934832,4.817071135123764,4.748773309130925,50
0.06858536986098104,4.368711977047135,4.305720184365804,50
0.0686056712638483,2.0343919945514024,2.0938257688347117,50
0.0688139669516014,2.998161742397027,3.0073703999608665,50
0.06889480051259864,2.4421548496357484,2.4842506013892804,50
0.06911083101373085,4.907209076999848,4.838648377502052,50
0.06927369337355897,1.624691938139444,1.6934452506138942,50
0.06927957029906608,4.3433868028935025,4.280469595351519,50
0.06932722973858761,5.692364509589776,5.651422022952792,50
0.06938334768025056,0.13538690158630698,0.1454426600171672,50
0.06973955804413709,0.4724784981572745,0.5062982228682561,50
0.0699408599510675,1.6480060370111438,1.7171986907623977,50
0.06995517311549368,3.9978881034946716,3.9474220726208347,50
0.07046529740041144,5.937764985150185,5.912220257463126,50
0.07079132107202121,0.9550938197047915,1.0152385796452414,50
0.07100738711152434,5.4652646319532545,5.410886519094316,50
0.07104855810722042,2.4383818794209557,2.4819243290900825,50
0.07120961407124911,4.470403559548563,4.402584018035855,50
0.07122814029220526,0.39474858792548306,0.4240561707561666,50
0.07126198309068311,6.069947071805808,6.053739389062527,50
0.0715417866805917,4.088885472992496,4.033219203048021,50
0.07164939525097079,6.218402786861311,6.213407290274031,50
0.07166244137141133,3.5735213655332254,3.54536584438488,50
0.0716922025495109,1.020662252472807,1.0840273225869463,50
0.07176275023510373,3.978158342016596,3.927393961668498,50
0.07198885002689326,1.4063835330501375,1.4780630723395627,50
0.07207553498823759,0.14552636143872225,0.156780138231391,50
0.07264002050219687,4.2930869704629355,4.228777212930954,50
0.07264903969843907,3.5113876933060317,3.486803607478065,50
0.07273129419687804,0.21459325655982178,0.2312638440282194,50
0.07296000517853977,0.7577737420083658,0.8106504481402238,50
0.07320103462553791,4.537842025490767,4.4668367848387724,50
0.07321143537890001,2.6366323772027167,2.6698993139761704,50
0.07393184919395206,4.1500193962569325,4.089952691095784,50
0.07427594225414277,5.483703952584652,5.427630451039132,50
0.07442873883173988,3.1173689717366506,3.119046882859346,50
0.07498034334928827,4.308834653531695,4.241997844307155,50
0.07507364462467497,0.7645074710672102,0.8193647043515601,50
0.07522946022402031,4.491761936497981,4.419731195866005,50
0.07525028002946689,0.8586098881500434,0.9184064079694965,50
0.07538834490163193,5.285260609588963,5.219354470029896,50
0.07542736427773973,5.4273290186050875,5.367517404892024,50
0.0754572518702327,0.9375149973390857,1.001052979874907,50
0.07678338406072074,3.6152849773661244,3.582515787745363,50
0.07685694623255258,2.9917202866506503,3.0023848508000337,50
0.0771368883206423,2.1709818045775076,2.2318686000769365,50
0.07731438447993591,2.054150710340126,2.120091582248633,50
0.07742619885675585,3.11513692104387,3.1170379104283565,50
0.07765723734602756,0.07603543714759392,0.08242943263215793,50
0.07794857582612139,0.4631080513490468,0.5005137264996882,50
0.0780441142276372,5.312157503474571,5.244920587355592,50
0.07828434029807775,3.135367952107583,3.1358198682866876,50
0.07853237629372753,3.667507554295707,3.630615884555618,50
0.07853980889343475,0.8935812751222261,0.9578221734995361,50
0.07877510629083746,0.4736814152911266,0.5122953338016408,50
0.07925234126689826,2.110943023428328,2.17611392127362,50
0.0792539828952553,3.517159493088054,3.4900950050371167,50
0.07929448785546052,6.1865183545140665,6.178209642793077,50
0.07929535433354419,0.5165667975851381,0.5585928141744738,50
0.07947797989641674,1.859474301121861,1.9337737971204676,50
0.07950428917920209,2.854444974903982,2.875362275021539,50
0.07950543753396429,1.8999329989237812,1.9730911148474537,50
0.07952908102607865,3.316632425624892,3.303789540947423,50
0.07973949884520967,4.854491700814202,4.774907987164427,50
0.08002099877012481,5.509208319677123,5.4499858316485295,50
0.08005678744353173,4.915506398437883,4.83606105664431,50
0.08010182992162458,1.0921946453353935,1.1658170843603326,50
0.08081632653061224,0.0,0.0,50
0.08081632653061224,0.03173325912716963,0.03452270300438973,50
0.08081632653061224,0.06346651825433926,0.06904179032192395,50
0.08081632653061224,0.0951997773815089,0.10355365435472819,50
0.08081632653061224,0.12693303650867852,0.13805470364149994,50
0.08081632653061224,0.15866629563584814,0.17254137082273735,50
0.08081632653061224,0.1903995547630178,0.20701012048346226,50
0.08081632653061224,0.2221328138901874,0.2414574568345209,50
0.08081632653061224,0.25386607301735703,0.2758799311951484,50
0.08081632653061224,0.28559933214452665,0.31027414924143787,50
0.08081632653061224,0.3173325912716963,0.34463677798762865,50
0.08081632653061224,0.3490658503988659,0.3789645524696859,50
0.08081632653061224,0.3807991095260356,0.413254282103445,50
0.08081632653061224,0.4125323686532052,0.44750285669259604,50
0.08081632653061224,0.4442656277803748,0.48170725206494514,50
0.08081632653061224,0.47599888690754444,0.5158645353186578,50
0.08081632653061224,0.5077321460347141,0.5499718696635287,50
0.08081632653061224,0.5394654051618837,0.5840265188456781,50
0.08081632653061224,0.5711986642890533,0.6180258511474177,50
0.08081632653061224,0.6029319234162229,0.651967342957298,50
0.08081632653061224,0.6346651825433925,0.685848581908533,50
0.08081632653061224,0.6663984416705622,0.719667269587038,50
0.08081632653061224,0.6981317007977318,0.7534212238132021,50
0.08081632653061224,0.7298649599249014,0.7871083805042124,50
0.08081632653061224,0.7615982190520711,0.8207267951262319,50
0.08081632653061224,0.7933314781792408,0.8542746437479989,50
0.08081632653061224,0.8250647373064104,0.88775022370944,50
0.08081632653061224,0.85679799643358,0.9211519539206716,50
0.08081632653061224,0.8885312555607496,0.9544783748083009,50
0.08081632653061224,0.9202645146879193,0.9877281479272229,50
0.08081632653061224,0.9519977738150889,1.0209000552571579,50
0.08081632653061224,0.9837310329422585,1.0539929982039804,50
0.08081632653061224,1.0154642920694281,1.0870059963264733,50
0.08081632653061224,1.0471975511965979,1.1199381858095092,50
0.08081632653061224,1.0789308103237674,1.152788817704827,50
0.08081632653061224,1.110664069450937,1.185557255960556,50
0.08081632653061224,1.1423973285781066,1.2182429752604425,50
0.08081632653061224,1.1741305877052763,1.2508455586934104,50
0.08081632653061224,1.2058638468324459,1.2833646952735884,50
0.08081632653061224,1.2375971059596156,1.3158001773303651,50
0.08081632653061224,1.269330365086785,1.348151897787318,50
0.08081632653061224,1.3010636242139548,1.3804198473480982,50
0.08081632653061224,1.3327968833411243,1.4126041116064882,50
0.08081632653061224,1.364530142468294,1.4447048680969616,50
0.08081632653061224,1.3962634015954636,1.4767223833011118,50
0.08081632653061224,1.4279966607226333,1.5086570096243646,50
0.08081632653061224,1.4597299198498028,1.5405091823563843,50
0.08081632653061224,1.4914631789769726,1.5722794166276053,50
0.08081632653061224,1.5231964381041423,1.6039683043733193,50
0.08081632653061224,1.5549296972313118,1.6355765113157863,50
0.08081632653061224,1.5866629563584815,1.6671047739738734,50
0.08081632653061224,1.618396215485651,1.6985538967087943,50
0.08081632653061224,1.6501294746128208,1.7299247488136373,50
0.08081632653061224,1.6818627337399903,1.7612182616534846,50
0.08081632653061224,1.71359599286716,1.7924354258621253,50
0.08081632653061224,1.7453292519943295,1.823577288600562,50
0.08081632653061224,1.7770625111214993,1.85464495088178,50
0.08081632653061224,1.8087957702486688,1.8856395649655504,50
0.08081632653061224,1.8405290293758385,1.9165623318263842,50
0.08081632653061224,1.872262288503008,1.9474144986971456,50
0.08081632653061224,1.9039955476301778,1.9781973566902762,50
0.08081632653061224,1.9357288067573473,2.008912238498053,50
0.08081632653061224,1.967462065884517,2.039560516172829,50
0.08081632653061224,1.9991953250116865,2.070143598987772,50
0.08081632653061224,2.0309285841388562,2.100662931378206,50
0.08081632653061224,2.0626618432660258,2.131119990963317,50
0.08081632653061224,2.0943951023931957,2.161516286647649,50
0.08081632653061224,2.126128361520365,2.191853356801517,50
0.08081632653061224,2.1578616206475347,2.222132767519231,50
0.08081632653061224,2.1895948797747042,2.2523561109537606,50
0.08081632653061224,2.221328138901874,2.2825250037262927,50
0.08081632653061224,2.2530613980290437,2.3126410854089463,50
0.08081632653061224,2.284794657156213,2.342706017078763,50
0.08081632653061224,2.3165279162833827,2.372721479940947,50
0.08081632653061224,2.3482611754105527,2.4026891740192284,50
0.08081632653061224,2.379994434537722,2.432610816911128,50
0.08081632653061224,2.4117276936648917,2.462488142605816,50
0.08081632653061224,2.443460952792061,2.492322900362206,50
0.08081632653061224,2.475194211919231,2.522116853644865,50
0.08081632653061224,2.5069274710464007,2.551871779115287,50
0.08081632653061224,2.53866073017357,2.5815894656760556,50
0.08081632653061224,2.57039398930074,2.611271713565385,50
0.08081632653061224,2.6021272484279097,2.6409203334995373,50
0.08081632653061224,2.633860507555079,2.6705371458606035,50
0.08081632653061224,2.6655937666822487,2.7001239799271217,50
0.08081632653061224,2.6973270258094186,2.7296826731450374,50
0.08081632653061224,2.729060284936588,2.7592150704365057,50
0.08081632653061224,2.7607935440637577,2.788723023544045,50
0.08081632653061224,2.792526803190927,2.8182083904075803,50
0.08081632653061224,2.824260062318097,2.84767303457192,50
0.08081632653061224,2.8559933214452666,2.87711882462223,50
0.08081632653061224,2.887726580572436,2.906547633645099,50
0.08081632653061224,2.9194598396996057,2.935961338712783,50
0.08081632653061224,2.9511930988267756,2.9653618203882663,50
0.08081632653061224,2.982926357953945,2.9947509622487662,50
0.08081632653061224,3.0146596170811146,3.0241306504253416,50
0.08081632653061224,3.0463928762082846,3.0535027731562754,50
0.08081632653061224,3.078126135335454,3.0828692203519137,50
0.08081632653061224,3.1098593944626236,3.1122318831686546,50
0.08081632653061224,3.141592653589793,3.141592653589793,50
0.08087657769573274,0.6406907398267289,0.6923160135574808,50
0.08107686288172393,4.5975392346969395,4.517989546769721,50
0.08165873874372098,1.8274651895121545,1.9046161739581449,50
0.08170006170164497,0.8373057586528341,0.9013732989030346,50
0.08176376604204526,5.086361952342926,5.008148278400649,50
0.08233702638361547,5.719305656064211,5.672061650001475,50
0.08238699710148703,3.4272050434661665,3.4056982490372603,50
0.08252806977335965,3.044295223869464,3.0517036072700847,50
0.08262713097828397,3.327922556841742,3.3137665078126086,50
0.08275391358757406,2.163273878107138,2.2287523949805212,50
0.08288326834310751,1.6218798909850116,1.7040286228341437,50
0.08305107361929076,3.547588080639877,3.517127430813346,50
0.0833065101190769,0.7688579708445014,0.8303522587982203,50
0.08332342164205145,1.105248632477699,1.182364812670855,50
0.08337035600864483,0.19169745467814223,0.20899486444391469,50
0.08362199779273273,5.393759129453179,5.325361209890949,50
0.0838596782935567,2.338859333951624,2.3957648421832154,50
0.08387737645302529,4.325638382299154,4.250548510834438,50
0.08391927310275725,0.2892619635752711,0.3152842129792482,50
0.08403141583175873,0.4802805331285339,0.5221939670047406,50
0.08430979248876387,3.654180013596447,3.6156896252585162,50
0.08481204190953184,4.824163895694583,4.7393827516363585,50
0.08493679925025951,2.616413423578798,2.6560522689225325,50
0.084970202967453,4.076655862472248,4.011704547198393,50
0.08509771491923623,3.636446924487479,3.598875298111498,50
0.08514920215028725,0.9920024641254592,1.066554066682636,50
0.08562360416312371,0.4486734478127506,0.48888594216094483,50
0.08574677201935951,2.8295656917753607,2.8538958610804563,50
0.08584241518724552,4.84918823108296,4.763457730820236,50
0.08603070639567778,5.591188349851627,5.5325035867074055,50
0.08624395896509904,1.041319538888464,1.118906634926265,50
0.08648412053668651,6.124151959396013,6.109179004074215,50
0.08653325759255649,5.893031598110322,5.857280849217864,50
0.08654492898839596,4.150826345927622,4.080968176390856,50
0.08658527951941299,1.1822096133962403,1.264772042704838,50
0.08671424560575826,5.03720971718807,4.952993350247489,50
0.08674062539646706,0.12683522495473962,0.13883960529218659,50
0.08687275429743228,5.6264284963527995,5.569563676615783,50
0.087182324825589,4.088766213403295,4.021572524270838,50
0.08740631087594734,0.3177356244454876,0.34750184742168705,50
0.08743808272491685,2.968597866324077,2.9824539882052603,50
0.08761269341720773,2.6229038451124147,2.6632339588694314,50
0.08777455528307367,3.3918577665971252,3.371827104495107,50
0.08807444312065539,0.5454739295452962,0.5948278703120093,50
0.0881760589800624,5.5802119834027675,5.5192121483369,50
0.08827638074355466,0.36175382868639894,0.3957874530639779,50
0.08836419380673798,5.310190588741059,5.2335578184144165,50
0.0887594867863493,4.701231771665575,4.612911098073357,50
0.08897979776477234,3.9497857342525986,3.8892841153233415,50
0.0891569474804206,4.100498317289597,4.031236938177536,50
0.08945328094135718,3.0163830279862442,3.0266430200422096,50
0.08961600764585574,2.8720712536392248,2.894030835557929,50
0.08977539665508288,5.733695037839666,5.682989530773939,50
0.09022054483200329,1.6382893876136648,1.7274057937098009,50
0.09025052509106045,4.216964721616447,4.141048089014325,50
0.09041181835382366,4.753106089405573,4.662805388484245,50
0.09054401820916545,5.694046381439164,5.639722764067454,50
0.09090841597853366,2.2936526548691276,2.3578294293202653,50
0.09102290854875514,5.244254754253164,5.162289501872111,50
0.09143209660120193,1.0675509158767784,1.1510458523849163,50
0.09177925810676142,0.6629087322740711,0.7236800843586801,50
0.09197599501351121,2.6893573691695662,2.7264529246427527,50
0.0921296123748399,1.1021319638423062,1.187579092371741,50
0.09272706264150159,3.1636014311078857,3.1617339171700607,50
0.09305935048681455,3.172314688753703,3.169699434360596,50
0.09353544614586232,0.7881082812535046,0.858927960443982,50
0.09355067168446636,4.5578765764235625,4.467125558580061,50
0.09364336058908485,2.114662327209108,2.1908724963869757,50
0.0936444206107836,3.281367972396283,3.2694293576650515,50
0.0937008791354676,0.5446348158001816,0.5973361136996672,50
0.09380196489599024,0.11057134723829398,0.12198546659243324,50
0.09387526872974201,2.3773649316703023,2.438092014203994,50
0.09396412516251665,5.293106440645854,5.210563044235531,50
0.09396702489759652,0.02770172409849328,0.03057424760368499,50
0.09442654046853699,5.3299708560434755,5.248807014920136,50
0.09494079015369256,3.8119614443281784,3.7571419586758683,50
0.09554533126023008,4.832916122942114,4.737400675982953,50
0.09567337201474009,5.751976296256748,5.6992287796590695,50
0.09618771430970781,1.6681393940634144,1.7625638801386665,50
0.09619270739152959,2.182881787398495,2.2572845958604493,50
0.09635546380300022,3.731735817154225,3.682149954803235,50
0.09648915950579429,5.116828204577011,5.025015981211622,50
0.09652166345796746,6.178190672283327,6.167001644364612,50
0.09656702467767402,1.9928961708970718,2.07733708184384,50
0.09660926553680814,5.087562850280148,4.994780094813865,50
0.09693458111260245,2.1911288120580465,2.2655924312804205,50
0.0969688444037438,4.913960227963765,4.817526835326156,50
0.09705169307398295,1.3085581139035753,1.404267197658051,50
0.09753295481906439,3.9333355134729175,3.868517550286858,50
0.09755513610887423,4.533244938408841,4.439304837029529,50
0.09795075062588582,0.1747724931245678,0.19361938313603175,50
0.0987247053574284,4.013184930065476,3.9423145277448537,50
0.09880702752238114,4.623944350085669,4.5268334527345,50
0.09881169504432884,2.0223650288392,2.1072940807418017,50
0.09902130589793334,4.221689822663798,4.138530487564819,50
0.09926384082537804,1.8461472743470126,1.938766343768572,50
0.09962836725038937,4.15140898636361,4.071547584923993,50
0.09995020300270684,6.176164255302382,6.1643106753188714,50
0.09998429237159369,0.7221430327460431,0.793406517974452,50
0.1,0.2,0.22202005422499946,50
0.10027134763598307,0.07631887441032356,0.084812995868892,50
0.1010204081632653,0.0,0.0,50
0.1010204081632653,0.03173325912716963,0.035298374920483905,50
0.1010204081632653,0.06346651825433926,0.07059181052738653,50
0.1010204081632653,0.0951997773815089,0.10587538055868455,50
0.1010204081632653,0.12693303650867852,0.14114418477280571,50
0.1010204081632653,0.15866629563584814,0.1763933617532225,50
0.1010204081632653,0.1903995547630178,0.21161810146915003,50
0.1010204081632653,0.2221328138901874,0.2468136575157584,50
0.1010204081632653,0.25386607301735703,0.28197535896122294,50
0.1010204081632653,0.28559933214452665,0.31709862173267434,50
0.1010204081632653,0.3173325912716963,0.352178959478589,50
0.1010204081632653,0.3490658503988659,0.3872119938512631,50
0.1010204081632653,0.3807991095260356,0.42219346415963305,50
0.1010204081632653,0.4125323686532052,0.45711923634971807,50
0.1010204081632653,0.4442656277803748,0.49198531127724043,50
0.1010204081632653,0.47599888690754444,0.526787832244404,50
0.1010204081632653,0.5077321460347141,0.561523091780262,50
0.1010204081632653,0.5394654051618837,0.5961875376514605,50
0.1010204081632653,0.5711986642890533,0.6307777780973044,50
0.1010204081632653,0.6029319234162229,0.6652905862899566,50
0.1010204081632653,0.6346651825433925,0.6997229040270634,50
0.1010204081632653,0.6663984416705622,0.7340718446701323,50
0.1010204081632653,0.6981317007977318,0.7683346953475092,50
0.1010204081632653,0.7298649599249014,0.8025089184457664,50
0.1010204081632653,0.7615982190520711,0.8365921524176942,50
0.1010204081632653,0.7933314781792408,0.8705822119388593,50
0.1010204081632653,0.8250647373064104,0.9044770874478638,50
0.1010204081632653,0.85679799643358,0.9382749441079893,50
0.1010204081632653,0.8885312555607496,0.9719741202298869,50
0.1010204081632653,0.9202645146879193,1.0055731251963762,50
0.1010204081632653,0.9519977738150889,1.0390706369312834,50
0.1010204081632653,0.9837310329422585,1.072465498954628,50
0.1010204081632653,1.0154642920694281,1.1057567170663798,50
0.1010204081632653,1.0471975511965979,1.1389434557005187,50
0.1010204081632653,1.0789308103237674,1.1720250339902734,50
0.1010204081632653,1.110664069450937,1.2050009215842408,50
0.1010204081632653,1.1423973285781066,1.23787073425164,50
0.1010204081632653,1.1741305877052763,1.270634229313297,50
0.1010204081632653,1.2058638468324459,1.3032913009330944,50
0.1010204081632653,1.2375971059596156,1.335841975302643,50
0.1010204081632653,1.269330365086785,1.3682864057498327,50
0.1010204081632653,1.3010636242139548,1.4006248677997781,50
0.1010204081632653,1.3327968833411243,1.4328577542144683,50
0.1010204081632653,1.364530142468294,1.464985570035256,50
0.1010204081632653,1.3962634015954636,1.4970089276501248,50
0.1010204081632653,1.4279966607226333,1.528928541905561,50
0.1010204081632653,1.4597299198498028,1.5607452252807599,50
0.1010204081632653,1.4914631789769726,1.592459883139916,50
0.1010204081632653,1.5231964381041423,1.6240735090764107,50
0.1010204081632653,1.5549296972313118,1.6555871803609081,50
0.1010204081632653,1.5866629563584815,1.6870020535036407,50
0.1010204081632653,1.618396215485651,1.718319359939556,50
0.1010204081632653,1.6501294746128208,1.7495404018435017,50
0.1010204081632653,1.6818627337399903,1.7806665480812172,50
0.1010204081632653,1.71359599286716,1.8116992303006434,50
0.1010204081632653,1.7453292519943295,1.8426399391668586,50
0.1010204081632653,1.7770625111214993,1.8734902207429067,50
0.1010204081632653,1.8087957702486688,1.904251673017798,50
0.1010204081632653,1.8405290293758385,1.9349259425821088,50
0.1010204081632653,1.872262288503008,1.9655147214508137,50
0.1010204081632653,1.9039955476301778,1.9960197440323175,50
0.1010204081632653,1.9357288067573473,2.0264427842420205,50
0.1010204081632653,1.967462065884517,2.056785652758252,50
0.1010204081632653,1.9991953250116865,2.0870501944179223,50
0.1010204081632653,2.0309285841388562,2.1172382857488734,50
0.1010204081632653,2.0626618432660258,2.147351832635557,50
0.1010204081632653,2.0943951023931957,2.177392768114418,50
0.1010204081632653,2.126128361520365,2.2073630502951076,50
0.1010204081632653,2.1578616206475347,2.237264660403498,50
0.1010204081632653,2.1895948797747042,2.2670996009423017,50
0.1010204081632653,2.221328138901874,2.296869893965033,50
0.1010204081632653,2.2530613980290437,2.326577579458933,50
0.1010204081632653,2.284794657156213,2.3562247138324857,50
0.1010204081632653,2.3165279162833827,2.385813368503092,50
0.1010204081632653,2.3482611754105527,2.415345628580509,50
0.1010204081632653,2.379994434537722,2.4448235916416565,50
0.1010204081632653,2.4117276936648917,2.4742493665924568,50
0.1010204081632653,2.443460952792061,2.503625072612401,50
0.1010204081632653,2.475194211919231,2.532952838177624,50
0.1010204081632653,2.5069274710464007,2.5622348001583206,50
0.1010204081632653,2.53866073017357,2.5914731029864306,50
0.1010204081632653,2.57039398930074,2.620669897889596,50
0.1010204081632653,2.6021272484279097,2.649827342187478,50
0.1010204081632653,2.633860507555079,2.6789475986466322,50
0.1010204081632653,2.6655937666822487,2.7080328348902007,50
0.1010204081632653,2.6973270258094186,2.7370852228588,50
0.1010204081632653,2.729060284936588,2.766106938319053,50
0.1010204081632653,2.7607935440637577,2.79510016041632,50
0.1010204081632653,2.792526803190927,2.824067071268251,50
0.1010204081632653,2.824260062318097,2.853009855595874,50
0.1010204081632653,2.8559933214452666,2.8819307003890158,50
0.1010204081632653,2.887726580572436,2.910831794602919,50
0.1010204081632653,2.9194598396996057,2.9397153288829863,50
0.1010204081632653,2.9511930988267756,2.968583495314658,50
0.1010204081632653,2.982926357953945,2.99743848719547,50
0.1010204081632653,3.0146596170811146,3.0262824988264176,50
0.1010204081632653,3.0463928762082846,3.055117725319761,50
0.1010204081632653,3.078126135335454,3.0839463624204844,50
0.1010204081632653,3.1098593944626236,3.1127706063386356,50
0.1010204081632653,3.141592653589793,3.141592653589793,50
0.10109745555630786,3.2912097565204066,3.2775110241266394,50
0.1011714820052092,0.1352138427459015,0.15036970238089176,50
0.10120425121562246,3.6885084016250134,3.640119398833295,50
0.10126303433498345,5.422074751928573,5.340116046037593,50
0.10160323308937827,0.5388214201226239,0.5958417266075211,50
0.10168312926563616,5.913106493725502,5.872511855918685,50
0.10171586365031779,4.670289177135284,4.569608358653299,50
0.10187654543491134,1.858118351023262,1.9526570201671705,50
0.10190988189646999,4.675302348938102,4.574361696442194,50
0.10201625576274981,5.402581351496175,5.318751927286884,50
0.10203509691456732,5.1070462689160685,5.009481148791721,50
0.10222773287476893,1.1781457244436246,1.27596237205788,50
0.10225141537940684,5.592007152603294,5.52143429030838,50
0.10228188664266273,6.075077534392465,6.051601903804648,50
0.10229508600251928,0.25744424357926954,0.286336440061153,50
0.10243136449537513,4.222268343675337,4.136365774493167,50
0.10245866341250305,0.17793774164533058,0.1981025658753274,50
0.10246395478276038,1.5048791499612424,1.6072749384691336,50
0.10269915299762938,5.583013734564936,5.511388903924676,50
0.10284980719722606,1.6286682042253893,1.730213866855672,50
0.10287546490526324,0.3017023693079936,0.3355811027919241,50
0.10291073889620656,4.848070524312103,4.7452152268113625,50
0.1029891094574365,0.670121816156986,0.7395304053861915,50
0.10310353780683162,4.2203762026600184,4.134040732602677,50
0.1031221376683491,2.813977079745189,2.844195253626698,50
0.10347000602640372,2.4127543822874964,2.4766008288213555,50
0.10351719979449889,0.890332975482115,0.9760768630820835,50
0.10361950695932433,2.4955732648833204,2.553093803368824,50
0.10377485274846647,6.133928460444451,6.116734727800812,50
0.10426898146668863,0.22481588486697718,0.2506812641380194,50
0.1044995972984041,4.552687395387344,4.451718078227189,50
0.10468480234098344,0.5368374068691752,0.5955629504900849,50
0.1054964930704974,3.2478295902436485,3.237705613856596,50
0.10571165300596225,3.67867673090473,3.629153724010325,50
0.10576042387574734,0.5091360560653984,0.565836565291867,50
0.10603122324114982,5.3016924638119844,5.208441363375301,50
0.10635376626538912,1.0853616361588256,1.1838523054862669,50
0.10681639395295313,2.4853596465205796,2.545341776011803,50
0.1068506844202839,1.0352591487068703,1.1319865856290392,50
0.10695923222301408,4.0323460627283865,3.954651631284144,50
0.10737543724757664,1.859363217129527,1.9587587071581445,50
0.10775490830584107,0.5261559727267013,0.5857231129617001,50
0.10794264262420394,4.900537525487003,4.792944927476699,50
0.10830701444204359,3.7803670595694783,3.721060446698583,50
0.10837017418543565,5.1737821548901435,5.072357657349507,50
0.10842338460122412,1.1480157347112063,1.2509399488900594,50
0.10853131995903996,3.585718261543333,3.543285056170889,50
0.10874379950438924,3.3536633146672172,3.3329781480021903,50
0.108869549447352,1.6606129852925526,1.767385543242984,50
0.10900180607054268,1.530411155131438,1.6391583576438324,50
0.10938287647795664,2.9342153497942256,2.954554990965559,50
0.10941745743244605,2.100547160908941,2.18967114949519,50
0.10947095336976696,5.839495069416022,5.787419108219577,50
0.10949314695013955,3.6007506272477365,3.556603051130743,50
0.10982795025990105,3.557013876311525,3.5167689038080656,50
0.10998605610818148,3.1646957952776757,3.1624067051275118,50
0.1101405963507335,3.781187715225268,3.7208925466030007,50
0.11026201464028994,4.599330573313728,4.491741750923898,50
0.11051470289603452,0.8695629867822297,0.9601021752040919,50
0.11097491668560247,3.818332459427824,3.7544948261769306,50
0.11132369493681121,2.5529549011729427,2.6094394290956053,50
0.11133183007035707,0.9643970203811449,1.0616051934432262,50
0.11146636778374455,0.5048036417345894,0.5644309126173973,50
0.1116283837062143,1.695434525995197,1.804040207481681,50
0.11173742849401266,3.9374370607879423,3.8635913594653912,50
0.11208033505655342,5.433562279629951,5.343041384268113,50
0.11235558838132159,3.939333330257804,3.8649634676691678,50
0.11238062959897825,3.8588639586787847,3.790913504704155,50
0.11240140978790675,4.875364433296787,4.763107561781101,50
0.11264444274903972,3.260741030230549,3.2486991348814978,50
0.11322565254359285,3.943629649460714,3.8683932303526145,50
0.11344476001377211,1.849788981167455,1.954964798051799,50
0.11364148849795913,0.05444061952739105,0.061415592114569796,50
0.11375413958545433,6.097915168306113,6.074329280022964,50
0.11379797783971092,4.903922469322906,4.790471219071628,50
0.11415928421626906,2.116509164392689,2.208249196405227,50
0.11465896503766261,0.7472585731251492,0.8320255878328184,50
0.11466353001071936,2.6655171283160946,2.713154195787748,50
0.11531809866109803,4.964519400468675,4.85029614706621,50
0.11545073265091443,5.353602696278205,5.254718120745832,50
0.11614439256395855,4.947647218253784,4.832337344524082,50
0.11621514450779596,5.591630008039875,5.510505237697553,50
0.11644114391802957,1.9908280135429024,2.091818668801447,50
0.11657986087429376,1.7256987696631951,1.8381373321888268,50
0.11686624497933013,5.303705633268686,5.2004862407715695,50
0.11705831057267106,5.3234069134235025,5.22117565530423,50
0.11717067866060547,4.066411630084061,3.9793378533302732,50
0.11719102980625996,3.6651079482128908,3.6119920154324667,50
0.11721688108437658,2.0419453175723934,2.1406401985911603,50
0.11728724934435393,1.7004721637127622,1.8142993613555052,50
0.11731753641782151,0.08324203273953189,0.09428719137755956,50
0.11744859970308512,1.4732567846746356,1.5906821628256238,50
0.11785134706816043,5.585630208833998,5.502707783414772,50
0.11793012031158603,2.150713633844502,2.242989017880356,50
0.11795736343430685,0.1551771901358094,0.17580842328777305,50
0.11798054153063009,3.125398971745473,3.1271078383355024,50
0.1179927062791554,2.382455094348132,2.457062916284384,50
0.11810196590979802,1.3698388001503592,1.4875316012150164,50
0.118660224119027,4.277579440161788,4.175607697489231,50
0.11868053860941627,5.816436230195598,5.756810910500165,50
0.11873345038447401,2.1667145847043754,2.2584633575441155,50
0.11887911189063338,5.380338377813552,5.2801078621399835,50
0.11912009723041475,0.8337732364777755,0.9292056852993807,50
0.11931080148564151,2.304365332943933,2.386164838870979,50
0.11937845627892706,3.247549260162214,3.2362643715099786,50
0.11959937245304839,2.5179536367285564,2.5814932454824744,50
0.11968342546827805,2.7295818339311855,2.7727338409750497,50
0.11988295772887321,1.8611270665329642,1.9715130924473845,50
0.11994962048358492,4.8230805255010125,4.703136039838648,50
0.1202838217872789,6.165206995741229,6.149130639574803,50
0.120380267415993,1.4068182841026498,1.5270835581540358,50
0.12051852180370831,0.6713041682381923,0.7537876792838928,50
0.1211338063569964,3.8377597770817364,3.7668585950549898,50
0.12115878424970583,3.0899868458537623,3.095561906014155,50
0.12119912459802358,2.852844021860085,2.883749290055573,50
0.12120358788143545,1.131628704439594,1.2465151628005129,50
0.12122448979591836,0.0,0.0,50
0.12122448979591836,0.03173325912716963,0.03610968619013454,50
0.12122448979591836,0.06346651825433926,0.0722128817650484,50
0.12122448979591836,0.0951997773815089,0.10830311621259836,50
0.12122448979591836,0.12693303650867852,0.14437395907255163,50
0.12122448979591836,0.15866629563584814,0.18041903957925243,50
0.12122448979591836,0.1903995547630178,0.2164320658507874,50
0.12122448979591836,0.2221328138901874,0.2524068434840545,50
0.12122448979591836,0.25386607301735703,0.2883372934238675,50
0.12122448979591836,0.28559933214452665,0.32421746898473125,50
0.12122448979591836,0.3173325912716963,0.36004157191596103,50
0.12122448979591836,0.3490658503988659,0.3958039674141055,50
0.12122448979591836,0.3807991095260356,0.43149919800087977,50
0.12122448979591836,0.4125323686532052,0.46712199619970857,50
0.12122448979591836,0.4442656277803748,0.5026672959592177,50
0.12122448979591836,0.47599888690754444,0.5381302427872845,50
0.12122448979591836,0.5077321460347141,0.5735062025742976,50
0.12122448979591836,0.5394654051618837,0.6087907690988008,50
0.12122448979591836,0.5711986642890533,0.643979770222496,50
0.12122448979591836,0.6029319234162229,0.6790692727944407,50
0.12122448979591836,0.6346651825433925,0.7140555862960408,50
0.12122448979591836,0.6663984416705622,0.7489352652689873,50
0.12122448979591836,0.6981317007977318,0.7837051105775226,50
0.12122448979591836,0.7298649599249014,0.8183621695643009,50
0.12122448979591836,0.7615982190520711,0.852903735165608,50
0.12122448979591836,0.7933314781792408,0.8873273440568452,50
0.12122448979591836,0.8250647373064104,0.921630773902995,50
0.12122448979591836,0.85679799643358,0.955812039791343,50
0.12122448979591836,0.8885312555607496,0.989869389925109,50
0.12122448979591836,0.9202645146879193,1.0238013006569349,50
0.12122448979591836,0.9519977738150889,1.0576064709405069,50
0.12122448979591836,0.9837310329422585,1.0912838162770504,50
0.12122448979591836,1.0154642920694281,1.124832462231161,50
0.12122448979591836,1.0471975511965979,1.1582517375875332,50
0.12122448979591836,1.0789308103237674,1.1915411672167289,50
0.12122448979591836,1.110664069450937,1.224700464714316,50
0.12122448979591836,1.1423973285781066,1.2577295248735738,50
0.12122448979591836,1.1741305877052763,1.2906284160476515,50
0.12122448979591836,1.2058638468324459,1.323397372452594,50
0.12122448979591836,1.2375971059596156,1.3560367864581722,50
0.12122448979591836,1.269330365086785,1.3885472009089512,50
0.12122448979591836,1.3010636242139548,1.4209293015136546,50
0.12122448979591836,1.3327968833411243,1.4531839093365715,50
0.12122448979591836,1.364530142468294,1.485311973420662,50
0.12122448979591836,1.3962634015954636,1.5173145635680687,50
0.12122448979591836,1.4279966607226333,1.5491928633000458,50
0.12122448979591836,1.4597299198498028,1.5809481630148277,50
0.12122448979591836,1.4914631789769726,1.6125818533587313,50
0.12122448979591836,1.5231964381041423,1.6440954188227932,50
0.12122448979591836,1.5549296972313118,1.6754904315745056,50
0.12122448979591836,1.5866629563584815,1.7067685455317256,50
0.12122448979591836,1.618396215485651,1.7379314906835739,50
0.12122448979591836,1.6501294746128208,1.7689810676611293,50
0.12122448979591836,1.6818627337399903,1.7999191425589218,50
0.12122448979591836,1.71359599286716,1.8307476420066442,50
0.12122448979591836,1.7453292519943295,1.8614685484891125,50
0.12122448979591836,1.7770625111214993,1.8920838959113098,50
0.12122448979591836,1.8087957702486688,1.9225957654043013,50
0.12122448979591836,1.8405290293758385,1.9530062813669562,50
0.12122448979591836,1.872262288503008,1.983317607737661,50
0.12122448979591836,1.9039955476301778,2.0135319444896296,50
0.12122448979591836,1.9357288067573473,2.0436515243429176,50
0.12122448979591836,1.967462065884517,2.0736786096858935,50
0.12122448979591836,1.9991953250116865,2.103615489698622,50
0.12122448979591836,2.0309285841388562,2.1334644776704392,50
0.12122448979591836,2.0626618432660258,2.1632279085038517,50
0.12122448979591836,2.0943951023931957,2.1929081363968765,50
0.12122448979591836,2.126128361520365,2.222507532695884,50
0.12122448979591836,2.1578616206475347,2.252028483911111,50
0.12122448979591836,2.1895948797747042,2.2814733898870516,50
0.12122448979591836,2.221328138901874,2.3108446621200858,50
0.12122448979591836,2.2530613980290437,2.3401447222158436,50
0.12122448979591836,2.284794657156213,2.369376000478985,50
0.12122448979591836,2.3165279162833827,2.398540934628256,50
0.12122448979591836,2.3482611754105527,2.427641968629906,50
0.12122448979591836,2.379994434537722,2.4566815516427445,50
0.12122448979591836,2.4117276936648917,2.485662137068368,50
0.12122448979591836,2.443460952792061,2.51458618170029,50
0.12122448979591836,2.475194211919231,2.5434561449659565,50
0.12122448979591836,2.5069274710464007,2.572274488255841,50
0.12122448979591836,2.53866073017357,2.6010436743340617,50
0.12122448979591836,2.57039398930074,2.6297661668251693,50
0.12122448979591836,2.6021272484279097,2.658444429771972,50
0.12122448979591836,2.633860507555079,2.6870809272594944,50
0.12122448979591836,2.6655937666822487,2.7156781231003433,50
0.12122448979591836,2.6973270258094186,2.7442384805769744,50
0.12122448979591836,2.729060284936588,2.772764462236515,50
0.12122448979591836,2.7607935440637577,2.8012585297340085,50
0.12122448979591836,2.792526803190927,2.829723143720068,50
0.12122448979591836,2.824260062318097,2.8581607637691304,50
0.12122448979591836,2.8559933214452666,2.886573848344608,50
0.12122448979591836,2.887726580572436,2.9149648547973994,50
0.12122448979591836,2.9194598396996057,2.943336239394324,50
0.12122448979591836,2.9511930988267756,2.97169045737317,50
0.12122448979591836,2.982926357953945,3.0000299630211424,50
0.12122448979591836,3.0146596170811146,3.0283572097735907,50
0.12122448979591836,3.0463928762082846,3.0566746503299664,50
0.12122448979591836,3.078126135335454,3.084984736784041,50
0.12122448979591836,3.1098593944626236,3.113289920765466,50
0.12122448979591836,3.141592653589793,3.141592653589793,50
0.1214972798078859,0.8593341944695003,0.9587785558405726,50
0.12199467267822929,4.29801572471466,4.192160274139375,50
0.12207875213450184,4.580537072325673,4.46225742724782,50
0.12216348480254396,6.193773288129921,6.181354807567692,50
0.12243118818306678,5.185522624266424,5.070874475966973,50
0.12249630023971421,5.544198909850218,5.453860920490792,50
0.12254884830300397,5.035617171551613,4.915589682790024,50
0.12318049150443819,4.731623037055398,4.6090990560923215,50
0.12319560439526132,1.2626942405044446,1.3837408297520772,50
0.1233909750365492,4.789026071399683,4.665769161514972,50
0.12359124247481826,3.6969012586023595,3.6380347323726987,50
0.12415579315875883,5.273791522598091,5.161973363290328,50
0.12505893120591666,1.751832795039582,1.8712879709627617,50
0.12508746825431902,4.583562073612696,4.46236404358106,50
0.12515881391866526,2.0727966476256756,2.1757437753726436,50
0.12529690363084695,1.0877050605994085,1.2046987146791854,50
0.12529806224129506,0.0414597476679995,0.047396173142862354,50
0.1254327344423582,1.843274472871127,1.9593568700605395,50
0.1254355218692618,4.9608553251312,4.836382820979869,50
0.12568090692231296,0.4190256832211293,0.4766936003346512,50
0.12579768289757845,6.110345078714626,6.0856578538605905,50
0.1260011318647271,2.100566545330366,2.202269460524263,50
0.12636799523872466,5.327949064287275,5.217352809111043,50
0.1265543945354903,3.0238488810076793,3.037054553824429,50
0.1267411437195165,4.321106422998551,4.210024583846609,50
0.1267978845157579,2.787181734727643,2.8264794547510594,50
0.12685205842899216,2.3876600327382964,2.4668991830252436,50
0.12702787865347742,4.963812638383771,4.837782109298272,50
0.12775290394103603,1.7266664204454625,1.8494900569409358,50
0.1279608184407599,5.6729696083216306,5.59133535895503,50
0.12797885250471452,5.214360704346916,5.0956675416222845,50
0.12833356918123218,2.0944584412769847,2.198340835094037,50
0.12836589530294715,5.599895663923414,5.51026709288455,50
0.1286557728193079,4.086956167564611,3.9904008701526763,50
0.12869963230857417,0.061998449534917316,0.07114736630037923,50
0.12890214038712425,3.356672518146534,3.3322455609374013,50
0.12920089053724534,4.962255942924037,4.834009414568105,50
0.12939636724429854,2.350708565311765,2.4347438449544367,50
0.12940710407116382,4.704570970011323,4.576359300174794,50
0.12943373065290786,1.5309696522730705,1.6598900204644849,50
0.12949875560684307,6.008584200470646,5.9685023973402,50
0.12952804083831715,2.443226152217559,2.518782452305926,50
0.13001206182265743,2.9756390651892035,2.9946718908081578,50
0.13015979018785617,5.021961247019165,4.8939406707269875,50
0.13020789565380544,2.029295004137075,2.1390403705269003,50
0.13052286380414152,4.317372710727545,4.203395520892836,50
0.13055709802088541,3.793268736270644,3.7217077524132796,50
0.13098091114075858,2.0849456916681413,2.1914950327826714,50
0.13171369357902882,0.6196405132395404,0.7049949343296951,50
0.13172596501330436,0.5587991080799856,0.6371654485219342,50
0.1321299974859584,6.106234577018306,6.079508436609075,50
0.13282371938647555,4.275169957238307,4.161963994342458,50
0.13284173590562662,4.134225311865813,4.031043669328647,50
0.1330031303871874,2.8813757646234706,2.9116854691083525,50
0.1331461907799137,5.962209615247718,5.914186164280288,50
0.13355926275152505,4.338056425989752,4.220341635598771,50
0.13363922792603317,4.490080689747319,4.364449490196386,50
0.13394802393269598,1.1372059924541753,1.2649373068059522,50
0.13437564873052193,0.9727096981906147,1.0919731584177614,50
0.13445223277018517,0.9442337383644338,1.061630925325057,50
0.13472448405861862,6.260597363060286,6.257080853409413,50
0.1350275833776,4.776616683315481,4.641924186616371,50
0.1352317031329374,2.5700251998221693,2.635572058644235,50
0.13527256158050688,3.2674150554305297,3.2524498188019644,50
0.13533339896377639,4.479845407714911,4.35315101659391,50
0.13534660055541456,1.9006621963218568,2.022437848265247,50
0.1355528889156316,0.0402681973918316,0.04657996292132298,50
0.13560295283837195,3.015853070493006,3.03084068138287,50
0.13562094950376874,5.032310156689027,4.899044902111807,50
0.1358965037607964,5.204977004086316,5.078065706677267,50
0.13602771284785922,2.017156290138843,2.1322978416855762,50
0.13604265936962487,4.081224426399371,3.980060444736502,50
0.1360446032217248,5.588816891696628,5.4920704723922,50
0.1363322040580186,2.816554499329539,2.8550828079072836,50
0.1369088943143117,0.61149650961196,0.69966003698917,50
0.13693784788185479,4.72206312294338,4.586213865890693,50
0.13706843284628853,4.958988598908727,4.822754097289832,50
0.13713099249204086,5.286152369936826,5.16269119714353,50
0.13813573670537999,2.0003319217478177,2.118277513700003,50
0.13847305250391226,3.6838337672758126,3.6200761349557755,50
0.1385663164635669,5.038237912199679,4.902159192757347,50
0.138816399972426,6.2250326568190255,6.2156671486676585,50
0.1388189785396978,2.084848338432793,2.1973029136851863,50
0.13882417707452496,1.9258416457334053,2.0490873612317713,50
0.1391791133838388,1.5325335267895428,1.6710142924632438,50
0.13928457653267703,5.734172724462236,5.651978145182841,50
0.13983360219242244,5.3872299529679575,5.26846464102644,50
0.1399877873433558,4.620400110243444,4.484046010569161,50
0.14007113997292497,2.895701541388975,2.925706600175111,50
0.14020507529943602,3.5383038788744727,3.4903867271996316,50
0.14030078828508774,4.958404736757008,4.818899009593819,50
0.1405030415751126,5.722463359856569,5.6379688496611715,50
0.14069507995568456,2.7716451739569177,2.816572973100516,50
0.14119768961594248,2.626553697197389,2.6883781970552603,50
0.14138170041927745,1.9089185752665982,2.0353188454131015,50
0.14142857142857143,0.0,0.0,50
0.14142857142857143,0.03173325912716963,0.036959148813072086,50
0.14142857142857143,0.06346651825433926,0.07390998797096301,50
0.14142857142857143,0.0951997773815089,0.11084423780443592,50
0.14142857142857143,0.12693303650867852,0.14775367834158815,50
0.14142857142857143,0.15866629563584814,0.18463017847505658,50
0.14142857142857143,0.1903995547630178,0.2214657243251113,50
0.14142857142857143,0.2221328138901874,0.258252446552908,50
0.14142857142857143,0.25386607301735703,0.29498264639645216,50
0.14142857142857143,0.28559933214452665,0.3316488202236714,50
0.14142857142857143,0.3173325912716963,0.3682436824217973,50
0.14142857142857143,0.3490658503988659,0.4047601864693465,50
0.14142857142857143,0.3807991095260356,0.4411915440656637,50
0.14142857142857143,0.4125323686532052,0.47753124222252685,50
0.14142857142857143,0.4442656277803748,0.513773058252024,50
0.14142857142857143,0.47599888690754444,0.5499110726141183,50
0.14142857142857143,0.5077321460347141,0.5859396796154388,50
0.14142857142857143,0.5394654051618837,0.621853595977319,50
0.14142857142857143,0.5711986642890533,0.65764786731553,50
0.14142857142857143,0.6029319234162229,0.6933178725961506,50
0.14142857142857143,0.6346651825433925,0.7288593266513413,50
0.14142857142857143,0.6663984416705622,0.7642682808552707,50
0.14142857142857143,0.6981317007977318,0.7995411220740074,50
0.14142857142857143,0.7298649599249014,0.8346745700138536,50
0.14142857142857143,0.7615982190520711,0.8696656731004218,50
0.14142857142857143,0.7933314781792408,0.9045118030258966,50
0.14142857142857143,0.8250647373064104,0.9392106481045644,50
0.14142857142857143,0.85679799643358,0.9737602055770435,50
0.14142857142857143,0.8885312555607496,1.008158773001988,50
0.14142857142857143,0.9202645146879193,1.0424049388706056,50
0.14142857142857143,0.9519977738150889,1.0764975725744057,50
0.14142857142857143,0.9837310329422585,1.1104358138504566,50
0.14142857142857143,1.0154642920694281,1.1442190618213182,50
0.14142857142857143,1.0471975511965979,1.1778469637389883,50
0.14142857142857143,1.0789308103237674,1.211319403533876,50
0.14142857142857143,1.110664069450937,1.2446364902611935,50
0.14142857142857143,1.1423973285781066,1.2777985465284178,50
0.14142857142857143,1.1741305877052763,1.3108060969787803,50
0.14142857142857143,1.2058638468324459,1.343659856897205,50
0.14142857142857143,1.2375971059596156,1.3763607209968691,50
0.14142857142857143,1.269330365086785,1.408909752436661,50
0.14142857142857143,1.3010636242139548,1.441308172112349,50
0.14142857142857143,1.3327968833411243,1.4735573482572848,50
0.14142857142857143,1.364530142468294,1.5056587863819788,50
0.14142857142857143,1.3962634015954636,1.5376141195759239,50
0.14142857142857143,1.4279966607226333,1.5694250991896188,50
0.14142857142857143,1.4597299198498028,1.6010935859098243,50
0.14142857142857143,1.4914631789769726,1.6326215412367033,50
0.14142857142857143,1.5231964381041423,1.6640110193675859,50
0.14142857142857143,1.5549296972313118,1.6952641594886757,50
0.14142857142857143,1.5866629563584815,1.7263831784730221,50
0.14142857142857143,1.618396215485651,1.7573703639805092,50
0.14142857142857143,1.6501294746128208,1.788228067953423,50
0.14142857142857143,1.6818627337399903,1.8189587004993109,50
0.14142857142857143,1.71359599286716,1.84956472415133,50
0.14142857142857143,1.7453292519943295,1.8800486484950476,50
0.14142857142857143,1.7770625111214993,1.9104130251496778,50
0.14142857142857143,1.8087957702486688,1.9406604430909993,50
0.14142857142857143,1.8405290293758385,1.9707935243026582,50
0.14142857142857143,1.872262288503008,2.000814919742194,50
0.14142857142857143,1.9039955476301778,2.0307273056079302,50
0.14142857142857143,1.9357288067573473,2.0605333798927856,50
0.14142857142857143,1.967462065884517,2.090235859211125,50
0.14142857142857143,1.9991953250116865,2.1198374758848844,50
0.14142857142857143,2.0309285841388562,2.149340975275452,50
0.14142857142857143,2.0626618432660258,2.178749113348051,50
0.14142857142857143,2.0943951023931957,2.2080646544557383,50
0.14142857142857143,2.126128361520365,2.2372903693304833,50
0.14142857142857143,2.1578616206475347,2.266429033269255,50
0.14142857142857143,2.1895948797747042,2.29548342450344,50
0.14142857142857143,2.221328138901874,2.3244563227404105,50
0.14142857142857143,2.2530613980290437,2.353350507866507,50
0.14142857142857143,2.284794657156213,2.382168758801192,50
0.14142857142857143,2.3165279162833827,2.410913852492585,50
0.14142857142857143,2.3482611754105527,2.439588563045077,50
0.14142857142857143,2.379994434537722,2.468195660970176,50
0.14142857142857143,2.4117276936648917,2.4967379125521876,50
0.14142857142857143,2.443460952792061,2.5252180793207715,50
0.14142857142857143,2.475194211919231,2.553638917622846,50
0.14142857142857143,2.5069274710464007,2.5820031782867177,50
0.14142857142857143,2.53866073017357,2.6103136063717085,50
0.14142857142857143,2.57039398930074,2.6385729409969203,50
0.14142857142857143,2.6021272484279097,2.666783915243139,50
0.14142857142857143,2.633860507555079,2.694949256122226,50
0.14142857142857143,2.6655937666822487,2.723071684608641,50
0.14142857142857143,2.6973270258094186,2.751153915728066,50
0.14142857142857143,2.729060284936588,2.779198658698362,50
0.14142857142857143,2.7607935440637577,2.8072086171183677,50
0.14142857142857143,2.792526803190927,2.8351864892002774,50
0.14142857142857143,2.824260062318097,2.863134968041577,50
0.14142857142857143,2.8559933214452666,2.8910567419327156,50
0.14142857142857143,2.887726580572436,2.918954494696879,50
0.14142857142857143,2.9194598396996057,2.946830906058415,50
0.14142857142857143,2.9511930988267756,2.9746886520366016,50
0.14142857142857143,2.982926357953945,3.0025304053616044,50
0.14142857142857143,3.0146596170811146,3.0303588359095746,50
0.14142857142857143,3.0463928762082846,3.0581766111539674,50
0.14142857142857143,3.078126135335454,3.0859863966302283,50
0.14142857142857143,3.1098593944626236,3.1137908564110943,50
0.14142857142857143,3.141592653589793,3.141592653589793,50
0.14157742028374218,2.3189957975732436,2.413235981841164,50
0.14221578967682796,0.38703507224294054,0.44873155519219116,50
0.14247002624321892,2.6925937694281163,2.7473215395989175,50
0.14256050585430693,5.3091577225175195,5.182032274162665,50
0.1426482061559545,5.174918474546402,5.039850318796264,50
0.14281846785527263,2.8405576323575095,2.8777970764113405,50
0.14466050263286548,5.4852669445940085,5.37084989982463,50
0.1448162483324915,3.0568980381730286,3.0676031472323215,50
0.14488626197287244,0.8556834241008159,0.9756596650313888,50
0.14489549483093375,5.775441034886124,5.6950516798950295,50
0.14509777259510948,2.6554525308130548,2.715432657126941,50
0.14541914444932236,0.46332845191762717,0.5378218112923154,50
0.14547473767089344,4.2256094649134175,4.106065775403441,50
0.14553153480942094,5.164098876585846,5.025649813922675,50
0.14586802109195857,0.06254635020380259,0.07321680052812195,50
0.1459746224979001,2.384384106015754,2.4746787632267737,50
0.14610354248864268,5.893793189295993,5.829797908185745,50
0.14621467917466802,5.868768495722669,5.800961338734901,50
0.14627736173578462,6.097513453843366,6.065992216665781,50
0.14638814739357775,5.167707276974638,5.02857588476164,50
0.146494557073435,2.765224066264478,2.8125604561607562,50
0.14651461360434181,2.2163522467079937,2.3233045275524304,50
0.14705178251337675,0.6936637683679028,0.7990554412938664,50
0.14728661319338546,1.397715909225117,1.5449533417461148,50
0.1474225238668693,3.210459373708701,3.2016159066748378,50
0.14822788319039815,1.4969426279767957,1.644765189548081,50
0.14874462900651234,3.40440502357547,3.370633516552,50
0.14891661509425175,4.188306695424048,4.069149987401869,50
0.14918545890092094,0.8160194226461835,0.9361562568040069,50
0.14960866318366514,0.5338358597121581,0.6208696066031767,50
0.1496134435716129,2.236224729204872,2.3433658440920917,50
0.14968025432841567,0.2665579911912253,0.3125879999858076,50
0.14994548570455687,5.8461632943232535,5.77292989848923,50
0.15104097212967263,0.5248810961617301,0.6116063036055718,50
0.1510721544245843,0.922852540875261,1.0542114438931283,50
0.1513405678086542,3.0482516065973493,3.06050935700142,50
0.151831330606876,5.238486118415342,5.0977920757712605,50
0.1529398010306585,0.7889008878502423,0.9096109002779046,50
0.1532193352593706,5.3834405521439885,5.251991713590156,50
0.15339485215011103,3.9985497834654633,3.893748215314493,50
0.15407960119676176,0.5702182028158654,0.665335046185281,50
0.1541830867860234,1.3068167493934832,1.4600553854996732,50
0.15433938152806223,2.42446092948507,2.5149677412142903,50
0.15443828514503719,4.131210708109233,4.013026398386969,50
0.15450041753318658,3.5874172845381627,3.5290426051956922,50
0.15457134418474075,1.8477362653982168,1.9889874305517234,50
0.1547942457549077,2.6717902478438917,2.7332563991496883,50
0.1551281707195168,2.26805035907636,2.3755940533209556,50
0.15637793929368393,1.139693086903552,1.2899440702619323,50
0.15650563373108822,1.5617339401373733,1.716579432475775,50
0.1565649020743632,1.6998120551061964,1.8503010180533774,50
0.1567634521289729,4.277738673496186,4.145497079806453,50
0.1570913772439992,0.08172962222967034,0.0969331491999093,50
0.1571694581209681,0.7656721865367879,0.8875626569106606,50
0.15784204061982915,3.6541821611482823,3.58628206388432,50
0.15804988741985876,5.7598885941232325,5.668776727597907,50
0.15881103429923313,0.045447664128742,0.05402292878590653,50
0.1588184251850428,0.44187288313509687,0.5209123111799241,50
0.15913657839345013,5.492684238890641,5.3663839408148535,50
0.15916292428863094,2.3310216109016912,2.4344268656510546,50
0.15947351039378882,2.2222226036372743,2.337117921449967,50
0.15951131159436746,4.038192781208515,3.925562471391636,50
0.15980083662547387,5.423513122375916,5.289602155147761,50
0.16008037430382097,3.449971005674206,3.407850220680531,50
0.1602191333208456,6.089109444137739,6.052471782343436,50
0.1602474111449559,5.640405617808686,5.530908042520524,50
0.16068175234056462,2.773138118429967,2.8234064870224045,50
0.16079331477160025,1.148679026308346,1.303773962971647,50
0.1608465765551115,2.908284217487445,2.9404237445707193,50
0.1615542426310076,0.15854208241628545,0.18887445451000834,50
0.16163265306122448,0.0,0.0,50
0.16163265306122448,0.03173325912716963,0.03784951627110106,50
0.16163265306122448,0.06346651825433926,0.07568858821390771,50
0.16163265306122448,0.0951997773815089,0.11350681520083812,50
0.16163265306122448,0.12693303650867852,0.1512938835334135,50
0.16163265306122448,0.15866629563584814,0.18903960873599038,50
0.16163265306122448,0.1903995547630178,0.22673397647212237,50
0.16163265306122448,0.2221328138901874,0.2643671816694254,50
0.16163265306122448,0.25386607301735703,0.3019296654753976,50
0.16163265306122448,0.28559933214452665,0.3394121497099949,50
0.16163265306122448,0.3173325912716963,0.3768056685294836,50
0.16163265306122448,0.3490658503988659,0.4141015970686608,50
0.16163265306122448,0.3807991095260356,0.4512916768833698,50
0.16163265306122448,0.4125323686532052,0.4883680380707963,50
0.16163265306122448,0.4442656277803748,0.5253232179998175,50
0.16163265306122448,0.47599888690754444,0.5621501766363529,50
0.16163265306122448,0.5077321460347141,0.598842308498052,50
0.16163265306122448,0.5394654051618837,0.6353934513177816,50
0.16163265306122448,0.5711986642890533,0.6717978915354887,50
0.16163265306122448,0.6029319234162229,0.7080503667726027,50
0.16163265306122448,0.6346651825433925,0.744146065471887,50
0.16163265306122448,0.6663984416705622,0.780080623908474,50
0.16163265306122448,0.6981317007977318,0.8158501207947988,50
0.16163265306122448,0.7298649599249014,0.851451069713545,50
0.16163265306122448,0.7615982190520711,0.8868804096189004,50
0.16163265306122448,0.7933314781792408,0.9221354936478692,50
0.16163265306122448,0.8250647373064104,0.9572140764806505,50
0.16163265306122448,0.85679799643358,0.9921143004827347,50
0.16163265306122448,0.8885312555607496,1.0268346808520117,50
0.16163265306122448,0.9202645146879193,1.0613740899823954,50
0.16163265306122448,0.9519977738150889,1.0957317412418266,50
0.16163265306122448,0.9837310329422585,1.1299071723475362,50
0.16163265306122448,1.0154642920694281,1.1639002285056295,50
0.16163265306122448,1.0471975511965979,1.1977110454657907,50
0.16163265306122448,1.0789308103237674,1.2313400326255939,50
0.16163265306122448,1.110664069450937,1.2647878563028443,50
0.16163265306122448,1.1423973285781066,1.2980554232787966,50
0.16163265306122448,1.1741305877052763,1.3311438647002583,50
0.16163265306122448,1.2058638468324459,1.3640545204145549,50
0.16163265306122448,1.2375971059596156,1.3967889237983087,50
0.16163265306122448,1.269330365086785,1.429348787128952,50
0.16163265306122448,1.3010636242139548,1.46173598753696,50
0.16163265306122448,1.3327968833411243,1.4939525535668954,50
0.16163265306122448,1.364530142468294,1.5260006523665572,50
0.16163265306122448,1.3962634015954636,1.557882577515718,50
0.16163265306122448,1.4279966607226333,1.5896007374991334,50
0.16163265306122448,1.4597299198498028,1.62115764482261,50
0.16163265306122448,1.4914631789769726,1.6525559057658934,50
0.16163265306122448,1.5231964381041423,1.6837982107618927,50
0.16163265306122448,1.5549296972313118,1.7148873253882524,50
0.16163265306122448,1.5866629563584815,1.745826081954411,50
0.16163265306122448,1.618396215485651,1.776617371665012,50
0.16163265306122448,1.6501294746128208,1.807264137338784,50
0.16163265306122448,1.6818627337399903,1.837769366660696,50
0.16163265306122448,1.71359599286716,1.868136085944307,50
0.16163265306122448,1.7453292519943295,1.8983673543806732,50
0.16163265306122448,1.7770625111214993,1.928466258749921,50
0.16163265306122448,1.8087957702486688,1.9584359085715943,50
0.16163265306122448,1.8405290293758385,1.988279431670088,50
0.16163265306122448,1.872262288503008,2.0179999701318683,50
0.16163265306122448,1.9039955476301778,2.047600676631702,50
0.16163265306122448,1.9357288067573473,2.077084711105755,50
0.16163265306122448,1.967462065884517,2.106455237750154,50
0.16163265306122448,1.9991953250116865,2.1357154223243944,50
0.16163265306122448,2.0309285841388562,2.1648684297398186,50
0.16163265306122448,2.0626618432660258,2.1939174219142763,50
0.16163265306122448,2.0943951023931957,2.222865555874956,50
0.16163265306122448,2.126128361520365,2.2517159820922816,50
0.16163265306122448,2.1578616206475347,2.2804718430286797,50
0.16163265306122448,2.1895948797747042,2.3091362718868824,50
0.16163265306122448,2.221328138901874,2.337712391543325,50
0.16163265306122448,2.2530613980290437,2.3662033136530276,50
0.16163265306122448,2.284794657156213,2.3946121379131804,50
0.16163265306122448,2.3165279162833827,2.4229419514734367,50
0.16163265306122448,2.3482611754105527,2.4511958284816746,50
0.16163265306122448,2.379994434537722,2.4793768297547194,50
0.16163265306122448,2.4117276936648917,2.5074880025642083,50
0.16163265306122448,2.443460952792061,2.535532380528424,50
0.16163265306122448,2.475194211919231,2.5635129836015564,50
0.16163265306122448,2.5069274710464007,2.591432818152433,50
0.16163265306122448,2.53866073017357,2.6192948771253017,50
0.16163265306122448,2.57039398930074,2.6471021402757744,50
0.16163265306122448,2.6021272484279097,2.674857574475521,50
0.16163265306122448,2.633860507555079,2.702564134079753,50
0.16163265306122448,2.6655937666822487,2.7302247613519532,50
0.16163265306122448,2.6973270258094186,2.7578423869407103,50
0.16163265306122448,2.729060284936588,2.7854199304038527,50
0.16163265306122448,2.7607935440637577,2.8129603007754485,50
0.16163265306122448,2.792526803190927,2.8404663971714963,50
0.16163265306122448,2.824260062318097,2.867941109430459,50
0.16163265306122448,2.8559933214452666,2.8953873187850125,50
0.16163265306122448,2.887726580572436,2.9228078985616395,50
0.16163265306122448,2.9194598396996057,2.9502057149048864,50
0.16163265306122448,2.9511930988267756,2.977583627523308,50
0.16163265306122448,2.982926357953945,3.0049444904542795,50
0.16163265306122448,3.0146596170811146,3.0322911528450045,50
0.16163265306122448,3.0463928762082846,3.059626459747175,50
0.16163265306122448,3.078126135335454,3.0869532529228487,50
0.16163265306122448,3.1098593944626236,3.1142743716591874,50
0.16163265306122448,3.141592653589793,3.141592653589793,50
0.16180578670599227,5.853221204499425,5.774403368192555,50
0.16240052813915662,4.615231082708546,4.458054811628911,50
0.16252916731362993,1.2080011029856654,1.3671724486849752,50
0.16253917131483944,2.049770723944988,2.1828080460556056,50
0.16265454440627256,0.4565258686710622,0.5401771349838104,50
0.16275081299012895,5.8589414500332335,5.7805365071289305,50
0.16279242951788517,1.0745593991505944,1.2278733819486736,50
0.1628792050643394,5.793151886114333,5.704001398919496,50
0.1629688453808061,3.7219256771809217,3.6435189058904225,50
0.1630100725401862,3.3192964654070787,3.2944724772855527,50
0.16334375765168127,2.735951311730161,2.7919124547268033,50
0.16337284780591954,2.5522149642260574,2.6319227945325063,50
0.16367387544880901,2.888222912508666,2.923617845860021,50
0.163704065182304,0.023466000828047378,0.028058725577608464,50
0.16399539656769657,3.794224960968263,3.706440330917947,50
0.16406286584033175,2.4084668003462832,2.505879388308866,50
0.16433632258325892,4.429721880348625,4.280477045580455,50
0.16433738991922378,4.604859029955168,4.446304996765409,50
0.16466770581012902,4.888364624439366,4.7237074661517475,50
0.16467021611380786,5.075753928603611,4.914433372778166,50
0.164679891954135,6.253527124277279,6.247681607007789,50
0.16479357872850114,4.422016404859226,4.272884385214448,50
0.1650642967952442,2.0161375127615724,2.1539240277124967,50
0.16518223163870258,5.423144185292166,5.28424256646648,50
0.16547473352296474,0.8276156303416314,0.9635027237915352,50
0.16589450139906878,3.811604993109835,3.7208007517603905,50
0.16644381398970026,2.747796246363918,2.8030710636041625,50
0.16650056374905958,5.987471738598718,5.929859145139295,50
0.16666970136336184,3.481453302102835,3.4334906816839124,50
0.1667939242321181,3.1680124735643824,3.1642360203034956,50
0.16705956463146399,0.09960506987345583,0.11952542465234885,50
0.16725426653742984,4.40808530625901,4.25781594760508,50
0.16736465539431034,1.6348532541175504,1.7979196799445576,50
0.16744919046672221,5.564885356740852,5.439820054697549,50
0.1677676057278069,0.551461896529409,0.6534531582955888,50
0.16783014814705907,3.1791198201933146,3.173727544807942,50
0.1679088237336383,6.251250063822756,6.2448077079822895,50
0.1679637885945658,4.265594592579431,4.125716472126283,50
0.16814083166435853,4.300065362568014,4.157180840169996,50
0.16819417112018598,1.1976854548209446,1.3622348197041414,50
0.16841487146785108,0.09684384174145631,0.11640371664259473,50
0.1687648230008401,0.5362004416039559,0.6365134548472106,50
0.16885264117936546,4.3027884010120205,4.159126120190962,50
0.16890928191344776,4.436608807718765,4.28303088839929,50
0.16953472726529573,0.7358012624463457,0.8648127464062932,50
0.16966064686590546,5.56800129921587,5.441470683938279,50
0.16975533269901844,1.1477409865010397,1.311836127806258,50
0.17009638622727447,0.47450009464986126,0.5656683918930481,50
0.17025836264371336,4.3073873243438365,4.162250243000736,50
0.17030945532987096,1.543637212494454,1.7122457363780597,50
0.17057470878881786,0.8488363754081273,0.9915898843859984,50
0.17065954874257422,3.1929888855936492,3.1854983640026986,50
0.17115740650726585,3.564905460529521,3.504194536567095,50
0.17137017244088762,5.259321611121413,5.100710661916663,50
0.1713798806929085,3.771254517128233,3.6829434706504394,50
0.17166338843386073,1.4367162439599146,1.6082591846414342,50
0.1722846429357452,0.6958079766217062,0.8220090575143211,50
0.17284778508997836,0.3484800863753145,0.41876572375366306,50
0.17293591159004287,0.5827370091158899,0.6932500430138546,50
0.17373074156556698,0.7243190242099669,0.8554640828305591,50
0.17439425085471452,6.135293714203018,6.104255649499588,50
0.17459520000067202,4.961616127775064,4.78751337536621,50
0.17467316362078153,3.521574266672758,3.465912233188502,50
0.17470700149374468,1.0353599383391991,1.1980712897620787,50
0.17509132509292286,3.0602108593099397,3.0723286847614473,50
0.17517222975216468,6.1679377185237945,6.143558348879897,50
0.1753906370642804,2.6558221377616955,2.726545452362004,50
0.17559354997557264,2.9509572683679393,2.979325464518697,50
0.1758065156907453,5.593758727875338,5.465496013676555,50
0.1759258163206085,2.991845267049349,3.0141968952048104,50
0.17611207782502256,3.7532332453657973,3.665179088613923,50
0.17630911369645377,6.230601350698435,6.219355153155972,50
0.17638497242691328,3.5928950994571216,3.5266437574467804,50
0.17640188398613785,3.1922614961631197,3.1846656820385717,50
0.176833611065333,1.3998398742778186,1.5766704345175349,50
0.17718112058142108,2.382255124058261,2.489743387025104,50
0.17774808519435803,1.1330850493381004,1.3045712317728844,50
0.17821627079306282,2.543125524087622,2.6303239180949123,50
0.17841463791299045,1.8614871989794202,2.022043251240471,50
0.17876209338888469,5.189642282699918,5.019229705534329,50
0.1792796078498559,4.360433484907797,4.203841253590581,50
0.17939323882431474,2.8495746359512846,2.893607014803649,50
0.17967936053978426,3.8719611111370633,3.766800869697297,50
0.17979667916027808,1.2258959393058304,1.403172589213853,50
0.17986366825648942,2.6117842008036227,2.690238019011632,50
0.18019332927192555,2.279967810171002,2.4014843983542464,50
0.18019966204098117,4.085310868791852,3.954441173578407,50
0.18038594073086384,0.32685947450826425,0.3965277430422639,50
0.18040489098123147,0.8248729737723827,0.9741036372027319,50
0.18047710091466979,0.0748310929566366,0.09128265195013474,50
0.18058150571819193,6.160713303213871,6.133845409948942,50
0.1811921516454455,4.34647270526205,4.189492144637974,50
0.18145808267057273,5.227497349477112,5.056688666873228,50
0.1817952323554507,2.1118857763128847,2.2529933080570608,50
0.18183673469387754,0.0,0.0,50
0.18183673469387754,0.03173325912716963,0.03878381321576126,50
0.18183673469387754,0.06346651825433926,0.07755467434419085,50
0.18183673469387754,0.0951997773815089,0.11629969389696296,50
0.18183673469387754,0.12693303650867852,0.15500610679154256,50
0.18183673469387754,0.15866629563584814,0.1936613325931177,50
0.18183673469387754,0.1903995547630178,0.23225303345743137,50
0.18183673469387754,0.2221328138901874,0.27076916909589627,50
0.18183673469387754,0.25386607301735703,0.30919804815505747,50
0.18183673469387754,0.28559933214452665,0.34752837548546534,50
0.18183673469387754,0.3173325912716963,0.38574929486724213,50
0.18183673469387754,0.3490658503988659,0.42385042685775337,50
0.18183673469387754,0.3807991095260356,0.46182190152750047,50
0.18183673469387754,0.4125323686532052,0.4996543859504128,50
0.18183673469387754,0.4442656277803748,0.5373391064111918,50
0.18183673469387754,0.47599888690754444,0.5748678653826786,50
0.18183673469387754,0.5077321460347141,0.6122330534082726,50
0.18183673469387754,0.5394654051618837,0.6494276560966146,50
0.18183673469387754,0.5711986642890533,0.6864452564969976,50
0.18183673469387754,0.6029319234162229,0.7232800331736886,50
0.18183673469387754,0.6346651825433925,0.759926754335445,50
0.18183673469387754,0.6663984416705622,0.7963807684032894,50
0.18183673469387754,0.6981317007977318,0.8326379914156984,50
0.18183673469387754,0.7298649599249014,0.8686948916766942,50
0.18183673469387754,0.7615982190520711,0.9045484720499778,50
0.18183673469387754,0.7933314781792408,0.9401962502924361,50
0.18183673469387754,0.8250647373064104,0.975636237804357,50
0.18183673469387754,0.85679799643358,1.0108669171527396,50
0.18183673469387754,0.8885312555607496,1.0458872186994217,50
0.18183673469387754,0.9202645146879193,1.0806964966384724,50
0.18183673469387754,0.9519977738150889,1.1152945047184153,50
0.18183673469387754,0.9837310329422585,1.1496813718952839,50
0.18183673469387754,1.0154642920694281,1.1838575781329586,50
0.18183673469387754,1.0471975511965979,1.2178239305383856,50
0.18183673469387754,1.0789308103237674,1.2515815399915615,50
0.18183673469387754,1.110664069450937,1.285131798404018,50
0.18183673469387754,1.1423973285781066,1.3184763567151723,50
0.18183673469387754,1.1741305877052763,1.3516171037135556,50
0.18183673469387754,1.2058638468324459,1.3845561457496334,50
0.18183673469387754,1.2375971059596156,1.4172957873887542,50
0.18183673469387754,1.269330365086785,1.4498385130366682,50
0.18183673469387754,1.3010636242139548,1.4821869695559764,50
0.18183673469387754,1.3327968833411243,1.5143439498796984,50
0.18183673469387754,1.364530142468294,1.5463123776177878,50
0.18183673469387754,1.3962634015954636,1.5780952926436924,50
0.18183673469387754,1.4279966607226333,1.6096958376408683,50
0.18183673469387754,1.4597299198498028,1.641117245583305,50
0.18183673469387754,1.4914631789769726,1.6723628281195089,50
0.18183673469387754,1.5231964381041423,1.7034359648258406,50
0.18183673469387754,1.5549296972313118,1.7343400932925028,50
0.18183673469387754,1.5866629563584815,1.765078700003691,50
0.18183673469387754,1.618396215485651,1.7956553119723264,50
0.18183673469387754,1.6501294746128208,1.8260734890893087,50
0.18183673469387754,1.6818627337399903,1.8563368171472117,50
0.18183673469387754,1.71359599286716,1.8864489014987786,50
0.18183673469387754,1.7453292519943295,1.9164133613113001,50
0.18183673469387754,1.7770625111214993,1.9462338243789934,50
0.18183673469387754,1.8087957702486688,1.9759139224567004,50
0.18183673469387754,1.8405290293758385,2.005457287079628,50
0.18183673469387754,1.872262288503008,2.0348675458353194,50
0.18183673469387754,1.9039955476301778,2.0641483190556453,50
0.18183673469387754,1.9357288067573473,2.093303216898193,50
0.18183673469387754,1.967462065884517,2.122335836788088,50
0.18183673469387754,1.9991953250116865,2.151249761192913,50
0.18183673469387754,2.0309285841388562,2.1800485557049987,50
0.18183673469387754,2.0626618432660258,2.208735767406954,50
0.18183673469387754,2.0943951023931957,2.2373149234978422,50
0.18183673469387754,2.126128361520365,2.265789530158893,50
0.18183673469387754,2.1578616206475347,2.294163071639083,50
0.18183673469387754,2.1895948797747042,2.3224390095422653,50
0.18183673469387754,2.221328138901874,2.3506207822988605,50
0.18183673469387754,2.2530613980290437,2.3787118048063256,50
0.18183673469387754,2.284794657156213,2.4067154682238185,50
0.18183673469387754,2.3165279162833827,2.4346351399075425,50
0.18183673469387754,2.3482611754105527,2.4624741634743295,50
0.18183673469387754,2.379994434537722,2.4902358589819493,50
0.18183673469387754,2.4117276936648917,2.517923523215584,50
0.18183673469387754,2.443460952792061,2.5455404300707114,50
0.18183673469387754,2.475194211919231,2.5730898310234656,50
0.18183673469387754,2.5069274710464007,2.6005749556802513,50
0.18183673469387754,2.53866073017357,2.6279990123990866,50
0.18183673469387754,2.57039398930074,2.6553651889757623,50
0.18183673469387754,2.6021272484279097,2.6826766533885023,50
0.18183673469387754,2.633860507555079,2.709936554595341,50
0.18183673469387754,2.6655937666822487,2.7371480233789187,50
0.18183673469387754,2.6973270258094186,2.764314173233869,50
0.18183673469387754,2.729060284936588,2.7914381012923646,50
0.18183673469387754,2.7607935440637577,2.8185228892837935,50
0.18183673469387754,2.792526803190927,2.8455716045248596,50
0.18183673469387754,2.824260062318097,2.872587300936731,50
0.18183673469387754,2.8559933214452666,2.8995730200861374,50
0.18183673469387754,2.887726580572436,2.9265317922475873,50
0.18183673469387754,2.9194598396996057,2.9534666374840794,50
0.18183673469387754,2.9511930988267756,2.980380566743914,50
0.18183673469387754,2.982926357953945,3.007276582971373,50
0.18183673469387754,3.0146596170811146,3.034157682229212,50
0.18183673469387754,3.0463928762082846,3.061026854831012,50
0.18183673469387754,3.078126135335454,3.0878870864815973,50
0.18183673469387754,3.1098593944626236,3.114741359423781,50
0.18183673469387754,3.141592653589793,3.141592653589793,50
0.1818666231118967,3.5700062521694034,3.5053074764333894,50
0.18203080696928767,4.753023033176108,4.572763710395785,50
0.1820417235598322,1.2650803835564048,1.4456995599444653,50
0.18205685507706218,1.9640963769543744,2.1194338206509546,50
0.1822875383849228,3.626641672406739,3.553638317955341,50
0.18274553856144413,0.08631751141116871,0.10557506198711446,50
0.1827665467385519,5.232391900442345,5.060593763651972,50
0.18310544596478148,4.998703469009391,4.816591212981064,50
0.18319288978271517,2.6093377599609986,2.689384418993545,50
0.18347333807614624,1.8122039367930747,1.9804933088211467,50
0.18376697417316049,5.821333062626473,5.7238169464362905,50
0.1839726447940508,0.30581674494807515,0.3728290763842998,50
0.18399949156525822,5.921025850667672,5.842546952229868,50
0.1854773778385354,0.3924922320953234,0.4777756699296775,50
0.18553292175844116,1.1275523319237437,1.306650189682468,50
0.1856768228631049,4.044516303264538,3.914829351838972,50
0.18581259996352253,5.749859835401391,5.638143362478467,50
0.18583493385059846,0.6208925823504837,0.7471810747268934,50
0.18601487876690775,2.8905488599462985,2.9296744135424913,50
0.18634101310944126,0.21618515271723696,0.26498730873221904,50
0.1866767204584062,4.870187556606051,4.683588253274792,50
0.18727795016335794,4.885453814857355,4.698194730451851,50
0.187524317711614,1.1230727046766862,1.3039605495075242,50
0.18791031282549725,2.3958281210404926,2.507200341019998,50
0.18823100659904357,4.788865794889658,4.601784953601798,50
0.18828103125419354,5.958680794395127,5.885817416777832,50
0.18831137111092172,4.122195286788147,3.9819283356226913,50
0.18886663156054265,1.2026411717327627,1.3883739642362916,50
0.1890117669064486,0.21102439329246717,0.2595297400189963,50
0.18911507975464772,5.444546679760548,5.285665768484511,50
0.1891281888747275,4.239884962779027,4.086596697606338,50
0.18976230774583958,3.787811383860281,3.6890385649801374,50
0.1903106341024144,2.020138630479128,2.176584197384552,50
0.19045128831562144,5.181392335127297,4.998693547955831,50
0.19066198748212002,3.427298214651463,3.38191724789072,50
0.19074495457796017,3.472160523485669,3.419779538233192,50
0.1913157263643212,5.169849689302478,4.985631599897313,50
0.1915382124033396,4.403935430782876,4.233907862277625,50
0.19218664684178227,1.9868805927936632,2.1479379409909387,50
0.19244490921035382,1.0919467240621374,1.2760951360502295,50
0.19257104373461645,0.15087938963657668,0.1866061376253745,50
0.19302651459553952,1.2702595976472668,1.462147944583447,50
0.19304361165706463,0.7391638172009108,0.8890580348155329,50
0.19403820491389762,2.5714027050185817,2.6610917133397294,50
0.1942359791816179,0.7927632823366132,0.9508543042515251,50
0.19432598182179797,3.705999567689113,3.617048123210911,50
0.19446091602869955,0.7708881533464682,0.9263460731676892,50
0.19493969832163413,0.030955295595599328,0.03844860936568719,50
0.19517347331877474,4.705476499439135,4.514126420878779,50
0.1960994571467859,3.337729340288881,3.305693490876035,50
0.19629841718797447,2.6359261122732254,2.7168228582095506,50
0.19639509262388327,4.52868013425009,4.345365069690319,50
0.1967913775185152,3.8591414362374947,3.7471274215330483,50
0.19698925803388598,1.0382334803059807,1.2234590149207383,50
0.1972678774252552,3.2589973812286344,3.239679089694992,50
0.1972870342408236,1.3997265282724694,1.596946112804495,50
0.19732771880411643,4.263047680914927,4.101418220745234,50
0.1976865520651129,1.7524024651467416,1.9369823501902181,50
0.19775134113636741,2.037900093768573,2.1980123432493337,50
0.1979949144204605,0.6900689600353461,0.837123799423925,50
0.19821428163001187,1.427273254103204,1.6251943358055516,50
0.1984850236221878,2.9877658979741204,3.013183254881225,50
0.19877590418803237,0.34867710919800293,0.43188062547589545,50
0.19892579260914947,6.088451942026281,6.040683496915288,50
0.19904753936753283,4.758645868258234,4.561849494017031,50
0.19909704517511762,6.265654816724269,6.261297333864806,50
0.19952391608419273,5.028645878640888,4.830512336042159,50
0.1995709931431459,1.1036768144935105,1.2957462531328134,50
0.19965087712948593,5.411286838313967,5.238650532304433,50
0.19993892538495747,6.091845782867085,6.04459325786104,50
0.20047505735589083,3.832161316358346,3.722195170197372,50
0.2009992824186127,1.6849996336263071,1.8766694150779952,50
0.20109272916746856,0.9280608113023988,1.1080001186567525,50
0.2017408255148978,5.537416278857434,5.378844382271983,50
0.2020408163265306,0.0,0.0,50
0.2020408163265306,0.03173325912716963,0.039765369637537795,50
0.2020408163265306,0.06346651825433926,0.07951483717636038,50
0.2020408163265306,0.0951997773815089,0.1192325890296552,50
0.2020408163265306,0.12693303650867852,0.15890298733076083,50
0.2020408163265306,0.15866629563584814,0.19851065457158817,50
0.2020408163265306,0.1903995547630178,0.23804055447823164,50
0.2020408163265306,0.2221328138901874,0.27747806803627256,50
0.2020408163265306,0.25386607301735703,0.31680906371123013,50
0.2020408163265306,0.28559933214452665,0.3560199610641187,50
0.2020408163265306,0.3173325912716963,0.39509778713152494,50
0.2020408163265306,0.3490658503988659,0.43403022511710687,50
0.2020408163265306,0.3807991095260356,0.47280565512016026,50
0.2020408163265306,0.4125323686532052,0.5114131868005679,50
0.2020408163265306,0.4442656277803748,0.5498426840424967,50
0.2020408163265306,0.47599888690754444,0.5880847818270619,50
0.2020408163265306,0.5077321460347141,0.6261308956533926,50
0.2020408163265306,0.5394654051618837,0.6639732239558112,50
0.2020408163265306,0.5711986642890533,0.7016047440510179,50
0.2020408163265306,0.6029319234162229,0.7390192022131222,50
0.2020408163265306,0.6346651825433925,0.7762110985168493,50
0.2020408163265306,0.6663984416705622,0.8131756671117527,50
0.2020408163265306,0.6981317007977318,0.8499088525948171,50
0.2020408163265306,0.7298649599249014,0.8864072831378066,50
0.2020408163265306,0.7615982190520711,0.9226682410016964,50
0.2020408163265306,0.7933314781792408,0.9586896310361166,50
0.2020408163265306,0.8250647373064104,0.9944699477194974,50
0.2020408163265306,0.85679799643358,1.0300082412478897,50
0.2020408163265306,0.8885312555607496,1.0653040831293916,50
0.2020408163265306,0.9202645146879193,1.1003575316886016,50
0.2020408163265306,0.9519977738150889,1.1351690978331035,50
0.2020408163265306,0.9837310329422585,1.16973971138295,50
0.2020408163265306,1.0154642920694281,1.20407068821543,50
0.2020408163265306,1.0471975511965979,1.238163698431826,50
0.2020408163265306,1.0789308103237674,1.2720207357108728,50
0.2020408163265306,1.110664069450937,1.3056440879755313,50
0.2020408163265306,1.1423973285781066,1.3390363094656241,50
0.2020408163265306,1.1741305877052763,1.3722001942788227,50
0.2020408163265306,1.2058638468324459,1.4051387514163476,50
0.2020408163265306,1.2375971059596156,1.4378551813473384,50
0.2020408163265306,1.269330365086785,1.470352854086924,50
0.2020408163265306,1.3010636242139548,1.5026352887673216,50
0.2020408163265306,1.3327968833411243,1.534706134668478,50
0.2020408163265306,1.364530142468294,1.5665691536645794,50
0.2020408163265306,1.3962634015954636,1.5982282040348441,50
0.2020408163265306,1.4279966607226333,1.6296872255811499,50
0.2020408163265306,1.4597299198498028,1.6609502259908702,50
0.2020408163265306,1.4914631789769726,1.6920212683806606,50
0.2020408163265306,1.5231964381041423,1.722904459955495,50
0.2020408163265306,1.5549296972313118,1.7536039417168925,50
0.2020408163265306,1.5866629563584815,1.784123879154747,50
0.2020408163265306,1.618396215485651,1.814468453858331,50
0.2020408163265306,1.6501294746128208,1.8446418559837632,50
0.2020408163265306,1.6818627337399903,1.8746482775173345,50
0.2020408163265306,1.71359599286716,1.9044919062765435,50
0.2020408163265306,1.7453292519943295,1.9341769205933264,50
0.2020408163265306,1.7770625111214993,1.963707484626779,50
0.2020408163265306,1.8087957702486688,1.993087744255539,50
0.2020408163265306,1.8405290293758385,2.0223218235029115,50
0.2020408163265306,1.872262288503008,2.0514138214507085,50
0.2020408163265306,1.9039955476301778,2.0803678096006326,50
0.2020408163265306,1.9357288067573473,2.1091878296448026,50
0.2020408163265306,1.967462065884517,2.137877891609714,50
0.2020408163265306,1.9991953250116865,2.1664419723404937,50
0.2020408163265306,2.0309285841388562,2.1948840142947885,50
0.2020408163265306,2.0626618432660258,2.2232079246179457,50
0.2020408163265306,2.0943951023931957,2.251417574473376,50
0.2020408163265306,2.126128361520365,2.2795167986040523,50
0.2020408163265306,2.1578616206475347,2.307509395103078,50
0.2020408163265306,2.1895948797747042,2.3353991253730633,50
0.2020408163265306,2.221328138901874,2.36318971425578,50
0.2020408163265306,2.2530613980290437,2.3908848503151336,50
0.2020408163265306,2.284794657156213,2.4184881862579966,50
0.2020408163265306,2.3165279162833827,2.446003339478781,50
0.2020408163265306,2.3482611754105527,2.4734338927149273,50
0.2020408163265306,2.379994434537722,2.5007833948016347,50
0.2020408163265306,2.4117276936648917,2.5280553615152512,50
0.2020408163265306,2.443460952792061,2.555253276495714,50
0.2020408163265306,2.475194211919231,2.5823805922393728,50
0.2020408163265306,2.5069274710464007,2.6094407311543324,50
0.2020408163265306,2.53866073017357,2.636437086671245,50
0.2020408163265306,2.57039398930074,2.6633730244031733,50
0.2020408163265306,2.6021272484279097,2.6902518833487723,50
0.2020408163265306,2.633860507555079,2.7170769771336682,50
0.2020408163265306,2.6655937666822487,2.7438515952853844,50
0.2020408163265306,2.6973270258094186,2.770579004537701,50
0.2020408163265306,2.729060284936588,2.7972624501607486,50
0.2020408163265306,2.7607935440637577,2.823905157313543,50
0.2020408163265306,2.792526803190927,2.8505103324160252,50
0.2020408163265306,2.824260062318097,2.8770811645379997,50
0.2020408163265306,2.8559933214452666,2.903620826802651,50
0.2020408163265306,2.887726580572436,2.930132477802584,50
0.2020408163265306,2.9194598396996057,2.9566192630265618,50
0.2020408163265306,2.9511930988267756,2.983084316295319,50
0.2020408163265306,2.982926357953945,3.009530761205017,50
0.2020408163265306,3.0146596170811146,3.0359617125770506,50
0.2020408163265306,3.0463928762082846,3.0623802779130656,50
0.2020408163265306,3.078126135335454,3.0887895588541405,50
0.2020408163265306,3.1098593944626236,3.115192652643202,50
0.2020408163265306,3.141592653589793,3.141592653589793,50
0.2022247088791612,5.02149895058341,4.820453885514867,50
0.20246194331926878,0.17251794192916617,0.21588838229369742,50
0.20280907788586894,0.7818079402190158,0.9463435309679495,50
0.20286615102828923,0.5285633148911595,0.6515921210575464,50
0.20291550267776715,5.2185141120578225,5.025462002693303,50
0.20293281348027722,0.8723941513667088,1.0482453421983866,50
0.20307598724721512,3.7334063459247044,3.6368863456144322,50
0.20350984715330378,4.471243965511213,4.285958809355548,50
0.20353907051758457,3.0348313665313706,3.0528668491805924,50
0.20366891413974358,4.311516836986027,4.140279955771218,50
0.2038088533264594,2.722587986078741,2.7923320220191825,50
0.20414567824268506,0.044534665808820754,0.055950826731575504,50
0.20420392115919936,3.629720078403753,3.5488385805488085,50
0.2042722844865541,1.645340136892501,1.8421385122088014,50
0.20470727219275237,5.005431608153564,4.8015372439785615,50
0.20473320596098368,0.284118891999938,0.3553492154714252,50
0.20481419722017535,2.0454634319006724,2.2098586495594708,50
0.20492366023757294,0.9265967591104378,1.110161308567203,50
0.205346440087352,0.18519964329441765,0.2325171420076458,50
0.20575655776638851,3.9487230850005024,3.8196550396809537,50
0.20626532597839342,0.5896464892021637,0.7266888889318123,50
0.20637682113460512,6.210714478430189,6.191901838317797,50
0.20703949507003022,5.469847730758445,5.297216708705812,50
0.20705812250442007,1.219875721920953,1.4247289047970626,50
0.20736610605663436,5.802711130688711,5.6861274663472505,50
0.20739419081423607,2.7022698809250314,2.7763467316801798,50
0.20740548470842793,2.8745850083417444,2.9201408381485794,50
0.20777405850619413,3.0831322282212796,3.093185956691158,50
0.20791802986510174,0.14056364377269837,0.17721786666791997,50
0.20797837425372465,2.9901540225790484,3.016170734101937,50
0.20838409510307562,2.700350066604133,2.7750356190013794,50
0.2083861308016721,2.8210370258707966,2.8757789185809357,50
0.20850267314435098,0.44140670594882786,0.5504723380470973,50
0.20900250905059145,3.8665786907160857,3.747542721903305,50
0.2090602266815591,2.621190132115161,2.708860162064578,50
0.20946547843581403,1.1857678117575172,1.3918899913006262,50
0.20948085712695072,2.967550536443643,2.9976083771294757,50
0.2101978092345603,2.663130048843873,2.744434421092124,50
0.2102221757149212,2.3827719244904233,2.507343825664809,50
0.21037824867016464,0.044150771746395014,0.05590606633186131,50
0.21054456180021408,4.824473478856834,4.614928068183452,50
0.21058125443669787,5.466949048067259,5.290599458949674,50
0.2115288203713449,0.31098127868754916,0.39174296572175304,50
0.2118341143654029,3.78246774543332,3.6747939756254824,50
0.21213325184542067,3.5317508490330995,3.4644464426130095,50
0.21235401690238154,0.4152085724784495,0.520886368523191,50
0.21237746921357414,6.259222341618118,6.252762143852521,50
0.21241014206564504,4.169854895463672,4.0079971882965015,50
0.21242683614348676,4.923828513575922,4.711401780944065,50
0.21252603223232744,4.474214015203155,4.281145451850303,50
0.21311491634214882,1.5184932958997228,1.7289485348353604,50
0.2132384925700478,1.4927971783911111,1.7041426556978017,50
0.21330266313981694,0.19183866357155147,0.243205057944801,50
0.21401898353987964,3.720916738715772,3.6220083283816664,50
0.21442636596591666,3.807975654645602,3.6952330057445137,50
0.21453084668116337,2.549851963726138,2.6509393707777473,50
0.21454418057878916,2.526733328782102,2.631488430575224,50
0.2145691147667069,4.092365593391277,3.938853230206218,50
0.21460546312131812,1.0264719898936985,1.2286373027094035,50
0.2146505744220347,3.0922412158596657,3.100960525757158,50
0.21468041307118974,3.975774215824231,3.8380550271717655,50
0.21495417439074566,4.49824449694991,4.301206963779161,50
0.21523913505002978,5.804936976410148,5.683451026738625,50
0.21526121117139552,3.7303570025417896,3.62945562505525,50
0.2156799107398115,1.6738348715909706,1.8793303257532328,50
0.21643635720562998,1.4964904412136713,1.7108088073244934,50
0.2166105489248139,5.634768326020203,5.478707177058193,50
0.21671475686479055,3.557035272000766,3.484225944477119,50
0.21692939016562643,4.570715848881636,4.3666250313795025,50
0.2174676914332988,2.9904498148418703,3.0173904018033375,50
0.2176893267115113,4.889877819582212,4.6723628486705175,50
0.21813935981189334,4.584560380312186,4.378469918187039,50
0.21888212492420872,2.4001930822923803,2.5264962277830456,50
0.2189535387468669,5.231657474644899,5.023194543625424,50
0.21907206645646107,2.2988295502732514,2.440193883779945,50
0.21957295936213217,0.21070843479742607,0.2690809290069452,50
0.2197244296334536,0.5404320744932153,0.6783031554817489,50
0.2198584863937916,1.0128985878470076,1.2193158096486725,50
0.21994221730680788,5.285548359508967,5.080326623545373,50
0.22035908917113428,1.459656048203262,1.6787327612324399,50
0.2203797368193092,2.2433683078990887,2.3933104614494103,50
0.22043722504694915,3.2217580761284523,3.207287008899959,50
0.22098926135051536,0.8204147210128786,1.0072290633748686,50
0.22103073199197382,1.3281721028786058,1.5491510584936976,50
0.2211845867362932,0.9216693434703412,1.1208384124706097,50
0.22125614340490762,5.267159624265729,5.059066735152393,50
0.22129827488972298,0.8874782910102672,1.0829621388753523,50
0.2213720194988526,3.59102783505607,3.5110817525211395,50
0.22144281062061622,1.579333036518759,1.7952224980069982,50
0.2216714306562532,2.969543513082061,3.0006771724419896,50
0.2222129625803887,2.2288229099204973,2.381866131044523,50
0.22224489795918367,0.0,0.0,50
0.22224489795918367,0.03173325912716963,0.04079786032432079,50
0.22224489795918367,0.06346651825433926,0.08157634270144054,50
0.22224489795918367,0.0951997773815089,0.12231619311245014,50
0.22224489795918367,0.12693303650867852,0.16299840328054718,50
0.22224489795918367,0.15866629563584814,0.20360432832625736,50
0.22224489795918367,0.1903995547630178,0.24411579835682454,50
0.22224489795918367,0.2221328138901874,0.284515222278551,50
0.22224489795918367,0.25386607301735703,0.3247856823657112,50
0.22224489795918367,0.28559933214452665,0.3649110184008547,50
0.22224489795918367,0.3173325912716963,0.4048759005051793,50
0.22224489795918367,0.3490658503988659,0.4446658900902314,50
0.22224489795918367,0.3807991095260356,0.4842674886701898,50
0.22224489795918367,0.4125323686532052,0.5236681745654963,50
0.22224489795918367,0.4442656277803748,0.5628564277937294,50
0.22224489795918367,0.47599888690754444,0.6018217436748331,50
0.22224489795918367,0.5077321460347141,0.6405546358700969,50
0.22224489795918367,0.5394654051618837,0.679046629725095,50
0.22224489795918367,0.5711986642890533,0.7172902468958464,50
0.22224489795918367,0.6029319234162229,0.7552789823064022,50
0.22224489795918367,0.6346651825433925,0.7930072745180887,50
0.22224489795918367,0.6663984416705622,0.8304704705900123,50
0.22224489795918367,0.6981317007977318,0.8676647864821325,50
0.22224489795918367,0.7298649599249014,0.9045872640015079,50
0.22224489795918367,0.7615982190520711,0.9412357252244605,50
0.22224489795918367,0.7933314781792408,0.9776087252473756,50
0.22224489795918367,0.8250647373064104,1.0137055040311747,50
0.22224489795918367,0.85679799643358,1.049525938013126,50
0.22224489795918367,0.8885312555607496,1.0850704920679106,50
0.22224489795918367,0.9202645146879193,1.1203401723104094,50
0.22224489795918367,0.9519977738150889,1.1553364801475916,50
0.22224489795918367,0.9837310329422585,1.1900613679076302,50
0.22224489795918367,1.0154642920694281,1.2245171963019543,50
0.22224489795918367,1.0471975511965979,1.2587066939109106,50
0.22224489795918367,1.0789308103237674,1.2926329188262586,50
0.22224489795918367,1.110664069450937,1.3262992225337984,50
0.22224489795918367,1.1423973285781066,1.359709216076722,50
0.22224489795918367,1.1741305877052763,1.3928667385044005,50
0.22224489795918367,1.2058638468324459,1.425775827581667,50
0.22224489795918367,1.2375971059596156,1.4584406927097242,50
0.22224489795918367,1.269330365086785,1.4908656899908899,50
0.22224489795918367,1.3010636242139548,1.5230552993549686,50
0.22224489795918367,1.3327968833411243,1.5550141036544258,50
0.22224489795918367,1.364530142468294,1.5867467696282587,50
0.22224489795918367,1.3962634015954636,1.618258030629929,50
0.22224489795918367,1.4279966607226333,1.6495526710125215,50
0.22224489795918367,1.4597299198498028,1.6806355120639667,50
0.22224489795918367,1.4914631789769726,1.7115113993863795,50
0.22224489795918367,1.5231964381041423,1.7421851916159548,50
0.22224489795918367,1.5549296972313118,1.7726617503831936,50
0.22224489795918367,1.5866629563584815,1.8029459314172385,50
0.22224489795918367,1.618396215485651,1.8330425767025833,50
0.22224489795918367,1.6501294746128208,1.8629565076012509,50
0.22224489795918367,1.6818627337399903,1.8926925188585113,50
0.22224489795918367,1.71359599286716,1.9222553734153065,50
0.22224489795918367,1.7453292519943295,1.951649797955585,50
0.22224489795918367,1.7770625111214993,1.980880479121743,50
0.22224489795918367,1.8087957702486688,2.0099520603361962,50
0.22224489795918367,1.8405290293758385,2.0388691391717773,50
0.22224489795918367,1.872262288503008,2.067636265218108,50
0.22224489795918367,1.9039955476301778,2.096257938395344,50
0.22224489795918367,1.9357288067573473,2.124738607670674,50
0.22224489795918367,1.967462065884517,2.1530826701367447,50
0.22224489795918367,1.9991953250116865,2.1812944704146813,50
0.22224489795918367,2.0309285841388562,2.2093783003476752,50
0.22224489795918367,2.0626618432660258,2.2373383989541535,50
0.22224489795918367,2.0943951023931957,2.2651789526123904,50
0.22224489795918367,2.126128361520365,2.2929040954510076,50
0.22224489795918367,2.1578616206475347,2.320517909922264,50
0.22224489795918367,2.1895948797747042,2.34802442753721,50
0.22224489795918367,2.221328138901874,2.3754276297438532,50
0.22224489795918367,2.2530613980290437,2.402731448931328,50
0.22224489795918367,2.284794657156213,2.4299397695447893,50
0.22224489795918367,2.3165279162833827,2.4570564292972965,50
0.22224489795918367,2.3482611754105527,2.4840852204663832,50
0.22224489795918367,2.379994434537722,2.5110298912643163,50
0.22224489795918367,2.4117276936648917,2.5378941472722194,50
0.22224489795918367,2.443460952792061,2.5646816529293117,50
0.22224489795918367,2.475194211919231,2.5913960330694956,50
0.22224489795918367,2.5069274710464007,2.618040874498402,50
0.22224489795918367,2.53866073017357,2.6446197276048182,50
0.22224489795918367,2.57039398930074,2.6711361080011335,50
0.22224489795918367,2.6021272484279097,2.6975934981880982,50
0.22224489795918367,2.633860507555079,2.7239953492398006,50
0.22224489795918367,2.6655937666822487,2.7503450825052753,50
0.22224489795918367,2.6973270258094186,2.7766460913236557,50
0.22224489795918367,2.729060284936588,2.8029017427502074,50
0.22224489795918367,2.7607935440637577,2.82911537929098,50
0.22224489795918367,2.792526803190927,2.855290320644138,50
0.22224489795918367,2.824260062318097,2.881429865446379,50
0.22224489795918367,2.8559933214452666,2.907537293023079,50
0.22224489795918367,2.887726580572436,2.9336158651411055,50
0.22224489795918367,2.9194598396996057,2.9596688277633927,50
0.22224489795918367,2.9511930988267756,2.9856994128046264,50
0.22224489795918367,2.982926357953945,3.011710839887504,50
0.22224489795918367,3.0146596170811146,3.0377063180992083,50
0.22224489795918367,3.0463928762082846,3.063689047747845,50
0.22224489795918367,3.078126135335454,3.0896622221186916,50
0.22224489795918367,3.1098593944626236,3.115629029230206,50
0.22224489795918367,3.141592653589793,3.141592653589793,50
0.22238007380504382,3.386224751505259,3.3419637702406724,50
0.22318498548111837,0.8810312495483944,1.077620080835714,50
0.2234977995804126,3.367736796633522,3.3266192978451787,50
0.22351598311875698,0.5109718223454801,0.6454252193187501,50
0.22362515999000546,0.6897714567854812,0.8591149204179719,50
0.223675872048742,5.461305182477512,5.271714570788406,50
0.22383420354918485,1.1727797566954434,1.3930889181581951,50
0.22386377499810683,6.261218445800629,6.254883554348441,50
0.22397508647483375,1.363873322783274,1.5878159708018829,50
0.22447028651800402,6.226469888347374,6.210072954861706,50
0.22624512772392408,6.011606102465415,5.934254401531339,50
0.22659849216615605,4.854698108743405,4.6288891060006,50
0.22813340756036554,5.437940281704076,5.240938035845354,50
0.22824220377265914,5.289913360242204,5.076646459323082,50
0.22844724397399416,5.822103218486191,5.695430614028431,50
0.2285933764141016,0.8344360814958001,1.030463474608906,50
0.22877943701249664,0.3540539675723931,0.45448885250683885,50
0.22894340375098385,2.9944933688336053,3.0218436397743518,50
0.22907596453693138,0.2458738225115501,0.31735891382864595,50
0.22925778560182564,2.703772448159598,2.7840142424539738,50
0.2293539299395853,1.7040418443388994,1.9195857180807276,50
0.2298249418481558,3.333049244693141,3.297388211506493,50
0.2298930529447136,0.6944603620815806,0.8702046015594476,50
0.2302811827266436,6.0508277117615155,5.982659247422648,50
0.2306100099715653,5.340884723662639,5.1301028514417215,50
0.23086242256173706,1.6631285415722596,1.882842043810713,50
0.23097023799967137,1.9333477839717728,2.129230381597253,50
0.23108045500736127,2.836146501544143,2.8930012780119445,50
0.23143494657544864,4.367391021928359,4.169260486381673,50
0.2319323854971719,4.560843978038787,4.344435853857593,50
0.23249330995920228,4.557596008007169,4.340956770182267,50
0.23257337400396383,5.295961258440302,5.078828688817134,50
0.23259792053991715,3.95280309438121,3.8088615120518807,50
0.23287569041512532,2.525598340332363,2.637982054028238,50
0.23316276876558822,3.5132802246865307,3.443869033023802,50
0.23325827977796446,0.4665750282260809,0.5978727278602382,50
0.23371898083822126,4.12389206446217,3.954193804797988,50
0.23380253032058995,5.1385041130581985,4.909215830228519,50
0.23394990425579243,4.216313116677527,4.034142395365527,50
0.23419749248138794,3.63379172327902,3.5424138206603564,50
0.23431962974576453,5.404968509655548,5.19770649998769,50
0.2352727419715964,1.6094380510694692,1.8364572351730664,50
0.23543366022361034,4.937237169316811,4.7018166666302035,50
0.23563137521810526,5.594309928340849,5.414393801544818,50
0.23633200148585837,0.23781034178134167,0.3098780015543041,50
0.23636231164213237,1.0686347424136486,1.2961376830819449,50
0.23683812540268942,3.584125704987386,3.500856853141656,50
0.23708666953167493,0.7482384079707946,0.939650832361158,50
0.23738255292799917,4.560047131246084,4.3390193912289945,50
0.23761654971749424,3.7340972178071192,3.623887467106035,50
0.23819878829611021,0.10475406166061696,0.13737342223866217,50
0.23833971112337726,1.713519178407806,1.936129600139722,50
0.23855846173446432,0.5494338772701406,0.7038118476576224,50
0.2389573384897767,1.2037904221167388,1.440729337526509,50
0.23927286021995967,3.920096792588438,3.77791157031831,50
0.2397283876672227,5.661829132774977,5.491203174171276,50
0.24061189373077438,0.1944914992935783,0.2552408114267139,50
0.24063793552819285,2.036671745848418,2.227289996886327,50
0.24129090529021563,3.719034870769603,3.6100825236602136,50
0.24234766431444196,1.1209590951679442,1.357831794157211,50
0.24244897959183673,0.0,0.0,50
0.24244897959183673,0.03173325912716963,0.0418853505870735,50
0.24244897959183673,0.06346651825433926,0.08374722012751777,50
0.24244897959183673,0.0951997773815089,0.12556229981880393,50
0.24244897959183673,0.12693303650867852,0.1673076219540436,50
0.24244897959183673,0.15866629563584814,0.2089607221186116,50
0.24244897959183673,0.1903995547630178,0.2504997917217035,50
0.24244897959183673,0.2221328138901874,0.2919038182112713,50
0.24244897959183673,0.25386607301735703,0.3331527107641173,50
0.24244897959183673,0.28559933214452665,0.3742274097452937,50
0.24244897959183673,0.3173325912716963,0.4151099787647075,50
0.24244897959183673,0.3490658503988659,0.455783678696577,50
0.24244897959183673,0.3807991095260356,0.496233023543947,50
0.24244897959183673,0.4125323686532052,0.5364438185044113,50
0.24244897959183673,0.4442656277803748,0.5764031810079215,50
0.24244897959183673,0.47599888690754444,0.6160995458417875,50
0.24244897959183673,0.5077321460347141,0.655522655745767,50
0.24244897959183673,0.5394654051618837,0.6946635390504704,50
0.24244897959183673,0.5711986642890533,0.7335144760483382,50
0.24244897959183673,0.6029319234162229,0.7720689558346135,50
0.24244897959183673,0.6346651825433925,0.8103216253447637,50
0.24244897959183673,0.6663984416705622,0.8482682322547455,50
0.24244897959183673,0.6981317007977318,0.8859055633119085,50
0.24244897959183673,0.7298649599249014,0.9232313795375008,50
0.24244897959183673,0.7615982190520711,0.9602443495962724,50
0.24244897959183673,0.7933314781792408,0.9969439824730246,50
0.24244897959183673,0.8250647373064104,1.0333305604373149,50
0.24244897959183673,0.85679799643358,1.0694050731216613,50
0.24244897959183673,0.8885312555607496,1.105169153389982,50
0.24244897959183673,0.9202645146879193,1.140625015534792,50
0.24244897959183673,0.9519977738150889,1.1757753962160098,50
0.24244897959183673,0.9837310329422585,1.2106234984422013,50
0.24244897959183673,1.0154642920694281,1.2451729387971628,50
0.24244897959183673,1.0471975511965979,1.279427698030688,50
0.24244897959183673,1.0789308103237674,1.3133920750615875,50
0.24244897959183673,1.110664069450937,1.3470706443825977,50
0.24244897959183673,1.1423973285781066,1.3804682168096247,50
0.24244897959183673,1.1741305877052763,1.4135898034806322,50
0.24244897959183673,1.2058638468324459,1.446440582981133,50
0.24244897959183673,1.2375971059596156,1.4790258714525302,50
0.24244897959183673,1.269330365086785,1.5113510955252736,50
0.24244897959183673,1.3010636242139548,1.5434217679099536,50
0.24244897959183673,1.3327968833411243,1.5752434654750327,50
0.24244897959183673,1.364530142468294,1.606821809639117,50
0.24244897959183673,1.3962634015954636,1.6381624489076996,50
0.24244897959183673,1.4279966607226333,1.6692710433885747,50
0.24244897959183673,1.4597299198498028,1.700153251126016,50
0.24244897959183673,1.4914631789769726,1.7308147161009406,50
0.24244897959183673,1.5231964381041423,1.7612610577522025,50
0.24244897959183673,1.5549296972313118,1.7914978618826043,50
0.24244897959183673,1.5866629563584815,1.8215306728219047,50
0.24244897959183673,1.618396215485651,1.8513649867278523,50
0.24244897959183673,1.6501294746128208,1.8810062459149235,50
0.24244897959183673,1.6818627337399903,1.9104598341088752,50
0.24244897959183673,1.71359599286716,1.9397310725333459,50
0.24244897959183673,1.7453292519943295,1.9688252167425002,50
0.24244897959183673,1.7770625111214993,1.9977474541210596,50
0.24244897959183673,1.8087957702486688,2.0265029019799794,50
0.24244897959183673,1.8405290293758385,2.0550966061825067,50
0.24244897959183673,1.872262288503008,2.083533540241377,50
0.24244897959183673,1.9039955476301778,2.1118186048334993,50
0.24244897959183673,1.9357288067573473,2.1399566276836355,50
0.24244897959183673,1.967462065884517,2.1679523637733413,50
0.24244897959183673,1.9991953250116865,2.195810495835784,50
0.24244897959183673,2.0309285841388562,2.2235356351010536,50
0.24244897959183673,2.0626618432660258,2.2511323222602377,50
0.24244897959183673,2.0943951023931957,2.278605028619832,50
0.24244897959183673,2.126128361520365,2.3059581574211054,50
0.24244897959183673,2.1578616206475347,2.3331960453017713,50
0.24244897959183673,2.1895948797747042,2.3603229638798044,50
0.24244897959183673,2.221328138901874,2.3873431214415026,50
0.24244897959183673,2.2530613980290437,2.414260664717923,50
0.24244897959183673,2.284794657156213,2.441079680735665,50
0.24244897959183673,2.3165279162833827,2.4678041987296293,50
0.24244897959183673,2.3482611754105527,2.4944381921068746,50
0.24244897959183673,2.379994434537722,2.5209855804520407,50
0.24244897959183673,2.4117276936648917,2.547450231566018,50
0.24244897959183673,2.443460952792061,2.5738359635306183,50
0.24244897959183673,2.475194211919231,2.600146546792988,50
0.24244897959183673,2.5069274710464007,2.626385706264369,50
0.24244897959183673,2.53866073017357,2.65255712342861,50
0.24244897959183673,2.57039398930074,2.6786644384564986,50
0.24244897959183673,2.6021272484279097,2.7047112523226513,50
0.24244897959183673,2.633860507555079,2.730701128922229,50
0.24244897959183673,2.6655937666822487,2.7566375971852475,50
0.24244897959183673,2.6973270258094186,2.78252415318671,50
0.24244897959183673,2.729060284936588,2.8083642622511666,50
0.24244897959183673,2.7607935440637577,2.8341613610506724,50
0.24244897959183673,2.792526803190927,2.8599188596954095,50
0.24244897959183673,2.824260062318097,2.8856401438165347,50
0.24244897959183673,2.8559933214452666,2.911328576641032,50
0.24244897959183673,2.887726580572436,2.936987501058595,50
0.24244897959183673,2.9194598396996057,2.962620241680713,50
0.24244897959183673,2.9511930988267756,2.9882301068923325,50
0.24244897959183673,2.982926357953945,3.013820390896583,50
0.24244897959183673,3.0146596170811146,3.0393943757531923,50
0.24244897959183673,3.0463928762082846,3.0649553334113087,50
0.24244897959183673,3.078126135335454,3.090506527737535,50
0.24244897959183673,3.1098593944626236,3.1160512165400576,50
0.24244897959183673,3.141592653589793,3.141592653589793,50
0.24247583595249012,2.047603351899964,2.23807084597751,50
0.24268252060378379,2.7036466702726334,2.787739708084669,50
0.2427803643706121,3.0886617742120217,3.098999443001845,50
0.24352514456077748,3.275617888532666,3.249412007647536,50
0.24419320988506876,5.693315314749342,5.525494562096471,50
0.24461894008451296,0.6785939214456186,0.8647292755625304,50
0.2447693814491925,3.7061433746419596,3.598219015382302,50
0.24478044685853664,2.0524416700250416,2.2438420349186114,50
0.24512703483717374,3.5700576008157974,3.4870507790596474,50
0.24587919681748827,1.0931103204253099,1.3320130579432112,50
0.24638168318802778,5.618806602805686,5.433805805511076,50
0.2463909163635743,1.8643141287930447,2.079505528915195,50
0.24692456304552268,2.695109873766977,2.7820007242000373,50
0.24697106029104282,6.1465141767837626,6.102014631791515,50
0.2471879478426604,0.9036808375337698,1.1269141131430656,50
0.24738245595020075,3.815645299297936,3.6872572055489155,50
0.24761469187940616,5.051629597170554,4.805077799806613,50
0.24776111736543893,1.236927430188949,1.4837505000617712,50
0.24807114719999376,6.230938851590012,6.213720489959732,50
0.24827335658903082,0.5954994329421699,0.7679688873872359,50
0.2485191085062325,1.2454783181005489,1.493250585779881,50
0.24878669784529384,5.03265798492101,4.7845181780100745,50
0.24906033079765597,6.245654403809738,6.233213617565303,50
0.24911021823614252,5.741772417674465,5.580845926306974,50
0.249175592675683,5.711867600143661,5.544001809323935,50
0.24931900414645755,4.343266418719504,4.134440515893226,50
0.2495355102422577,1.4191794739727839,1.6675479592250348,50
0.25040263260329776,0.21072657204736428,0.27990354063660244,50
0.25074123086855243,5.071585678789975,4.822359080446317,50
0.25108763396938594,4.920926582620093,4.670063816717551,50
0.25206586833571365,0.038810159862340515,0.051881966690904606,50
0.25217726374040295,0.6927378376974522,0.8884516744248931,50
0.25260129055387953,3.517220065124767,3.442381048019799,50
0.25278275034188175,3.936456199528855,3.7848382296821095,50
0.2539197763752814,5.219406003859345,4.974134814923214,50
0.25417328460193606,1.770778216872595,2.0017155327718283,50
0.25430864058891983,3.463787992139028,3.3990381879411764,50
0.2546077890079137,6.0425680685396745,5.9622512651983905,50
0.2546232640454566,3.071532290085422,3.0857450088421845,50
0.25479354135013793,0.1782248453140599,0.23839186205383117,50
0.25500640194024166,0.3274879485380144,0.43493534700548536,50
0.2550469779378675,2.138317860376884,2.324319274296352,50
0.255328587841211,2.7389539846750575,2.819724466695172,50
0.2554624653535003,5.291036550026211,5.049994844730975,50
0.25593127163917617,5.459172536322964,5.237756199986324,50
0.2561047623715985,0.02588564397857957,0.03479501502770722,50
0.2561145965014771,4.41235108612112,4.19034988118271,50
0.2564192221318486,0.662846390572469,0.856602232357302,50
0.25657196635847807,0.4888013733834563,0.6425490703656309,50
0.25658801259593295,0.6031514452426188,0.7844065698539177,50
0.2568616521271824,4.501985427823599,4.269866174068284,50
0.25717605347872136,1.6630711976684698,1.905938860085572,50
0.2576068044170287,5.975579166136601,5.872804801388505,50
0.2576402735965626,5.4885045613466374,5.269874030004548,50
0.2577663230660582,3.5285533277523515,3.450249317154045,50
0.2579864283799056,1.2191104538221136,1.475937034567588,50
0.25862635157813574,5.482108276842273,5.261503334309193,50
0.2597466033303165,0.532885088193731,0.7002725927172011,50
0.2602157071551663,3.6599695895015776,3.555349376337343,50
0.2604499388443142,0.4022921275638833,0.5351033508712357,50
0.2616451155524211,3.052593588320219,3.0710384416114134,50
0.26183324756232407,0.22212372108385253,0.2993341692273961,50
0.261985135674407,4.991568729747367,4.729622497129828,50
0.262032001498976,1.6823550688077524,1.9278599752573329,50
0.26205186724408114,0.9853354497495795,1.2325378924888024,50
0.26219037783883903,2.235291328815217,2.410375755453577,50
0.2623353524841065,2.2336323948779757,2.409068712087059,50
0.26236919940275044,1.0284531014542397,1.2797912467429733,50
0.2624840902309265,5.296817668448021,5.049070442476336,50
0.26254008733304635,6.094240113554764,6.0279577803818185,50
0.2626530612244898,0.0,0.0,50
0.2626530612244898,0.03173325912716963,0.043032349442241116,50
0.2626530612244898,0.06346651825433926,0.08603636392041686,50
0.2626530612244898,0.0951997773815089,0.12898394658317508,50
0.2626530612244898,0.12693303650867852,0.17184747140473994,50
0.2626530612244898,0.15866629563584814,0.2146000053364641,50
0.2626530612244898,0.1903995547630178,0.2572155151951436,50
0.2626530612244898,0.2221328138901874,0.2996690552342101,50
0.2626530612244898,0.25386607301735703,0.3419369321358356,50
0.2626530612244898,0.28559933214452665,0.3839968450456668,50
0.2626530612244898,0.3173325912716963,0.42582799919271264,50
0.2626530612244898,0.3490658503988659,0.4674111925424338,50
0.2626530612244898,0.3807991095260356,0.508728875775266,50
0.2626530612244898,0.4125323686532052,0.5497651866288489,50
0.2626530612244898,0.4442656277803748,0.5905059602643,50
0.2626530612244898,0.47599888690754444,0.6309387178004724,50
0.2626530612244898,0.5077321460347141,0.6710526355014453,50
0.2626530612244898,0.5394654051618837,0.7108384973067882,50
0.2626530612244898,0.5711986642890533,0.7502886334737806,50
0.2626530612244898,0.6029319234162229,0.7893968480730111,50
0.2626530612244898,0.6346651825433925,0.8281583379635257,50
0.2626530612244898,0.6663984416705622,0.8665696056917304,50
0.2626530612244898,0.6981317007977318,0.9046283685295945,50
0.2626530612244898,0.7298649599249014,0.9423334656105782,50
0.2626530612244898,0.7615982190520711,0.9796847648518506,50
0.2626530612244898,0.7933314781792408,1.0166830710816157,50
0.2626530612244898,0.8250647373064104,1.0533300365307106,50
0.2626530612244898,0.85679799643358,1.0896280746052753,50
0.2626530612244898,0.8885312555607496,1.12558027763702,50
0.2626530612244898,0.9202645146879193,1.1611903391120981,50
0.2626530612244898,0.9519977738150889,1.1964624807098845,50
0.2626530612244898,0.9837310329422585,1.2314013843387708,50
0.2626530612244898,1.0154642920694281,1.2660121292362283,50
0.2626530612244898,1.0471975511965979,1.30030013410303,50
0.2626530612244898,1.0789308103237674,1.3342711041644417,50
0.2626530612244898,1.110664069450937,1.367930982992007,50
0.2626530612244898,1.1423973285781066,1.4012859088758463,50
0.2626530612244898,1.1741305877052763,1.4343421755068324,50
0.2626530612244898,1.2058638468324459,1.4671061967083836,50
0.2626530612244898,1.2375971059596156,1.499584474946994,50
0.2626530612244898,1.269330365086785,1.531783573347164,50
0.2626530612244898,1.3010636242139548,1.5637100909386323,50
0.2626530612244898,1.3327968833411243,1.5953706408703356,50
0.2626530612244898,1.364530142468294,1.626771831335311,50
0.2626530612244898,1.3962634015954636,1.6579202489627767,50
0.2626530612244898,1.4279966607226333,1.6888224444472142,50
0.2626530612244898,1.4597299198498028,1.7194849201987332,50
0.2626530612244898,1.4914631789769726,1.7499141198139039,50
0.2626530612244898,1.5231964381041423,1.78011641918117,50
0.2626530612244898,1.5549296972313118,1.8100981190496461,50
0.2626530612244898,1.5866629563584815,1.839865438904329,50
0.2626530612244898,1.618396215485651,1.8694245120043615,50
0.2626530612244898,1.6501294746128208,1.8987813814538956,50
0.2626530612244898,1.6818627337399903,1.9279419971872078,50
0.2626530612244898,1.71359599286716,1.956912213761048,50
0.2626530612244898,1.7453292519943295,1.985697788857673,50
0.2626530612244898,1.7770625111214993,2.0143043824117157,50
0.2626530612244898,1.8087957702486688,2.0427375562829226,50
0.2626530612244898,1.8405290293758385,2.071002774404944,50
0.2626530612244898,1.872262288503008,2.0991054033477723,50
0.2626530612244898,1.9039955476301778,2.127050713238188,50
0.2626530612244898,1.9357288067573473,2.1548438789886886,50
0.2626530612244898,1.967462065884517,2.18248998179091,50
0.2626530612244898,1.9991953250116865,2.2099940108345577,50
0.2626530612244898,2.0309285841388562,2.2373608652173655,50
0.2626530612244898,2.0626618432660258,2.264595356015639,50
0.2626530612244898,2.0943951023931957,2.2917022084886023,50
0.2626530612244898,2.126128361520365,2.3186860643929927,50
0.2626530612244898,2.1578616206475347,2.345551484387303,50
0.2626530612244898,2.1895948797747042,2.372302950507644,50
0.2626530612244898,2.221328138901874,2.398944868699555,50
0.2626530612244898,2.2530613980290437,2.425481571392161,50
0.2626530612244898,2.284794657156213,2.4519173201029205,50
0.2626530612244898,2.3165279162833827,2.478256308062863,50
0.2626530612244898,2.3482611754105527,2.5045026628536764,50
0.2626530612244898,2.379994434537722,2.5306604490493054,50
0.2626530612244898,2.4117276936648917,2.5567336708558845,50
0.2626530612244898,2.443460952792061,2.5827262747448376,50
0.2626530612244898,2.475194211919231,2.6086421520748986,50
0.2626530612244898,2.5069274710464007,2.634485141699598,50
0.2626530612244898,2.53866073017357,2.6602590325574798,50
0.2626530612244898,2.57039398930074,2.685967566242928,50
0.2626530612244898,2.6021272484279097,2.711614439556042,50
0.2626530612244898,2.633860507555079,2.7372033070304873,50
0.2626530612244898,2.6655937666822487,2.7627377834386637,50
0.2626530612244898,2.6973270258094186,2.7882214462739348,50
0.2626530612244898,2.729060284936588,2.813657838209958,50
0.2626530612244898,2.7607935440637577,2.839050469537479,50
0.2626530612244898,2.792526803190927,2.864402820579183,50
0.2626530612244898,2.824260062318097,2.8897183440834198,50
0.2626530612244898,2.8559933214452666,2.9150004675978294,50
0.2626530612244898,2.887726580572436,2.940252595824034,50
0.2626530612244898,2.9194598396996057,2.96547811295473,50
0.2626530612244898,2.9511930988267756,2.990680384994626,50
0.2626530612244898,2.982926357953945,3.0158627620667775,50
0.2626530612244898,3.0146596170811146,3.041028580705973,50
0.2626530612244898,3.0463928762082846,3.0661811661408778,50
0.2626530612244898,3.078126135335454,3.0913238345667304,50
0.2626530612244898,3.1098593944626236,3.1164598954104163,50
0.2626530612244898,3.141592653589793,3.141592653589793,50
0.26278856326971006,5.260259798655156,5.008942105105798,50
0.26293138851507747,5.066511312246126,4.804699375123019,50
0.26302991760244854,0.07630479760477307,0.1034726640754495,50
0.26334917441670735,1.1250840476855517,1.3838444516966844,50
0.2635567735236704,5.658387220409426,5.466238693028046,50
0.26366542528941267,4.1729263562051795,3.9773399112903984,50
0.26405905435385923,1.6289591858911676,1.880458672668864,50
0.26408870213796604,1.1573773803661291,1.4184055531807696,50
0.2649824893682598,1.234460386546098,1.4987555606487308,50
0.26528127145029484,4.823301463783218,4.561052241897443,50
0.26550317397121004,3.9383745791427858,3.7801291334217693,50
0.2655307982349439,5.839699242556454,5.691623934435082,50
0.26565710695611416,2.5345837820641353,2.6580845763910386,50
0.26576582657778625,2.689595148056897,2.7828938707284867,50
0.2663306875915285,3.141731679946423,3.1417024403603824,50
0.2666942489507383,3.6162234854240407,3.5181534889903414,50
0.26684938589995716,6.201713401952266,6.172142575072474,50
0.267139129828036,4.061049355859382,3.8810314157961376,50
0.267600730091592,5.674720755365322,5.482657333453413,50
0.26771682255213214,4.97317493183448,4.705464527506187,50
0.2678774726679642,3.236848048163926,3.216737401942537,50
0.26826999643741795,6.165030259222339,6.121967456485181,50
0.26832889956063316,1.0507035954560473,1.3099558879934383,50
0.2684698425144737,5.8752333142921085,5.735419190825294,50
0.27064835005824994,2.3681546075663134,2.5247209595713973,50
0.2716591603491747,0.619497152710644,0.8176911904348932,50
0.27216804505603254,4.956460291524608,4.684398854150052,50
0.27223591058874447,2.3602303416260213,2.518985990065364,50
0.272385181701552,3.769014148862172,3.6390370539685994,50
0.27287401286047647,3.284075814762,3.2535809528167734,50
0.2729431631260929,1.5482143643424375,1.8131790798332552,50
0.27298823375628195,5.962388955709969,5.847073767530488,50
0.2730332487974524,4.744546992323859,4.4789211480751545,50
0.27330259948943236,6.1627701893613205,6.117766770729738,50
0.2742557717492214,1.7206446327051115,1.9730135100651105,50
0.2746622520693252,1.7387351974335243,1.9896540314426958,50
0.2756714289556748,5.734510176139222,5.550024986599266,50
0.27578759075745235,4.836923670390359,4.5641603029871725,50
0.27579726847471403,2.7219700100551227,2.811392431490939,50
0.2758328407036075,4.936920632521927,4.661445638433648,50
0.27586400741337197,6.021890449387854,5.9252418251279035,50
0.2761631421115375,5.916914280105956,5.784940106709476,50
0.27621097079268403,0.707572528712065,0.9287885424254014,50
0.27625806443131234,1.5211239905066127,1.790727669496841,50
0.27657722676521806,0.0924024392813105,0.12759724952728163,50
0.2766756970503099,1.2197533367135442,1.4956481736304563,50
0.276721366939986,6.028012871380731,5.933104792284198,50
0.2771561395332378,4.09809774649938,3.906229487884311,50
0.27767989733585735,6.205719096577454,6.1760177490783015,50
0.27773627767767095,3.617368584566254,3.515836787550363,50
0.27787321417211064,2.1031741268320046,2.3087565227011395,50
0.2783965930918139,1.7199036669275498,1.9757803910192286,50
0.2786686707507128,1.5402882171468437,1.8109589065439675,50
0.2787918243111795,6.021863453062911,5.923817159707684,50
0.27941476177323865,2.3434884847197655,2.5087462136202214,50
0.27943007069424425,3.8201808455888386,3.6774982859781757,50
0.2795715367118041,3.230709256662488,3.2112506177857525,50
0.27972636768763964,0.2046581097754775,0.28268309592958746,50
0.280373748105842,0.26111967599958014,0.35984832140926387,50
0.28048946625623056,4.1245484646665975,3.9263413212406273,50
0.28060438511769575,3.6010850271617807,3.502101669299611,50
0.2810646090541353,4.683448569464148,4.41474254848771,50
0.2811585994578077,2.638427830420044,2.7466143352471604,50
0.2812420836931954,1.7551926183731368,2.0097697080660737,50
0.2814997996439152,5.392660050403945,5.136047338484264,50
0.281596092163922,5.163471437112171,4.886114007724845,50
0.28193637976888636,5.213812208138441,4.939089659760458,50
0.28209085517585797,2.6826537444920198,2.7819363419035943,50
0.2824126827135071,0.6983172589474349,0.9236237648340732,50
0.2824561220713941,2.099689894683031,2.3086778667187136,50
0.282606025832735,0.05750421648753045,0.08012333377617026,50
0.2827068174313052,6.264400424539893,6.256997916936291,50
0.28285714285714286,0.0,0.0,50
0.28285714285714286,0.03173325912716963,0.044243871704723645,50
0.28285714285714286,0.06346651825433926,0.08845365247671562,50
0.28285714285714286,0.0951997773815089,0.13259557932417956,50
0.28285714285714286,0.12693303650867852,0.176636536590658,50
0.28285714285714286,0.15866629563584814,0.2205443586895324,50
0.28285714285714286,0.1903995547630178,0.2642881088956432,50
0.28285714285714286,0.2221328138901874,0.3078383280712346,50
0.28285714285714286,0.25386607301735703,0.3511672486024732,50
0.28285714285714286,0.28559933214452665,0.3942489703566836,50
0.28285714285714286,0.3173325912716963,0.4370595970332167,50
0.28285714285714286,0.3490658503988659,0.4795773327748047,50
0.28285714285714286,0.3807991095260356,0.5217825402500602,50
0.28285714285714286,0.4125323686532052,0.5636577625517305,50
0.28285714285714286,0.4442656277803748,0.6051877121434011,50
0.28285714285714286,0.47599888690754444,0.6463592307164691,50
0.28285714285714286,0.5077321460347141,0.6871612241962474,50
0.28285714285714286,0.5394654051618837,0.7275845772835012,50
0.28285714285714286,0.5711986642890533,0.7676220518686865,50
0.28285714285714286,0.6029319234162229,0.8072681734495581,50
0.28285714285714286,0.6346651825433925,0.8465191093591476,50
0.28285714285714286,0.6663984416705622,0.8853725422090275,50
0.28285714285714286,0.6981317007977318,0.9238275415068795,50
0.28285714285714286,0.7298649599249014,0.961884435946711,50
0.28285714285714286,0.7615982190520711,0.9995446884176411,50
0.28285714285714286,0.7933314781792408,1.0368107753500257,50
0.28285714285714286,0.8250647373064104,1.0736860716273806,50
0.28285714285714286,0.85679799643358,1.1101747419459111,50
0.28285714285714286,0.8885312555607496,1.1462816392035422,50
0.28285714285714286,0.9202645146879193,1.1820122102471897,50
0.28285714285714286,0.9519977738150889,1.2173724090986333,50
0.28285714285714286,0.9837310329422585,1.2523686176122597,50
0.28285714285714286,1.0154642920694281,1.2870075733878523,50
0.28285714285714286,1.0471975511965979,1.3212963046638604,50
0.28285714285714286,1.0789308103237674,1.355242071846441,50
0.28285714285714286,1.110664069450937,1.388852315282539,50
0.28285714285714286,1.1423973285781066,1.422134608857132,50
0.28285714285714286,1.1741305877052763,1.4550966189818253,50
0.28285714285714286,1.2058638468324459,1.4877460685408699,50
0.28285714285714286,1.2375971059596156,1.5200907053686643,50
0.28285714285714286,1.269330365086785,1.5521382748474384,50
0.28285714285714286,1.3010636242139548,1.5838964962332143,50
0.28285714285714286,1.3327968833411243,1.6153730423406398,50
0.28285714285714286,1.364530142468294,1.646575522241694,50
0.28285714285714286,1.3962634015954636,1.677511466658512,50
0.28285714285714286,1.4279966607226333,1.7081883157559608,50
0.28285714285714286,1.4597299198498028,1.7386134090645133,50
0.28285714285714286,1.4914631789769726,1.7687939772880288,50
0.28285714285714286,1.5231964381041423,1.7987371357739455,50
0.28285714285714286,1.5549296972313118,1.8284498794449697,50
0.28285714285714286,1.5866629563584815,1.8579390790114698,50
0.28285714285714286,1.618396215485651,1.8872114783024199,50
0.28285714285714286,1.6501294746128208,1.916273692569903,50
0.28285714285714286,1.6818627337399903,1.945132207637868,50
0.28285714285714286,1.71359599286716,1.973793379780138,50
0.28285714285714286,1.7453292519943295,2.002263436225628,50
0.28285714285714286,1.7770625111214993,2.030548476200457,50
0.28285714285714286,1.8087957702486688,2.0586544724271736,50
0.28285714285714286,1.8405290293758385,2.0865872730108306,50
0.28285714285714286,1.872262288503008,2.114352603650095,50
0.28285714285714286,1.9039955476301778,2.1419560701192126,50
0.28285714285714286,1.9357288067573473,2.1694031609733937,50
0.28285714285714286,1.967462065884517,2.1966992504362346,50
0.28285714285714286,1.9991953250116865,2.2238496014331384,50
0.28285714285714286,2.0309285841388562,2.2508593687394653,50
0.28285714285714286,2.0626618432660258,2.277733602216353,50
0.28285714285714286,2.0943951023931957,2.3044772501108772,50
0.28285714285714286,2.126128361520365,2.331095162400525,50
0.28285714285714286,2.1578616206475347,2.3575920941648523,50
0.28285714285714286,2.1895948797747042,2.3839727089697695,50
0.28285714285714286,2.221328138901874,2.4102415822521515,50
0.28285714285714286,2.2530613980290437,2.436403204694451,50
0.28285714285714286,2.284794657156213,2.462461985580748,50
0.28285714285714286,2.3165279162833827,2.4884222561271754,50
0.28285714285714286,2.3482611754105527,2.514288272781025,50
0.28285714285714286,2.379994434537722,2.540064220483986,50
0.28285714285714286,2.4117276936648917,2.565754215896015,50
0.28285714285714286,2.443460952792061,2.5913623105772046,50
0.28285714285714286,2.475194211919231,2.616892494125818,50
0.28285714285714286,2.5069274710464007,2.6423486972713186,50
0.28285714285714286,2.53866073017357,2.6677347949218233,50
0.28285714285714286,2.57039398930074,2.693054609165908,50
0.28285714285714286,2.6021272484279097,2.7183119122291415,50
0.28285714285714286,2.633860507555079,2.7435104293861032,50
0.28285714285714286,2.6655937666822487,2.7686538418289737,50
0.28285714285714286,2.6973270258094186,2.7937457894940576,50
0.28285714285714286,2.729060284936588,2.8187898738478574,50
0.28285714285714286,2.7607935440637577,2.843789660634519,50
0.28285714285714286,2.792526803190927,2.8687486825866353,50
0.28285714285714286,2.824260062318097,2.8936704421015653,50
0.28285714285714286,2.8559933214452666,2.9185584138855476,50
0.28285714285714286,2.887726580572436,2.9434160475679843,50
0.28285714285714286,2.9194598396996057,2.968246770288381,50
0.28285714285714286,2.9511930988267756,2.993053989258494,50
0.28285714285714286,2.982926357953945,3.0178410943023035,50
0.28285714285714286,3.0146596170811146,3.0426114603764813,50
0.28285714285714286,3.0463928762082846,3.0673684500740737,50
0.28285714285714286,3.078126135335454,3.0921154161141384,50
0.28285714285714286,3.1098593944626236,3.1168557038201263,50
0.28285714285714286,3.141592653589793,3.141592653589793,50
0.2829005655276617,3.6542111166674887,3.5435378094490724,50
0.2834320022026514,4.924853033083135,4.6421204885659035,50
0.2835380211066408,5.21901126748012,4.942977943234372,50
0.2836452969937438,0.9810281626034097,1.2502231374493744,50
0.28399283199892145,5.91083567655994,5.7718712689207425,50
0.28443128876861157,5.128629300257415,4.846762011546613,50
0.28678503175284153,2.6679516619817525,2.771643862793817,50
0.2869483680032828,2.31007566364564,2.4851915770236754,50
0.2871275632219856,0.46323449578548387,0.6331163979613943,50
0.2874687140812358,2.239104481792992,2.4273989064373653,50
0.2875802499109783,4.2869098495047515,4.0586280418102785,50
0.28797642990931066,5.730926374415966,5.535016697478034,50
0.28840671671277196,1.4894421264524262,1.7720290627998894,50
0.288503864142677,2.4334457197993005,2.58569173998696,50
0.28862855155641265,3.7345657694688734,3.6054364996376265,50
0.28886538056061467,0.6975823902882567,0.9289635222077914,50
0.28889592537195896,1.3527881310085426,1.6409729764177372,50
0.28896438879983394,2.9423125202197564,2.9868495311902703,50
0.2899301737126755,5.429171583956267,5.168936035069943,50
0.29037485076873903,4.279236241375007,4.0502276841201255,50
0.29046071740024,4.409299025287521,4.161768404571399,50
0.29056660587903516,3.952631173876152,3.779576388982082,50
0.2911092675915097,4.4529076361969,4.199285840585177,50
0.29168138825495465,1.5540907219076578,1.8356048638323135,50
0.2916889868043895,1.2544066147283488,1.546005975711297,50
0.291727328268288,2.1359692659695715,2.3446244692758187,50
0.2917570144765455,1.2227665943109787,1.514054051839816,50
0.2918438999394101,1.6951199159934145,1.964622475460221,50
0.2919746215286522,0.9351346970283759,1.2081161687855695,50
0.2926095304212343,3.926619868206955,3.757564192115317,50
0.29359768745645176,5.696874464073287,5.487053113645383,50
0.29369415448946595,4.245972062314615,4.019923263182952,50
0.29443265659057805,2.662420875773763,2.7694736980464576,50
0.2944834097439206,0.5203016273813211,0.7129034651867366,50
0.2947093440150873,5.107159102076575,4.813968928182533,50
0.29489325978782965,1.302243161192688,1.5970349151784229,50
0.29498781809620445,3.316799556511681,3.2769829671984225,50
0.296155051599649,4.466589912042418,4.207400867253761,50
0.2967710351816664,3.6141467912177236,3.507862607398952,50
0.29712947611868984,4.301271504198097,4.0643749028344525,50
0.2972296951526403,3.621754813862276,3.5136907824889634,50
0.297693740431596,5.6230494099030075,5.391382617189759,50
0.2983505523949172,5.9028926684924405,5.751678913987367,50
0.2986457333192645,6.04401486160989,5.944904568942254,50
0.2988401160022499,6.132749795738868,6.069326145913537,50
0.29900795785277723,2.490373498270671,2.6353585960401764,50
0.29938817817582764,0.7826002976443287,1.0409356131916478,50
0.299648728660162,0.5278839723744851,0.7270513335381255,50
0.29966968247899906,2.8219900133010904,2.8951082552769707,50
0.3001685648031552,3.4259284938100465,3.3606878850554938,50
0.30031553567786423,3.6836066767965656,3.5612451703452224,50
0.3005888664426441,0.5325562975136401,0.733876729753259,50
0.3017637370505481,2.3001504166872495,2.484478193193095,50
0.3021019587786307,1.5594123630292607,1.8498296622594619,50
0.30260320628702553,4.731552631895754,4.440098136327626,50
0.3027149355026814,0.3032616773581891,0.42924764307637625,50
0.3030612244897959,0.0,0.0,50
0.3030612244897959,0.03173325912716963,0.045525510777179694,50
0.3030612244897959,0.06346651825433926,0.0910100866323108,50
0.3030612244897959,0.0951997773815089,0.1364132432392095,50
0.3030612244897959,0.12693303650867852,0.18169538398566493,50
0.3030612244897959,0.15866629563584814,0.22681821091913637,50
0.3030612244897959,0.1903995547630178,0.27174509831723737,50
0.3030612244897959,0.2221328138901874,0.3164414197425128,50
0.3030612244897959,0.25386607301735703,0.36087482189032555,50
0.3030612244897959,0.28559933214452665,0.4050154411700938,50
0.3030612244897959,0.3173325912716963,0.44883606157177725,50
0.3030612244897959,0.3490658503988659,0.4923122147838978,50
0.3030612244897959,0.3807991095260356,0.5354222256087738,50
0.3030612244897959,0.4125323686532052,0.5781472073752605,50
0.3030612244897959,0.4442656277803748,0.6204710132381843,50
0.3030612244897959,0.47599888690754444,0.6623801499797689,50
0.3030612244897959,0.5077321460347141,0.7038636612295107,50
0.3030612244897959,0.5394654051618837,0.7449129869570249,50
0.3030612244897959,0.5711986642890533,0.7855218057423249,50
0.3030612244897959,0.6029319234162229,0.8256858657683784,50
0.3030612244897959,0.6346651825433925,0.8654028097862406,50
0.3030612244897959,0.6663984416705622,0.9046719985393248,50
0.3030612244897959,0.6981317007977318,0.943494336354401,50
0.3030612244897959,0.7298649599249014,0.9818721018540346,50
0.3030612244897959,0.7615982190520711,1.019808786047516,50
0.3030612244897959,0.7933314781792408,1.057308939433224,50
0.3030612244897959,0.8250647373064104,1.094378029204184,50
0.3030612244897959,0.85679799643358,1.1310223071927097,50
0.3030612244897959,0.8885312555607496,1.167248688816826,50
0.3030612244897959,0.9202645146879193,1.203064642994557,50
0.3030612244897959,0.9519977738150889,1.2384780927640928,50
0.3030612244897959,0.9837310329422585,1.273497326179275,50
0.3030612244897959,1.0154642920694281,1.3081309169316007,50
0.3030612244897959,1.0471975511965979,1.3423876540732456,50
0.3030612244897959,1.0789308103237674,1.3762764801723844,50
0.3030612244897959,1.110664069450937,1.4098064372151689,50
0.3030612244897959,1.1423973285781066,1.4429866195719319,50
0.3030612244897959,1.1741305877052763,1.4758261333633136,50
0.3030612244897959,1.2058638468324459,1.5083340615907148,50
0.3030612244897959,1.2375971059596156,1.5405194344313415,50
0.3030612244897959,1.269330365086785,1.5723912041382846,50
0.3030612244897959,1.3010636242139548,1.6039582240285144,50
0.3030612244897959,1.3327968833411243,1.6352292310846535,50
0.3030612244897959,1.364530142468294,1.6662128317387999,50
0.3030612244897959,1.3962634015954636,1.6969174904475772,50
0.3030612244897959,1.4279966607226333,1.727351520706481,50
0.3030612244897959,1.4597299198498028,1.7575230781880269,50
0.3030612244897959,1.4914631789769726,1.7874401557220552,50
0.3030612244897959,1.5231964381041423,1.8171105798676566,50
0.3030612244897959,1.5549296972313118,1.8465420088546365,50
0.3030612244897959,1.5866629563584815,1.8757419316982409,50
0.3030612244897959,1.618396215485651,1.9047176683141784,50
0.3030612244897959,1.6501294746128208,1.933476370481953,50
0.3030612244897959,1.6818627337399903,1.9620250235232695,50
0.3030612244897959,1.71359599286716,1.990370448579048,50
0.3030612244897959,1.7453292519943295,2.018519305383475,50
0.3030612244897959,1.7770625111214993,2.0464780954467443,50
0.3030612244897959,1.8087957702486688,2.0742531655698526,50
0.3030612244897959,1.8405290293758385,2.101850711625142,50
0.3030612244897959,1.872262288503008,2.129276782545391,50
0.3030612244897959,1.9039955476301778,2.156537284472281,50
0.3030612244897959,1.9357288067573473,2.1836379850220813,50
0.3030612244897959,1.967462065884517,2.2105845176325842,50
0.3030612244897959,1.9991953250116865,2.2373823859607063,50
0.3030612244897959,2.0309285841388562,2.264036968304896,50
0.3030612244897959,2.0626618432660258,2.2905535220306055,50
0.3030612244897959,2.0943951023931957,2.31693718798067,50
0.3030612244897959,2.126128361520365,2.3431929948555577,50
0.3030612244897959,2.1578616206475347,2.3693258635511714,50
0.3030612244897959,2.1895948797747042,2.3953406114442184,50
0.3030612244897959,2.221328138901874,2.421241956617224,50
0.3030612244897959,2.2530613980290437,2.4470345220169945,50
0.3030612244897959,2.284794657156213,2.472722839541894,50
0.3030612244897959,2.3165279162833827,2.4983113540545507,50
0.3030612244897959,2.3482611754105527,2.523804427317795,50
0.3030612244897959,2.379994434537722,2.549206341852539,50
0.3030612244897959,2.4117276936648917,2.5745213047171664,50
0.3030612244897959,2.443460952792061,2.599753451208692,50
0.3030612244897959,2.475194211919231,2.624906848486537,50
0.3030612244897959,2.5069274710464007,2.649985499120294,50
0.3030612244897959,2.53866073017357,2.674993344563261,50
0.3030612244897959,2.57039398930074,2.6999342685539,50
0.3030612244897959,2.6021272484279097,2.724812100447654,50
0.3030612244897959,2.633860507555079,2.7496306184818433,50
0.3030612244897959,2.6655937666822487,2.774393552976522,50
0.3030612244897959,2.6973270258094186,2.799104589474384,50
0.3030612244897959,2.729060284936588,2.823767371822929,50
0.3030612244897959,2.7607935440637577,2.8483855052022165,50
0.3030612244897959,2.792526803190927,2.872962559101613,50
0.3030612244897959,2.824260062318097,2.8975020702490384,50
0.3030612244897959,2.8559933214452666,2.922007545496235,50
0.3030612244897959,2.887726580572436,2.946482464663659,50
0.3030612244897959,2.9194598396996057,2.970930283348602,50
0.3030612244897959,2.9511930988267756,2.995354435700189,50
0.3030612244897959,2.982926357953945,3.0197583371649124,50
0.3030612244897959,3.0146596170811146,3.0441453872063655,50
0.3030612244897959,3.0463928762082846,3.0685189720028623,50
0.3030612244897959,3.078126135335454,3.0928824671266164,50
0.3030612244897959,3.1098593944626236,3.117239240208177,50
0.3030612244897959,3.141592653589793,3.141592653589793,50
0.3030908822680389,0.1600081614336274,0.22873173893867632,50
0.30310408812647305,3.5236546378281624,3.4357690766189894,50
0.303268477054258,2.053645279223834,2.2831638690281473,50
0.30428110871983877,3.967778222866734,3.7851868890726506,50
0.30452911395263,4.033217895627479,3.8378969768068725,50
0.305211324625897,0.9413188366317926,1.2288606800358435,50
0.3063814109226655,3.7839803444364,3.6380474177943225,50
0.3065160548269485,1.4306261455929445,1.7331132042059074,50
0.3065605472863698,5.140405664299921,4.836191452591995,50
0.30708492002322757,5.740888375548776,5.531099094987861,50
0.30721678913509326,6.121673004246263,6.050972847852269,50
0.30756461513441763,4.253836005778716,4.017573521422487,50
0.30777116133758464,2.009823229274439,2.249406434687858,50
0.3079058063528731,4.701384002064698,4.40766360566636,50
0.30812390212023943,0.7772630403822908,1.0435410580879712,50
0.3084897437928417,5.509931870747324,5.244019351681013,50
0.3085110144622849,4.233192036883598,3.999758781350668,50
0.3087918438583155,3.459957351405302,3.385411752037457,50
0.30925404280723656,0.9204876278086529,1.2098098998319018,50
0.3093984788489407,6.072652575047294,5.980394533987029,50
0.3096678175673251,4.444576854318482,4.178071629826118,50
0.30980997237659247,2.3582417210798763,2.5348848168746176,50
0.30985255070341594,4.846587985661787,4.541261338614561,50
0.30993424566623995,4.8585647609750255,4.552579800808598,50
0.3103414420981265,2.6978156314431643,2.8013743611634405,50
0.3108877148340971,5.54889799327231,5.288128523023888,50
0.3109856994039048,1.4491677387649573,1.7548981148056715,50
0.31251684985461053,0.41538300532109607,0.5889938251472178,50
0.31313095054665596,5.734221298655181,5.517127766464015,50
0.31340182107617814,4.517301207088794,4.238444163684324,50
0.31358364419280327,4.671225077894076,4.375290454301533,50
0.3143578292465791,6.252375740920343,6.238256893362579,50
0.31455790450394616,2.1422763142654366,2.3631499079306058,50
0.3152621745171521,6.178474180256207,6.130536447859366,50
0.31575894877450134,0.8729334849498142,1.1627705064398584,50
0.3159613639899469,4.485431552293028,4.208708729727571,50
0.31631351783686884,2.5840083034428263,2.714914388603895,50
0.31675912832131764,0.9345226078510488,1.2334254490525927,50
0.31727864664604655,4.170047919565836,3.942291684587496,50
0.3178411616727579,1.8831453470115125,2.149272692274846,50
0.31818387773915946,3.393064405794272,3.3326440624876765,50
0.3188221019481557,5.200987815711127,4.887014463498265,50
0.31885719938216184,4.4168259658757885,4.147503295809317,50
0.32015565503097076,1.8296409271921736,2.105163959056895,50
0.3202109973318076,1.2160134665469413,1.5360309751106942,50
0.3203663739964379,5.948570420389082,5.799619599522195,50
0.32057828953952866,3.048143942406678,3.07081483504135,50
0.3206378443310452,3.1474860111586196,3.1460551656578177,50
0.3206817814770076,5.15991894517376,4.84192380719835,50
0.3210506385144696,0.9381045262107055,1.2419520573134715,50
0.32133839314807794,3.4729085473092907,3.3929771665298287,50
0.3213435441063548,4.512717300137329,4.2282968265752805,50
0.32158709514946865,5.104053837914511,4.783274349569549,50
0.32173366732358155,0.5235105080382053,0.740592322674972,50
0.3220171720198464,0.030783932269993656,0.04539777416237253,50
0.3220987692678248,5.930079258657672,5.7727021727116234,50
0.32326530612244897,0.0,0.0,50
0.32326530612244897,0.03173325912716963,0.046883524340725055,50
0.32326530612244897,0.06346651825433926,0.0937179519205393,50
0.32326530612244897,0.0951997773815089,0.14045480439840682,50
0.32326530612244897,0.12693303650867852,0.1870468190594567,50
0.32326530612244897,0.15866629563584814,0.2334485050058407,50
0.32326530612244897,0.1903995547630178,0.2796166412005165,50
0.32326530612244897,0.2221328138901874,0.32551070287892825,50
0.32326530612244897,0.25386607301735703,0.37109320709928767,50
0.32326530612244897,0.28559933214452665,0.41632997266800814,50
0.32326530612244897,0.3173325912716963,0.46119029397501976,50
0.32326530612244897,0.3490658503988659,0.5056470320907881,50
0.32326530612244897,0.3807991095260356,0.5496766295913617,50
0.32326530612244897,0.4125323686532052,0.5932590578700295,50
0.32326530612244897,0.4442656277803748,0.6363777071406695,50
0.32326530612244897,0.47599888690754444,0.6790192299940724,50
0.32326530612244897,0.5077321460347141,0.7211733493456348,50
0.32326530612244897,0.5394654051618837,0.7628326410533242,50
0.32326530612244897,0.5711986642890533,0.8039923005407296,50
0.32326530612244897,0.6029319234162229,0.8446499015759265,50
0.32326530612244897,0.6346651825433925,0.8848051540586475,50
0.32326530612244897,0.6663984416705622,0.9244596663571064,50
0.32326530612244897,0.6981317007977318,0.9636167164867467,50
0.32326530612244897,0.7298649599249014,1.002281035286457,50
0.32326530612244897,0.7615982190520711,1.0404586037524355,50
0.32326530612244897,0.7933314781792408,1.0781564658478766,50
0.32326530612244897,0.8250647373064104,1.1153825574173892,50
0.32326530612244897,0.85679799643358,1.1521455512892853,50
0.32326530612244897,0.8885312555607496,1.1884547182321135,50
0.32326530612244897,0.9202645146879193,1.2243198031269196,50
0.32326530612244897,0.9519977738150889,1.2597509155058682,50
0.32326530612244897,0.9837310329422585,1.2947584334738755,50
0.32326530612244897,1.0154642920694281,1.3293529199569964,50
0.32326530612244897,1.0471975511965979,1.3635450501955992,50
0.32326530612244897,1.0789308103237674,1.397345549409986,50
0.32326530612244897,1.110664069450937,1.430765139601207,50
0.32326530612244897,1.1423973285781066,1.4638144945023805,50
0.32326530612244897,1.1741305877052763,1.4965042017595425,50
0.32326530612244897,1.2058638468324459,1.528844731490971,50
0.32326530612244897,1.2375971059596156,1.5608464104464082,50
0.32326530612244897,1.269330365086785,1.5925194010598482,50
0.32326530612244897,1.3010636242139548,1.6238736847597242,50
0.32326530612244897,1.3327968833411243,1.6549190489670262,50
0.32326530612244897,1.364530142468294,1.6856650772743749,50
0.32326530612244897,1.3962634015954636,1.7161211423568161,50
0.32326530612244897,1.4279966607226333,1.7462964012180093,50
0.32326530612244897,1.4597299198498028,1.7761997924234552,50
0.32326530612244897,1.4914631789769726,1.8058400350156878,50
0.32326530612244897,1.5231964381041423,1.8352256288451079,50
0.32326530612244897,1.5549296972313118,1.8643648560847006,50
0.32326530612244897,1.5866629563584815,1.8932657837275368,50
0.32326530612244897,1.618396215485651,1.9219362668930784,50
0.32326530612244897,1.6501294746128208,1.9503839527921982,50
0.32326530612244897,1.6818627337399903,1.9786162852218054,50
0.32326530612244897,1.71359599286716,2.0066405094783635,50
0.32326530612244897,1.7453292519943295,2.034463677595649,50
0.32326530612244897,1.7770625111214993,2.0620926538261197,50
0.32326530612244897,1.8087957702486688,2.089534120297445,50
0.32326530612244897,1.8405290293758385,2.1167945827863575,50
0.32326530612244897,1.872262288503008,2.143880376561148,50
0.32326530612244897,1.9039955476301778,2.1707976722520845,50
0.32326530612244897,1.9357288067573473,2.1975524817158916,50
0.32326530612244897,1.967462065884517,2.2241506638663413,50
0.32326530612244897,1.9991953250116865,2.2505979304481074,50
0.32326530612244897,2.0309285841388562,2.2768998517354055,50
0.32326530612244897,2.0626618432660258,2.3030618621406815,50
0.32326530612244897,2.0943951023931957,2.329089265721842,50
0.32326530612244897,2.126128361520365,2.3549872415792397,50
0.32326530612244897,2.1578616206475347,2.3807608491359726,50
0.32326530612244897,2.1895948797747042,2.4064150332970233,50
0.32326530612244897,2.221328138901874,2.4319546294844607,50
0.32326530612244897,2.2530613980290437,2.4573843685473236,50
0.32326530612244897,2.284794657156213,2.482708881546012,50
0.32326530612244897,2.3165279162833827,2.5079327044119935,50
0.32326530612244897,2.3482611754105527,2.533060282484472,50
0.32326530612244897,2.379994434537722,2.558095974926355,50
0.32326530612244897,2.4117276936648917,2.5830440590224075,50
0.32326530612244897,2.443460952792061,2.6079087343629634,50
0.32326530612244897,2.475194211919231,2.6326941269169146,50
0.32326530612244897,2.5069274710464007,2.657404292998017,50
0.32326530612244897,2.53866073017357,2.6820432231287765,50
0.32326530612244897,2.57039398930074,2.706614845806354,50
0.32326530612244897,2.6021272484279097,2.7311230311750814,50
0.32326530612244897,2.633860507555079,2.755571594610266,50
0.32326530612244897,2.6655937666822487,2.7799643002180305,50
0.32326530612244897,2.6973270258094186,2.8043048642559882,50
0.32326530612244897,2.729060284936588,2.8285969584795616,50
0.32326530612244897,2.7607935440637577,2.8528442134187757,50
0.32326530612244897,2.792526803190927,2.8770502215903346,50
0.32326530612244897,2.824260062318097,2.9012185406497832,50
0.32326530612244897,2.8559933214452666,2.925352696488534,50
0.32326530612244897,2.887726580572436,2.9494561862805044,50
0.32326530612244897,2.9194598396996057,2.97353248148308,50
0.32326530612244897,2.9511930988267756,2.997585030797094,50
0.32326530612244897,2.982926357953945,3.021617263090467,50
0.32326530612244897,3.0146596170811146,3.045632590290139,50
0.32326530612244897,3.0463928762082846,3.069634410246868,50
0.32326530612244897,3.078126135335454,3.093626109577476,50
0.32326530612244897,3.1098593944626236,3.1176110664890753,50
0.32326530612244897,3.141592653589793,3.141592653589793,50
0.3232950752182419,4.801356994879167,4.486290297973321,50
0.32378730202940703,4.503477345028986,4.218399386322957,50
0.3242812101247595,5.566907784808465,5.296367923096716,50
0.32429172367729464,1.3992849859746261,1.7199749597153535,50
0.32443566560188786,2.2924655545042256,2.4893804829341053,50
0.324611569817444,0.7021322312215056,0.9698771282142014,50
0.3246213539608434,2.868767346010176,2.9352699289275797,50
0.32475821673897753,1.6947093723235296,1.991190312324676,50
0.3256908478822184,3.4606120258263324,3.382809543126483,50
0.3257984889459388,1.1480149727852356,1.4722321945642571,50
0.32599546026162085,2.75395177670604,2.848222996747719,50
0.32689541253258536,1.3854270939195583,1.7091967142667581,50
0.32764102203422313,2.307822773939171,2.5030937825049824,50
0.32784163143052697,3.3246200864455586,3.279538868595106,50
0.32873422233423744,4.798628578420985,4.47882058071971,50
0.32948225671073567,2.8142185837126936,2.8947313901159726,50
0.330028871330098,5.40379400631525,5.097999492808687,50
0.3303659022219533,5.867043095341932,5.679501233778282,50
0.3316648133845811,5.7019839016382186,5.458411061523351,50
0.33213236202417623,0.13623500032542668,0.20329013234378132,50
0.33240858129976775,2.2327247540625823,2.445797349397356,50
0.3330974285216448,1.9499258420730732,2.216052591804739,50
0.33327995185475023,2.1633633999373942,2.3907462526509122,50
0.3347904299708064,1.6721458166626353,1.9793780520014561,50
0.3351422285583432,3.527385054110903,3.431560662160303,50
0.3353218489994079,1.941825225048153,2.2107872710772014,50
0.3353942868679695,4.005034131237365,3.799858128764967,50
0.3356038861102285,1.5852670533271915,1.9025692371823753,50
0.3356185061208759,2.937379909721266,2.9885451813230284,50
0.336869857573336,4.674887588149172,4.358851801338669,50
0.3374693122518245,1.1579979817658392,1.4944851624162432,50
0.33771171695729874,5.417836882045023,5.105942474102197,50
0.3391235851955559,4.103254386457969,3.875993290135749,50
0.3395613320137494,4.531218271369958,4.230349513302002,50
0.3398375093828432,0.403231525458745,0.5932090941257525,50
0.34001291517168875,1.5412880848230266,1.8665396037489803,50
0.3400730123749356,3.192465696035912,3.1795578564539877,50
0.340106905466173,4.7532874578430775,4.42694261813726,50
0.34046959358355977,1.985131842152561,2.2500346882091957,50
0.34050173253558735,3.0318732967222886,3.0597199573050546,50
0.3406802579919976,3.02162777208276,3.0520816862677624,50
0.340883627676154,0.4904229394213819,0.7135348028705748,50
0.3410046565474773,0.9140371977170447,1.2361220064515321,50
0.3410326017338495,0.9709280420164346,1.2994858496960033,50
0.3410943038145378,4.1906770279609376,3.945147674731914,50
0.34180794183466334,3.7419815135564383,3.59290351158912,50
0.34180912001448643,6.13973744137656,6.0661257236228945,50
0.342105438804847,5.514396512213214,5.214521129418369,50
0.3423445806919929,4.223849135958297,3.9712918412628015,50
0.34288125061754415,2.493435917288859,2.654058281067405,50
0.34315356625478044,5.708244173569907,5.455574392932241,50
0.34346938775510205,0.0,0.0,50
0.34346938775510205,0.03173325912716963,0.04832493568489696,50
0.34346938775510205,0.06346651825433926,0.09659100938230497,50
0.34346938775510205,0.0951997773815089,0.1447402078042466,50
0.34346938775510205,0.12693303650867852,0.19271618168509091,50
0.34346938775510205,0.15866629563584814,0.2404649968937492,50
0.34346938775510205,0.1903995547630178,0.28793579527127117,50
0.34346938775510205,0.2221328138901874,0.3350813455537415,50
0.34346938775510205,0.25386607301735703,0.38185847208715973,50
0.34346938775510205,0.28559933214452665,0.4282283565419498,50
0.34346938775510205,0.3173325912716963,0.47415671479592375,50
0.34346938775510205,0.3490658503988659,0.5196138570409929,50
0.34346938775510205,0.3807991095260356,0.5645746436493757,50
0.34346938775510205,0.4125323686532052,0.6090183522859575,50
0.34346938775510205,0.4442656277803748,0.6529284732309758,50
0.34346938775510205,0.47599888690754444,0.6962924500694169,50
0.34346938775510205,0.5077321460347141,0.7391013820762584,50
0.34346938775510205,0.5394654051618837,0.7813497030734242,50
0.34346938775510205,0.5711986642890533,0.8230348495367645,50
0.34346938775510205,0.6029319234162229,0.8641569285334642,50
0.34346938775510205,0.6346651825433925,0.9047183938647317,50
0.34346938775510205,0.6663984416705622,0.9447237367139495,50
0.34346938775510205,0.6981317007977318,0.9841791952449594,50
0.34346938775510205,0.7298649599249014,1.0230924860050543,50
0.34346938775510205,0.7615982190520711,1.0614725586763383,50
0.34346938775510205,0.7933314781792408,1.0993293746783492,50
0.34346938775510205,0.8250647373064104,1.136673709330589,50
0.34346938775510205,0.85679799643358,1.1735169767043594,50
0.34346938775510205,0.8885312555607496,1.209871075894726,50
0.34346938775510205,0.9202645146879193,1.2457482571915814,50
0.34346938775510205,0.9519977738150889,1.2811610064924277,50
0.34346938775510205,0.9837310329422585,1.3161219462511466,50
0.34346938775510205,1.0154642920694281,1.3506437512733436,50
0.34346938775510205,1.0471975511965979,1.3847390777307342,50
0.34346938775510205,1.0789308103237674,1.418420503859197,50
0.34346938775510205,1.110664069450937,1.451700480915662,50
0.34346938775510205,1.1423973285781066,1.4845912930889678,50
0.34346938775510205,1.1741305877052763,1.5171050251825975,50
0.34346938775510205,1.2058638468324459,1.5492535370080731,50
0.34346938775510205,1.2375971059596156,1.5810484435436283,50
0.34346938775510205,1.269330365086785,1.6125011000214782,50
0.34346938775510205,1.3010636242139548,1.6436225912074822,50
0.34346938775510205,1.3327968833411243,1.6744237242286413,50
0.34346938775510205,1.364530142468294,1.7049150243866902,50
0.34346938775510205,1.3962634015954636,1.735106733470186,50
0.34346938775510205,1.4279966607226333,1.7650088101434798,50
0.34346938775510205,1.4597299198498028,1.794630932049271,50
0.34346938775510205,1.4914631789769726,1.8239824993127667,50
0.34346938775510205,1.5231964381041423,1.8530726391804078,50
0.34346938775510205,1.5549296972313118,1.881910211565346,50
0.34346938775510205,1.5866629563584815,1.910503815305957,50
0.34346938775510205,1.618396215485651,1.9388617949732427,50
0.34346938775510205,1.6501294746128208,1.966992248088549,50
0.34346938775510205,1.6818627337399903,1.994903032635064,50
0.34346938775510205,1.71359599286716,2.0226017747655534,50
0.34346938775510205,1.7453292519943295,2.0500958766250594,50
0.34346938775510205,1.7770625111214993,2.077392524221269,50
0.34346938775510205,1.8087957702486688,2.1044986952871754,50
0.34346938775510205,1.8405290293758385,2.131421167090845,50
0.34346938775510205,1.872262288503008,2.1581665241557744,50
0.34346938775510205,1.9039955476301778,2.1847411658626736,50
0.34346938775510205,1.9357288067573473,2.2111513139097676,50
0.34346938775510205,1.967462065884517,2.237403019613975,50
0.34346938775510205,1.9991953250116865,2.2635021710397707,50
0.34346938775510205,2.0309285841388562,2.289454499946282,50
0.34346938775510205,2.0626618432660258,2.315265588546293,50
0.34346938775510205,2.0943951023931957,2.340940876073458,50
0.34346938775510205,2.126128361520365,2.3664856651561648,50
0.34346938775510205,2.1578616206475347,2.3919051279983243,50
0.34346938775510205,2.1895948797747042,2.4172043123688014,50
0.34346938775510205,2.221328138901874,2.442388147402413,50
0.34346938775510205,2.2530613980290437,2.4674614492164,50
0.34346938775510205,2.284794657156213,2.492428926347045,50
0.34346938775510205,2.3165279162833827,2.517295185011722,50
0.34346938775510205,2.3482611754105527,2.5420647342021407,50
0.34346938775510205,2.379994434537722,2.5667419906149114,50
0.34346938775510205,2.4117276936648917,2.591331283425812,50
0.34346938775510205,2.443460952792061,2.6158368589143244,50
0.34346938775510205,2.475194211919231,2.64026288494513,50
0.34346938775510205,2.5069274710464007,2.664613455313314,50
0.34346938775510205,2.53866073017357,2.6888925939600483,50
0.34346938775510205,2.57039398930074,2.7131042590655094,50
0.34346938775510205,2.6021272484279097,2.7372523470257404,50
0.34346938775510205,2.633860507555079,2.761340696320114,50
0.34346938775510205,2.6655937666822487,2.7853730912759582,50
0.34346938775510205,2.6973270258094186,2.809353265736822,50
0.34346938775510205,2.729060284936588,2.833284906640759,50
0.34346938775510205,2.7607935440637577,2.8571716575149013,50
0.34346938775510205,2.792526803190927,2.881017121892486,50
0.34346938775510205,2.824260062318097,2.9048248666583896,50
0.34346938775510205,2.8559933214452666,2.928598425329128,50
0.34346938775510205,2.887726580572436,2.9523413012731705,50
0.34346938775510205,2.9194598396996057,2.9760569708773246,50
0.34346938775510205,2.9511930988267756,2.9997488866648534,50
0.34346938775510205,2.982926357953945,3.0234204803709113,50
0.34346938775510205,3.0146596170811146,3.047075165980803,50
0.34346938775510205,3.0463928762082846,3.070716342736503,50
0.34346938775510205,3.078126135335454,3.0943473981168204,50
0.34346938775510205,3.1098593944626236,3.1179717107965335,50
0.34346938775510205,3.141592653589793,3.141592653589793,50
0.34400315038314705,5.330106614520079,5.000258919673235,50
0.34402300916336087,6.233065774203792,6.20681981479285,50
0.34438567011450716,6.127018439406195,6.046148727204668,50
0.34462392377123835,0.1742835806416305,0.2643163969989705,50
0.344865375740709,2.938093202395873,2.9901284632156098,50
0.345152485937627,4.677082042733646,4.353874644592822,50
0.34555424198822515,3.415696558991173,3.3456664466052444,50
0.3459483465778005,5.353012305921666,5.02369186045426,50
0.3465358884461306,3.4112397100726755,3.3421905924230653,50
0.34657293855566107,4.510563933506545,4.207271795211406,50
0.3470071714914237,0.4631740063641881,0.6818753147400141,50
0.34822905801709525,4.790799001367538,4.4541195113972725,50
0.3485694869996236,5.352377733651383,5.020190319596434,50
0.34870490341182386,5.165640118320057,4.8189117392458805,50
0.3493789421552674,2.7262189657496507,2.832498565833703,50
0.3503272988011493,6.271042779718954,6.264495671199595,50
0.35050826244644334,4.863010286109884,4.519033731084793,50
0.3506631082720234,3.624584545213852,3.5011878334263673,50
0.3509056198175028,3.833431108273534,3.6596614848633715,50
0.35103097486450713,5.956374542275217,5.790267154370091,50
0.3537047458703107,4.518991109258015,4.209138783245338,50
0.35468455417355843,2.759756771140295,2.858745847696875,50
0.3548000282589895,5.169216011760785,4.816330873601737,50
0.35531908263715456,1.4398024060389718,1.786859937348409,50
0.35535294220909674,3.8067178007953424,3.6375992342151826,50
0.35572638934951634,6.088945640598691,5.984148777434476,50
0.35623831109029497,4.368490865151099,4.080944063859244,50
0.35649349742031544,4.760119736869818,4.41887259795381,50
0.356959067930218,3.7813772449894048,3.6177567255593224,50
0.35716786139933576,5.0776729651868475,4.72051690153102,50
0.35739000172587304,5.12809376138024,4.77132425323232,50
0.35739328152752925,1.8443563455425018,2.1445249100961905,50
0.35763334839875444,5.625725945833795,5.335251985808779,50
0.35789165479170726,1.707260843266863,2.0283398798223047,50
0.35859603977030285,0.19963203436318327,0.3085189506228896,50
0.3593910879627078,0.8517827836112478,1.1847204777685711,50
0.3599551901002732,3.247369680912873,3.21939321002769,50
0.3599696029831758,2.4358289125324117,2.616331652119112,50
0.36004146191480346,0.0011938153076012095,0.001865456661659748,50
0.3604829538606543,3.1885271716098464,3.176092891107504,50
0.3612383719842144,2.7587469291409175,2.8593541013474866,50
0.3621105159599132,5.0034529548196325,4.6422331973285065,50
0.36243036456955735,0.8501730538539561,1.186116512198643,50
0.36250815775680567,4.4374073443235575,4.133885789123447,50
0.3636734693877551,0.0,0.0,50
0.3636734693877551,0.03173325912716963,0.04985765409604643,50
0.3636734693877551,0.06346651825433926,0.09964472084560627,50
0.3636734693877551,0.0951997773815089,0.14929177871129576,50
0.3636734693877551,0.12693303650867852,0.19873168520785692,50
0.3636734693877551,0.15866629563584814,0.24790058959661407,50
0.3636734693877551,0.1903995547630178,0.29673880556665894,50
0.3636734693877551,0.2221328138901874,0.3451915157258792,50
0.3636734693877551,0.25386607301735703,0.39320929233510904,50
0.3636734693877551,0.28559933214452665,0.44074843118553764,50
0.3636734693877551,0.3173325912716963,0.4877711065946032,50
0.3636734693877551,0.3490658503988659,0.5342453643049336,50
0.3636734693877551,0.3807991095260356,0.5801449751750644,50
0.3636734693877551,0.4125323686532052,0.625449175916257,50
0.3636734693877551,0.4442656277803748,0.6701423240393339,50
0.3636734693877551,0.47599888690754444,0.7142134931098578,50
0.3636734693877551,0.5077321460347141,0.7576560319328187,50
0.3636734693877551,0.5394654051618837,0.8004671079520584,50
0.3636734693877551,0.5711986642890533,0.8426472514345867,50
0.3636734693877551,0.6029319234162229,0.8841999132900648,50
0.3636734693877551,0.6346651825433925,0.9251310459130445,50
0.3636734693877551,0.6663984416705622,0.9654487133892812,50
0.3636734693877551,0.6981317007977318,1.0051627348526857,50
0.3636734693877551,0.7298649599249014,1.0442843627289708,50
0.3636734693877551,0.7615982190520711,1.082825996026613,50
0.3636734693877551,0.7933314781792408,1.1208009276817683,50
0.3636734693877551,0.8250647373064104,1.1582231241663796,50
0.3636734693877551,0.85679799643358,1.1951070350610447,50
0.3636734693877551,0.8885312555607496,1.2314674300134416,50
0.3636734693877551,0.9202645146879193,1.2673192603935703,50
0.3636734693877551,0.9519977738150889,1.3026775429717197,50
0.3636734693877551,0.9837310329422585,1.3375572630456163,50
0.3636734693877551,1.0154642920694281,1.3719732945994534,50
0.3636734693877551,1.0471975511965979,1.4059403352663493,50
0.3636734693877551,1.0789308103237674,1.4394728540701809,50
0.3636734693877551,1.110664069450937,1.472585050130404,50
0.3636734693877551,1.1423973285781066,1.5052908207160085,50
0.3636734693877551,1.1741305877052763,1.5376037372266955,50
0.3636734693877551,1.2058638468324459,1.5695370278573966,50
0.3636734693877551,1.2375971059596156,1.6011035658647312,50
0.3636734693877551,1.269330365086785,1.6323158625003678,50
0.3636734693877551,1.3010636242139548,1.6631860638067315,50
0.3636734693877551,1.3327968833411243,1.6937259505858406,50
0.3636734693877551,1.364530142468294,1.7239469409532768,50
0.3636734693877551,1.3962634015954636,1.7538600949775867,50
0.3636734693877551,1.4279966607226333,1.7834761209820695,50
0.3636734693877551,1.4597299198498028,1.8128053831521047,50
0.3636734693877551,1.4914631789769726,1.8418579101481938,50
0.3636734693877551,1.5231964381041423,1.8706434044737634,50
0.3636734693877551,1.5549296972313118,1.8991712523886035,50
0.3636734693877551,1.5866629563584815,1.9274505341944568,50
0.3636734693877551,1.618396215485651,1.9554900347495925,50
0.3636734693877551,1.6501294746128208,1.9832982540949353,50
0.3636734693877551,1.6818627337399903,2.0108834180960713,50
0.3636734693877551,1.71359599286716,2.0382534890238455,50
0.3636734693877551,1.7453292519943295,2.0654161760117304,50
0.3636734693877551,1.7770625111214993,2.0923789453411574,50
0.3636734693877551,1.8087957702486688,2.119149030516889,50
0.3636734693877551,1.8405290293758385,2.145733442103611,50
0.3636734693877551,1.872262288503008,2.172138977302493,50
0.3636734693877551,1.9039955476301778,2.1983722292527665,50
0.3636734693877551,1.9357288067573473,2.2244395960485424,50
0.3636734693877551,1.967462065884517,2.2503472894653784,50
0.3636734693877551,1.9991953250116865,2.2761013433945934,50
0.3636734693877551,2.0309285841388562,2.3017076219861563,50
0.3636734693877551,2.0626618432660258,2.327171827503284,50
0.3636734693877551,2.0943951023931957,2.3524995078936897,50
0.3636734693877551,2.126128361520365,2.3776960640838767,50
0.3636734693877551,2.1578616206475347,2.4027667570039912,50
0.3636734693877551,2.1895948797747042,2.4277167143515923,50
0.3636734693877551,2.221328138901874,2.452550937103336,50
0.3636734693877551,2.2530613980290437,2.4772743057840088,50
0.3636734693877551,2.284794657156213,2.501891586502655,50
0.3636734693877551,2.3165279162833827,2.526407436765695,50
0.3636734693877551,2.3482611754105527,2.5508264110770327,50
0.3636734693877551,2.379994434537722,2.5751529663351143,50
0.3636734693877551,2.4117276936648917,2.5993914670368623,50
0.3636734693877551,2.443460952792061,2.6235461902982586,50
0.3636734693877551,2.475194211919231,2.647621330701221,50
0.3636734693877551,2.5069274710464007,2.6716210049762,50
0.3636734693877551,2.53866073017357,2.6955492565297527,50
0.3636734693877551,2.57039398930074,2.7194100598260906,50
0.3636734693877551,2.6021272484279097,2.7432073246313986,50
0.3636734693877551,2.633860507555079,2.7669449001294706,50
0.3636734693877551,2.6655937666822487,2.790626578916983,50
0.3636734693877551,2.6973270258094186,2.814256100886492,50
0.3636734693877551,2.729060284936588,2.8378371570050143,50
0.3636734693877551,2.7607935440637577,2.8613733929958394,50
0.3636734693877551,2.792526803190927,2.884868412931006,50
0.3636734693877551,2.824260062318097,2.908325782741678,50
0.3636734693877551,2.8559933214452666,2.9317490336534786,50
0.3636734693877551,2.887726580572436,2.9551416655536498,50
0.3636734693877551,2.9194598396996057,2.9785071502967613,50
0.3636734693877551,2.9511930988267756,3.0018489349555346,50
0.3636734693877551,2.982926357953945,3.02517044502322,50
0.3636734693877551,3.0146596170811146,3.048475087573843,50
0.3636734693877551,3.0463928762082846,3.0717662543865307,50
0.3636734693877551,3.078126135335454,3.0950473250400474,50
0.3636734693877551,3.1098593944626236,3.118321669983585,50
0.3636734693877551,3.141592653589793,3.141592653589793,50
0.3648830311573668,5.24457033247781,4.8851169132653265,50
0.3654296539261258,0.8002168795230874,1.130848010946323,50
0.3654767153238699,2.2026008401478263,2.438821207200167,50
0.36709920134542123,2.6444570116325887,2.7757736262313357,50
0.3674413990821311,0.15386553331141964,0.24187713112257464,50
0.3679490062183475,5.884618254888413,5.674111731852975,50
0.3680544352137769,5.548542724093165,5.2284135248475465,50
0.3681946283107881,0.11241511290444078,0.17738553742898394,50
0.36825494692407745,1.7005340229730543,2.0305500420170683,50
0.36856885769943565,4.002148315014479,3.7819384574066914,50
0.3687541459516274,5.35249421529049,4.99875718615099,50
0.36905388403316736,4.457101248201994,4.145730654035037,50
0.36921126698929474,3.4648053998603916,3.3782442397800896,50
0.36959894197406884,6.25365310088534,6.236348650446781,50
0.36961663458246197,4.768931379302627,4.415486478584097,50
0.37128005795482966,0.9148150678776856,1.2693538121426173,50
0.37161883360395914,2.556928441765936,2.711781642146002,50
0.3725635972810458,3.5326068503183525,3.4275246448939622,50
0.3726402304036569,4.322294413387056,4.0325109575627796,50
0.3728518848854749,3.6089237125754154,3.4838050514151115,50
0.3743014839675353,4.251231222230473,3.974331579890496,50
0.3750497230788071,5.6719779880816095,5.376681381551196,50
0.37512566871681075,0.7808948568301981,1.1182608948303165,50
0.375130297667003,1.1550686634810277,1.5298850713617085,50
0.3756393498504956,5.5298195846540885,5.197524618848206,50
0.37653680761448177,5.4212538508337555,5.068317054108313,50
0.37718898397883355,0.39518407178001225,0.6118282230489326,50
0.3779614393505893,0.27059724147768094,0.42719354029415696,50
0.3790785939248224,3.6345744106972284,3.501180886927278,50
0.3795601420807986,2.184397977171121,2.431759940055775,50
0.3795922061962053,0.7028204354082751,1.027817087694941,50
0.38002767715707625,3.852375967991135,3.6630630408609672,50
0.3801760212398544,4.607659802637173,4.264914817236785,50
0.38116626292820854,4.331010545693101,4.034193938569985,50
0.3816309495916908,5.301653426854795,4.928935348828113,50
0.3819395562369188,0.02965259556707229,0.04796548935940431,50
0.38216982124974064,1.3900021890166194,1.7649886864020397,50
0.3828350151428185,4.476083877342877,4.151837209708835,50
0.38350980229996817,2.610277602582928,2.7549071109852643,50
0.38387755102040816,0.0,0.0,50
0.38387755102040816,0.03173325912716963,0.051490618600201626,50
0.38387755102040816,0.06346651825433926,0.10289651599647448,50
0.38387755102040816,0.0951997773815089,0.15413457535164113,50
0.38387755102040816,0.12693303650867852,0.20512480558525698,50
0.38387755102040816,0.15866629563584814,0.2557917050927439,50
0.38387755102040816,0.1903995547630178,0.30606540832493034,50
0.38387755102040816,0.2221328138901874,0.35588257556349934,50
0.38387755102040816,0.25386607301735703,0.40518700775480715,50
0.38387755102040816,0.28559933214452665,0.45392998875050306,50
0.38387755102040816,0.3173325912716963,0.5020703745580573,50
0.38387755102040816,0.3490658503988659,0.5495744618857982,50
0.38387755102040816,0.3807991095260356,0.5964156759277991,50
0.38387755102040816,0.4125323686532052,0.6425741202818832,50
0.38387755102040816,0.4442656277803748,0.6880360309495868,50
0.38387755102040816,0.47599888690754444,0.732793172598514,50
0.38387755102040816,0.5077321460347141,0.7768422097660742,50
0.38387755102040816,0.5394654051618837,0.8201840794073764,50
0.38387755102040816,0.5711986642890533,0.8628233848834661,50
0.38387755102040816,0.6029319234162229,0.9047678256596323,50
0.38387755102040816,0.6346651825433925,0.9460276719346717,50
0.38387755102040816,0.6663984416705622,0.9866152892775519,50
0.38387755102040816,0.6981317007977318,1.026544715112225,50
0.38387755102040816,0.7298649599249014,1.0658312864911053,50
0.38387755102040816,0.7615982190520711,1.1044913169181971,50
0.38387755102040816,0.7933314781792408,1.1425418188942607,50
0.38387755102040816,0.8250647373064104,1.1800002682314068,50
0.38387755102040816,0.85679799643358,1.2168844059081405,50
0.38387755102040816,0.8885312555607496,1.2532120732104521,50
0.38387755102040816,0.9202645146879193,1.2890010760506838,50
0.38387755102040816,0.9519977738150889,1.32426907461158,50
0.38387755102040816,0.9837310329422585,1.3590334947814342,50
0.38387755102040816,1.0154642920694281,1.3933114581935622,50
0.38387755102040816,1.0471975511965979,1.4271197280356838,50
0.38387755102040816,1.0789308103237674,1.4604746681363072,50
0.38387755102040816,1.110664069450937,1.4933922131559454,50
0.38387755102040816,1.1423973285781066,1.5258878480053677,50
0.38387755102040816,1.1741305877052763,1.5579765948785966,50
0.38387755102040816,1.2058638468324459,1.5896730065245495,50
0.38387755102040816,1.2375971059596156,1.6209911645890718,50
0.38387755102040816,1.269330365086785,1.6519446820403658,50
0.38387755102040816,1.3010636242139548,1.6825467088477428,50
0.38387755102040816,1.3327968833411243,1.7128099402186183,50
0.38387755102040816,1.364530142468294,1.7427466268142164,50
0.38387755102040816,1.3962634015954636,1.772368586462858,50
0.38387755102040816,1.4279966607226333,1.801687216973231,50
0.38387755102040816,1.4597299198498028,1.8307135097206346,50
0.38387755102040816,1.4914631789769726,1.8594580637387002,50
0.38387755102040816,1.5231964381041423,1.8879311000990724,50
0.38387755102040816,1.5549296972313118,1.916142476403426,50
0.38387755102040816,1.5866629563584815,1.944101701247172,50
0.38387755102040816,1.618396215485651,1.971817948543364,50
0.38387755102040816,1.6501294746128208,1.9993000716195282,50
0.38387755102040816,1.6818627337399903,2.0265566170201903,50
0.38387755102040816,1.71359599286716,2.0535958379644352,50
0.38387755102040816,1.7453292519943295,2.0804257074214423,50
0.38387755102040816,1.7770625111214993,2.107053930778109,50
0.38387755102040816,1.8087957702486688,2.133487958081947,50
0.38387755102040816,1.8405290293758385,2.1597349958498477,50
0.38387755102040816,1.872262288503008,2.1858020184392215,50
0.38387755102040816,1.9039955476301778,2.211695778982798,50
0.38387755102040816,1.9357288067573473,2.2374228198921293,50
0.38387755102040816,1.967462065884517,2.262989482937788,50
0.38387755102040816,1.9991953250116865,2.288401918916524,50
0.38387755102040816,2.0309285841388562,2.313666096917372,50
0.38387755102040816,2.0626618432660258,2.338787813199944,50
0.38387755102040816,2.0943951023931957,2.363772699699059,50
0.38387755102040816,2.126128361520365,2.3886262321704153,50
0.38387755102040816,2.1578616206475347,2.4133537379923915,50
0.38387755102040816,2.1895948797747042,2.4379604036391704,50
0.38387755102040816,2.221328138901874,2.462451281840401,50
0.38387755102040816,2.2530613980290437,2.4868312984424614,50
0.38387755102040816,2.284794657156213,2.511105258986166,50
0.38387755102040816,2.3165279162833827,2.535277855015455,50
0.38387755102040816,2.3482611754105527,2.5593536701312516,50
0.38387755102040816,2.379994434537722,2.5833371858042717,50
0.38387755102040816,2.4117276936648917,2.6072327869601644,50
0.38387755102040816,2.443460952792061,2.63104476734991,50
0.38387755102040816,2.475194211919231,2.654777334717965,50
0.38387755102040816,2.5069274710464007,2.678434615780204,50
0.38387755102040816,2.53866073017357,2.702020661023261,50
0.38387755102040816,2.57039398930074,2.7255394493364484,50
0.38387755102040816,2.6021272484279097,2.7489948924870022,50
0.38387755102040816,2.633860507555079,2.7723908394490158,50
0.38387755102040816,2.6655937666822487,2.795731080596021,50
0.38387755102040816,2.6973270258094186,2.819019351766813,50
0.38387755102040816,2.729060284936588,2.842259338213771,50
0.38387755102040816,2.7607935440637577,2.8654546784425894,50
0.38387755102040816,2.792526803190927,2.888608967952033,50
0.38387755102040816,2.824260062318097,2.9117257628820368,50
0.38387755102040816,2.8559933214452666,2.9348085835782123,50
0.38387755102040816,2.887726580572436,2.9578609180805713,50
0.38387755102040816,2.9194598396996057,2.9808862255440594,50
0.38387755102040816,2.9511930988267756,3.0038879395982865,50
0.38387755102040816,2.982926357953945,3.0268694716536606,50
0.38387755102040816,3.0146596170811146,3.0498342141609784,50
0.38387755102040816,3.0463928762082846,3.072785543831371,50
0.38387755102040816,3.078126135335454,3.0957268248233993,50
0.38387755102040816,3.1098593944626236,3.1186614119039855,50
0.38387755102040816,3.141592653589793,3.141592653589793,50
0.38434913904119794,1.8495420362402157,2.167477559382668,50
0.3846641810725682,5.697827159950005,5.400757321654555,50
0.3850489182809373,0.4422716175364817,0.6862560137468775,50
0.38517605759689844,3.020187320487652,3.0539152899992277,50
0.38543128229555074,0.14206615331969236,0.22989726907101185,50
0.3854838309768836,3.5400249764701193,3.4302799926557466,50
0.38613928345301407,3.5092447877953203,3.4076990739112896,50
0.3865726374688494,0.5945139930775277,0.8964787100967357,50
0.38671839916527645,3.5548623010067613,3.4408526299524915,50
0.3869441377815207,0.05069341710863153,0.08263039006431414,50
0.38716849794669134,2.342938572468472,2.5566985837941116,50
0.3876600326222568,0.7395185690133985,1.0817348254796202,50
0.38792120459413576,1.722893123055552,2.064491754327776,50
0.38865493787050776,2.436653570843454,2.6277037370755627,50
0.3889751026177435,5.704114976703846,5.404689997852347,50
0.3890396541232071,1.266379257544387,1.6540707675017117,50
0.3899406160922973,0.001392980362351453,0.002283350810444505,50
0.3899523796515066,2.061141428407711,2.341029183597622,50
0.390351601452876,4.1431200605664555,3.880287224648151,50
0.3907056589753348,1.680858710438019,2.030928553735308,50
0.3916331109820653,2.5614064182953467,2.721228958394892,50
0.39180379761848433,0.17772601843880617,0.28962081587084015,50
0.3920039538629106,2.1231588472374674,2.390637714682724,50
0.3920995432864548,2.2420777264523784,2.482270532186707,50
0.39235630734914706,5.8497543205025675,5.602981123014598,50
0.3929878771153422,2.6916773315566775,2.817007359765783,50
0.3941618989383036,1.0892794334887879,1.4818843672955129,50
0.39420764619992293,4.821986905727624,4.442092264838356,50
0.3944707627194201,3.593097527402139,3.4669907430745086,50
0.3948477062839139,5.402876935923663,5.027466671703524,50
0.3957556607389009,3.1289443534476997,3.1325306454011637,50
0.3963949382802984,3.4794809476595763,3.384238443193648,50
0.39732943814199184,2.8317140564300143,2.91930855037994,50
0.39739288549009205,4.909085762904513,4.519093699419315,50
0.39747227120867873,2.5548238536271635,2.718146915582848,50
0.3978319238093419,0.25453630532256816,0.41490271092790004,50
0.3978547468658569,0.7848717926653803,1.14763366988269,50
0.39789661138550253,4.945484520918815,4.5526533828780895,50
0.39805657297257135,4.276100990320133,3.980090373865361,50
0.3986501374323117,3.5901844413707793,3.463906997820131,50
0.39878487483122665,2.0930832400699253,2.370891974631075,50
0.39890714014471385,0.8897137284725296,1.270805337429831,50
0.39893181911079917,0.10047899997889743,0.16665608187591965,50
0.39905409797172225,2.169633999111827,2.430178606001352,50
0.3993807129197862,3.141421899600922,3.141470632479015,50
0.3998106927191378,4.836734639915902,4.450551144982382,50
0.4000311538914463,1.3007993879803799,1.697617860503452,50
0.4002519550577586,6.084355208066264,5.955553409900262,50
0.4003616195025683,1.5084649046996024,1.8887582239278566,50
0.4015205834475245,1.6940006985991936,2.050248870170462,50
0.4023401698082439,1.4178473372842995,1.808841801941394,50
0.40240685644888713,0.09280267789685927,0.15487763946425614,50
0.4027096359771721,1.0590311837354798,1.4592374811505253,50
0.40339542345221435,1.8614310638676552,2.189945266915665,50
0.4040816326530612,0.0,0.0,50
0.4040816326530612,0.03173325912716963,0.053233970492844306,50
0.4040816326530612,0.06346651825433926,0.10636611033937635,50
0.4040816326530612,0.0951997773815089,0.15929680281778702,50
0.4040816326530612,0.12693303650867852,0.21193072761817452,50
0.4040816326530612,0.15866629563584814,0.26417869548152556,50
0.4040816326530612,0.1903995547630178,0.31595914585425405,50
0.4040816326530612,0.2221328138901874,0.36719925314071744,50
0.4040816326530612,0.25386607301735703,0.41783562368167476,50
0.4040816326530612,0.28559933214452665,0.4678145988125846,50
0.4040816326530612,0.3173325912716963,0.517092205542363,50
0.4040816326530612,0.3490658503988659,0.5656338136797018,50
0.4040816326530612,0.3807991095260356,0.6134135665293359,50
0.4040816326530612,0.4125323686532052,0.6604136528168638,50
0.4040816326530612,0.4442656277803748,0.706623482244056,50
0.4040816326530612,0.47599888690754444,0.7520388181807315,50
0.4040816326530612,0.5077321460347141,0.7966609104090512,50
0.4040816326530612,0.5394654051618837,0.8404956600701609,50
0.4040816326530612,0.5711986642890533,0.8835528390509222,50
0.4040816326530612,0.6029319234162229,0.9258453775710603,50
0.4040816326530612,0.6346651825433925,0.9673887269153887,50
0.4040816326530612,0.6663984416705622,1.0082002990829797,50
0.4040816326530612,0.6981317007977318,1.0482989814285886,50
0.4040816326530612,0.7298649599249014,1.0877047219136018,50
0.4040816326530612,0.7615982190520711,1.1264381791088376,50
0.4040816326530612,0.7933314781792408,1.1645204303592125,50
0.4040816326530612,0.8250647373064104,1.201972731322107,50
0.4040816326530612,0.85679799643358,1.2388163202568696,50
0.4040816326530612,0.8885312555607496,1.2750722608395362,50
0.4040816326530612,0.9202645146879193,1.3107613178054038,50
0.4040816326530612,0.9519977738150889,1.3459038603114755,50
0.4040816326530612,0.9837310329422585,1.3805197885121692,50
0.4040816326530612,1.0154642920694281,1.41462847942334,50
0.4040816326530612,1.0471975511965979,1.4482487486923397,50
0.4040816326530612,1.0789308103237674,1.481398825385333,50
0.4040816326530612,1.110664069450937,1.5140963373432696,50
0.4040816326530612,1.1423973285781066,1.5463583050447467,50
0.4040816326530612,1.1741305877052763,1.578201142249976,50
0.4040816326530612,1.2058638468324459,1.6096406619890864,50
0.4040816326530612,1.2375971059596156,1.6406920867047035,50
0.4040816326530612,1.269330365086785,1.6713700615679399,50
0.4040816326530612,1.3010636242139548,1.701688670163353,50
0.4040816326530612,1.3327968833411243,1.7316614518864792,50
0.4040816326530612,1.364530142468294,1.761301420521299,50
0.4040816326530612,1.3962634015954636,1.7906210835679863,50
0.4040816326530612,1.4279966607226333,1.8196324619767859,50
0.4040816326530612,1.4597299198498028,1.848347110014505,50
0.4040816326530612,1.4914631789769726,1.8767761350483876,50
0.4040816326530612,1.5231964381041423,1.9049302170799678,50
0.4040816326530612,1.5549296972313118,1.932819627900707,50
0.4040816326530612,1.5866629563584815,1.9604542497731794,50
0.4040816326530612,1.618396215485651,1.9878435935675587,50
0.4040816326530612,1.6501294746128208,2.0149968163041896,50
0.4040816326530612,1.6818627337399903,2.041922738069947,50
0.4040816326530612,1.71359599286716,2.0686298582896527,50
0.4040816326530612,1.7453292519943295,2.0951263713445716,50
0.4040816326530612,1.7770625111214993,2.121420181538516,50
0.4040816326530612,1.8087957702486688,2.147518917418692,50
0.4040816326530612,1.8405290293758385,2.173429945463536,50
0.4040816326530612,1.872262288503008,2.199160383153611,50
0.4040816326530612,1.9039955476301778,2.2247171114445066,50
0.4040816326530612,1.9357288067573473,2.2501067866626876,50
0.4040816326530612,1.967462065884517,2.2753358518466245,50
0.4040816326530612,1.9991953250116865,2.3004105475563708,50
0.4040816326530612,2.0309285841388562,2.3253369221751923,50
0.4040816326530612,2.0626618432660258,2.35012084172694,50
0.4040816326530612,2.0943951023931957,2.374767999232715,50
0.4040816326530612,2.126128361520365,2.3992839236300028,50
0.4040816326530612,2.1578616206475347,2.4236739882769704,50
0.4040816326530612,2.1895948797747042,2.4479434190639795,50
0.4040816326530612,2.221328138901874,2.4720973021537023,50
0.4040816326530612,2.2530613980290437,2.496140591370459,50
0.4040816326530612,2.284794657156213,2.520078115258635,50
0.4040816326530612,2.3165279162833827,2.5439145838292267,50
0.4040816326530612,2.3482611754105527,2.5676545950127743,50
0.4040816326530612,2.379994434537722,2.59130264083615,50
0.4040816326530612,2.4117276936648917,2.6148631133398936,50
0.4040816326530612,2.443460952792061,2.6383403102520213,50
0.4040816326530612,2.475194211919231,2.661738440433524,50
0.4040816326530612,2.5069274710464007,2.6850616291100504,50
0.4040816326530612,2.53866073017357,2.708313922903616,50
0.4040816326530612,2.57039398930074,2.731499294677525,50
0.4040816326530612,2.6021272484279097,2.7546216482071033,50
0.4040816326530612,2.633860507555079,2.7776848226882707,50
0.4040816326530612,2.6655937666822487,2.8006925970954213,50
0.4040816326530612,2.6973270258094186,2.8236486943996173,50
0.4040816326530612,2.729060284936588,2.846556785657597,50
0.4040816326530612,2.7607935440637577,2.86942049398169,50
0.4040816326530612,2.792526803190927,2.8922433984003058,50
0.4040816326530612,2.824260062318097,2.915029037618314,50
0.4040816326530612,2.8559933214452666,2.9377809136862685,50
0.4040816326530612,2.887726580572436,2.9605024955871446,50
0.4040816326530612,2.9194598396996057,2.983197222748944,50
0.4040816326530612,2.9511930988267756,3.0058685084913024,50
0.4040816326530612,2.982926357953945,3.028519743413977,50
0.4040816326530612,3.0146596170811146,3.051154298734919,50
0.4040816326530612,3.0463928762082846,3.0737755295854434,50
0.4040816326530612,3.078126135335454,3.0963867782698697,50
0.4040816326530612,3.1098593944626236,3.118991377496886,50
0.4040816326530612,3.141592653589793,3.141592653589793,50
0.4043717833855941,5.077493074808148,4.673428159775217,50
0.4044816441693314,5.626069528452085,5.286418280036464,50
0.4046450283034676,3.4595713493935167,3.3685288964321214,50
0.406420092170593,3.0929710789938123,3.107019502975961,50
0.4065802278046525,5.606594889888606,5.259325968770248,50
0.40731316105285714,4.374067413909578,4.052312325023148,50
0.40775677272886157,3.073477291641469,3.0932014375720667,50
0.40819448703485617,5.711653179613261,5.3948970176891144,50
0.4082607777108752,4.139100136582473,3.867952614610887,50
0.4083843223123947,3.6463359209130526,3.502229333458649,50
0.40849583753183893,6.026062553041002,5.857302904579079,50
0.4085835040629718,2.2630384430142367,2.5056958775076303,50
0.40958406589539714,5.150244703343513,4.7408262370103555,50
0.4101432955769182,3.2662075348428385,3.2299964995014454,50
0.41031460411327003,0.0590014324327984,0.09994007656054824,50
0.4110362024423179,2.493273528156077,2.677323117176283,50
0.4115467912899226,1.8211256539401632,2.1626675698264597,50
0.41158889022323303,5.804063257035095,5.51937664954565,50
0.4117868387713736,5.832122822546487,5.559439007817143,50
0.41204060039309565,5.300708433257627,4.895560911592033,50
0.41279609996766026,4.2812020072830075,3.9755004783332413,50
0.4128772275321848,1.4537567489886385,1.8505793964821495,50
0.4130486456004966,5.906462814710006,5.668133350283112,50
0.4132864499337551,3.291739194832354,3.2478904436453213,50
0.41331050857863155,0.5755456620924329,0.8990616958460202,50
0.41357496335988925,2.479720638290733,2.668253330318475,50
0.41400800531666937,5.175970927381904,4.762482256105371,50
0.41416977497085655,5.5506836072535926,5.181200260579254,50
0.41494061203480076,4.059220599848611,3.8040189334495476,50
0.41503609310360445,1.99816217874035,2.3059937609281196,50
0.4173638614648453,0.9886884755846126,1.3999780209174388,50
0.417676648765976,3.6067931837303986,3.471488954098069,50
0.4177356168097184,2.381942029726253,2.5980005804625863,50
0.4182654113719162,2.9014847072739123,2.972056578101691,50
0.4187701213397515,3.3881652886847635,3.3156448748337026,50
0.4201074599137458,1.5608007019777714,1.9509203188932929,50
0.42105563603922,1.2472942445440403,1.6664260607872647,50
0.42111309636201,4.527282867370955,4.1672154544863655,50
0.422049116753153,0.09136776450997885,0.15761320348963367,50
0.42209701592953314,1.4231439582217895,1.8310290226619486,50
0.42219346993454615,1.087874625799942,1.509269223277825,50
0.42227866494008737,0.5115805489475388,0.8204604513176937,50
0.4223453631836188,1.5487024424066531,1.942244921744581,50
0.42289479153027193,4.625893495009806,4.24781941888446,50
0.42307430573569904,5.7538645206569,5.437117491247407,50
0.4235978578525013,1.4331333213474124,1.8413248368051323,50
0.4236447604235219,3.120051970438234,3.1264618229656813,50
0.42428571428571427,0.0,0.0,50
0.42428571428571427,0.03173325912716963,0.05509926157140783,50
0.42428571428571427,0.06346651825433926,0.1100758853983557,50
0.42428571428571427,0.0951997773815089,0.16481029974422176,50
0.42428571428571427,0.12693303650867852,0.21918885572291547,50
0.42428571428571427,0.15866629563584814,0.2731062932149178,50
0.42428571428571427,0.1903995547630178,0.32646768311868624,50
0.42428571428571427,0.2221328138901874,0.37918977404424686,50
0.42428571428571427,0.25386607301735703,0.43120173321618366,50
0.42428571428571427,0.28559933214452665,0.4824453243892427,50
0.42428571428571427,0.3173325912716963,0.5328746039577187,50
0.42428571428571427,0.3490658503988659,0.5824552380674708,50
0.42428571428571427,0.3807991095260356,0.6311635496730927,50
0.42428571428571427,0.4125323686532052,0.6789853985079176,50
0.42428571428571427,0.4442656277803748,0.7259149830564217,50
0.42428571428571427,0.47599888690754444,0.771953635832124,50
0.42428571428571427,0.5077321460347141,0.8171086647491225,50
0.42428571428571427,0.5394654051618837,0.8613922762864125,50
0.42428571428571427,0.5711986642890533,0.9048206016753017,50
0.42428571428571427,0.6029319234162229,0.9474128359322443,50
0.42428571428571427,0.6346651825433925,0.9891904911437629,50
0.42428571428571427,0.6663984416705622,1.0301767596275024,50
0.42428571428571427,0.6981317007977318,1.0703959789595539,50
0.42428571428571427,0.7298649599249014,1.109873188873089,50
0.42428571428571427,0.7615982190520711,1.1486337692441673,50
0.42428571428571427,0.7933314781792408,1.18670314840951,50
0.42428571428571427,0.8250647373064104,1.2241065716118087,50
0.42428571428571427,0.85679799643358,1.2608689202198726,50
0.42428571428571427,0.8885312555607496,1.2970145733666434,50
0.42428571428571427,0.9202645146879193,1.3325673046814976,50
0.42428571428571427,0.9519977738150889,1.3675502077964112,50
0.42428571428571427,0.9837310329422585,1.4019856452384223,50
0.42428571428571427,1.0154642920694281,1.4358952161627723,50
0.42428571428571427,1.0471975511965979,1.4692997391245401,50
0.42428571428571427,1.0789308103237674,1.5022192467321729,50
0.42428571428571427,1.110664069450937,1.5346729895797164,50
0.42428571428571427,1.1423973285781066,1.5666794473239822,50
0.42428571428571427,1.1741305877052763,1.5982563451677738,50
0.42428571428571427,1.2058638468324459,1.6294206743401007,50
0.42428571428571427,1.2375971059596156,1.6601887154381787,50
0.42428571428571427,1.269330365086785,1.690576063722207,50
0.42428571428571427,1.3010636242139548,1.7205976556399634,50
0.42428571428571427,1.3327968833411243,1.7502677960105621,50
0.42428571428571427,1.364530142468294,1.7796001854210268,50
0.42428571428571427,1.3962634015954636,1.8086079474902998,50
0.42428571428571427,1.4279966607226333,1.8373036557371218,50
0.42428571428571427,1.4597299198498028,1.865699359854152,50
0.42428571428571427,1.4914631789769726,1.8938066112437018,50
0.42428571428571427,1.5231964381041423,1.921636487712805,50
0.42428571428571427,1.5549296972313118,1.949199617259049,50
0.42428571428571427,1.5866629563584815,1.9765062009052279,50
0.42428571428571427,1.618396215485651,2.0035660345617745,50
0.42428571428571427,1.6501294746128208,2.0303885299122126,50
0.42428571428571427,1.6818627337399903,2.056982734329356,50
0.42428571428571427,1.71359599286716,2.0833573498394937,50
0.42428571428571427,1.7453292519943295,2.1095207511588483,50
0.42428571428571427,1.7770625111214993,2.1354810028317255,50
0.42428571428571427,1.8087957702486688,2.161245875503344,50
0.42428571428571427,1.8405290293758385,2.1868228613626965,50
0.42428571428571427,1.872262288503008,2.212219188792159,50
0.42428571428571427,1.9039955476301778,2.237441836261226,50
0.42428571428571427,1.9357288067573473,2.262497545501778,50
0.42428571428571427,1.967462065884517,2.2873928340019085,50
0.42428571428571427,1.9991953250116865,2.312134006854585,50
0.42428571428571427,2.0309285841388562,2.3367271679964787,50
0.42428571428571427,2.0626618432660258,2.3611782308711,50
0.42428571428571427,2.0943951023931957,2.385492928549139,50
0.42428571428571427,2.126128361520365,2.4096768233375454,50
0.42428571428571427,2.1578616206475347,2.433735315907495,50
0.42428571428571427,2.1895948797747042,2.45767365396999,50
0.42428571428571427,2.221328138901874,2.4814969405264526,50
0.42428571428571427,2.2530613980290437,2.5052101417202812,50
0.42428571428571427,2.284794657156213,2.5288180943140315,50
0.42428571428571427,2.3165279162833827,2.55232551281557,50
0.42428571428571427,2.3482611754105527,2.5757369962753263,50
0.42428571428571427,2.379994434537722,2.599057034775567,50
0.42428571428571427,2.4117276936648917,2.6222900156315156,50
0.42428571428571427,2.443460952792061,2.6454402293230403,50
0.42428571428571427,2.475194211919231,2.668511875174649,50
0.42428571428571427,2.5069274710464007,2.6915090668005686,50
0.42428571428571427,2.53866073017357,2.7144358373307993,50
0.42428571428571427,2.57039398930074,2.7372961444331882,50
0.42428571428571427,2.6021272484279097,2.7600938751457993,50
0.42428571428571427,2.633860507555079,2.7828328505331186,50
0.42428571428571427,2.6655937666822487,2.8055168301789624,50
0.42428571428571427,2.6973270258094186,2.8281495165283217,50
0.42428571428571427,2.729060284936588,2.850734559089806,50
0.42428571428571427,2.7607935440637577,2.873275558509804,50
0.42428571428571427,2.792526803190927,2.895776070528991,50
0.42428571428571427,2.824260062318097,2.9182396098313625,50
0.42428571428571427,2.8559933214452666,2.9406696537955628,50
0.42428571428571427,2.887726580572436,2.9630696461579005,50
0.42428571428571427,2.9194598396996057,2.985443000596112,50
0.42428571428571427,2.9511930988267756,3.0077931042426256,50
0.42428571428571427,2.982926357953945,3.0301233211358154,50
0.42428571428571427,3.0146596170811146,3.0524369956175077,50
0.42428571428571427,3.0463928762082846,3.074737455684775,50
0.42428571428571427,3.078126135335454,3.097028016303905,50
0.42428571428571427,3.1098593944626236,3.1193119826942817,50
0.42428571428571427,3.141592653589793,3.141592653589793,50
0.42492475865458385,3.6091293028275913,3.4714804881919186,50
0.4256186738054765,0.05426290253714997,0.09436817129774873,50
0.4275634156657478,5.456513869731344,5.053599341654837,50
0.4277087073920662,3.6562017348006672,3.5044055840520922,50
0.4288494997738174,2.502816081987716,2.689975185072315,50
0.42943085276502785,0.5958394309450569,0.9435188848960374,50
0.42977106003126675,6.047082638009441,5.877457229149578,50
0.43334680081253485,4.596974627311587,4.2159413924850915,50
0.4344803483389056,4.196472899906822,3.898215372489159,50
0.4345044281254099,3.860220958354151,3.649064981442977,50
0.43493215705734245,1.622785915787802,2.0154290538282957,50
0.4351158642795663,3.2088636119128617,3.188472791209132,50
0.43532582577387774,2.291553491578144,2.5384756534000146,50
0.4355688008419104,0.7753596951864807,1.1777078601665028,50
0.4363339120613313,5.590094407452313,5.205806744742375,50
0.43649866741736626,0.074677793842209,0.1322264063750065,50
0.4366672837796607,5.239273314932855,4.804455368249922,50
0.4367517611180421,2.3187040659283547,2.559000619262749,50
0.4377195352216221,4.05903245818963,3.793475067151096,50
0.43901061420094056,0.33185726260040443,0.568034574632895,50
0.44135315708366246,4.210122766517188,3.904982439004067,50
0.44137759797904663,4.2768783196208195,3.955889489138559,50
0.44152407006393324,4.925269212950463,4.494212055396978,50
0.4417928167118282,3.429041338063711,3.3413679504362164,50
0.4423619752481025,2.9313365185472846,2.9956618698681123,50
0.44264039867897415,0.7474801605491301,1.151838008175917,50
0.4427820148945333,0.2552076679722906,0.4463434105265725,50
0.44335429609444865,1.9406080434518969,2.2777188234353845,50
0.4442423397462367,2.4819394379067967,2.679852412723621,50
0.4442649300766907,4.972045795960735,4.534770377956041,50
0.44448979591836735,0.0,0.0,50
0.44448979591836735,0.03173325912716963,0.05709970693724573,50
0.44448979591836735,0.06346651825433926,0.11405134537695343,50
0.44448979591836735,0.0951997773815089,0.17071111161412222,50
0.44448979591836735,0.12693303650867852,0.22694339675197292,50
0.44448979591836735,0.15866629563584814,0.2826240974750035,50
0.44448979591836735,0.1903995547630178,0.3376431116013998,50
0.44448979591836735,0.2221328138901874,0.391905929055283,50
0.44448979591836735,0.25386607301735703,0.4453343321629427,50
0.44448979591836735,0.28559933214452665,0.4978663021109114,50
0.44448979591836735,0.3173325912716963,0.5494552818957859,50
0.44448979591836735,0.3490658503988659,0.6000689691114304,50
0.44448979591836735,0.3807991095260356,0.6496878094034227,50
0.44448979591836735,0.4125323686532052,0.69830334130228,50
0.44448979591836735,0.4442656277803748,0.7459165136623193,50
0.44448979591836735,0.47599888690754444,0.7925360648977761,50
0.44448979591836735,0.5077321460347141,0.8381770233055262,50
0.44448979591836735,0.5394654051618837,0.882859362585982,50
0.44448979591836735,0.5711986642890533,0.9266068271615737,50
0.44448979591836735,0.6029319234162229,0.9694459278923513,50
0.44448979591836735,0.6346651825433925,1.011405099549904,50
0.44448979591836735,0.6663984416705622,1.0525140059530456,50
0.44448979591836735,0.6981317007977318,1.0928029760117552,50
0.44448979591836735,0.7298649599249014,1.1323025532129536,50
0.44448979591836735,0.7615982190520711,1.171043141625455,50
0.44448979591836735,0.7933314781792408,1.209054732785277,50
0.44448979591836735,0.8250647373064104,1.246366699479414,50
0.44448979591836735,0.85679799643358,1.2830076442294218,50
0.44448979591836735,0.8885312555607496,1.319005292029767,50
0.44448979591836735,0.9202645146879193,1.3543864185291823,50
0.44448979591836735,0.9519977738150889,1.389176806310228,50
0.44448979591836735,0.9837310329422585,1.423401223206262,50
0.44448979591836735,1.0154642920694281,1.4570834176974292,50
0.44448979591836735,1.0471975511965979,1.4902461273599565,50
0.44448979591836735,1.0789308103237674,1.5229110971229425,50
0.44448979591836735,1.110664069450937,1.5550991047329488,50
0.44448979591836735,1.1423973285781066,1.5868299913578405,50
0.44448979591836735,1.1741305877052763,1.6181226956951535,50
0.44448979591836735,1.2058638468324459,1.6489952903026006,50
0.44448979591836735,1.2375971059596156,1.6794650191531104,50
0.44448979591836735,1.269330365086785,1.7095483356458658,50
0.44448979591836735,1.3010636242139548,1.7392609404883241,50
0.44448979591836735,1.3327968833411243,1.7686178190105524,50
0.44448979591836735,1.364530142468294,1.7976332775894206,50
0.44448979591836735,1.3962634015954636,1.8263209789520312,50
0.44448979591836735,1.4279966607226333,1.8546939761999455,50
0.44448979591836735,1.4597299198498028,1.8827647454521643,50
0.44448979591836735,1.4914631789769726,1.9105452170485642,50
0.44448979591836735,1.5231964381041423,1.9380468052891173,50
0.44448979591836735,1.5549296972313118,1.965280436709806,50
0.44448979591836735,1.5866629563584815,1.9922565769153204,50
0.44448979591836735,1.618396215485651,2.018985256002736,50
0.44448979591836735,1.6501294746128208,2.0454760926205116,50
0.44448979591836735,1.6818627337399903,2.0717383167141143,50
0.44448979591836735,1.71359599286716,2.0977807910141677,50
0.44448979591836735,1.7453292519943295,2.123612031325633,50
0.44448979591836735,1.7770625111214993,2.1492402256777807,50
0.44448979591836735,1.8087957702486688,2.1746732523947805,50
0.44448979591836735,1.8405290293758385,2.199918697146016,50
0.44448979591836735,1.872262288503008,2.224983869033897,50
0.44448979591836735,1.9039955476301778,2.2498758157751557,50
0.44448979591836735,1.9357288067573473,2.274601338029532,50
0.44448979591836735,1.967462065884517,2.2991670029274944,50
0.44448979591836735,1.9991953250116865,2.323579156846221,50
0.44448979591836735,2.0309285841388562,2.3478439374806506,50
0.44448979591836735,2.0626618432660258,2.371967285253948,50
0.44448979591836735,2.0943951023931957,2.3959549541093184,50
0.44448979591836735,2.126128361520365,2.419812521722737,50
0.44448979591836735,2.1578616206475347,2.4435453991739067,50
0.44448979591836735,2.1895948797747042,2.467158840110524,50
0.44448979591836735,2.221328138901874,2.4906579494388814,50
0.44448979591836735,2.2530613980290437,2.514047691571818,50
0.44448979591836735,2.284794657156213,2.537332898263176,50
0.44448979591836735,2.3165279162833827,2.5605182760561176,50
0.44448979591836735,2.3482611754105527,2.5836084133710173,50
0.44448979591836735,2.379994434537722,2.6066077872570568,50
0.44448979591836735,2.4117276936648917,2.629520769830205,50
0.44448979591836735,2.443460952792061,2.652351634418888,50
0.44448979591836735,2.475194211919231,2.6751045614373714,50
0.44448979591836735,2.5069274710464007,2.6977836440057192,50
0.44448979591836735,2.53866073017357,2.720392893334058,50
0.44448979591836735,2.57039398930074,2.742936243887874,50
0.44448979591836735,2.6021272484279097,2.765417558350119,50
0.44448979591836735,2.633860507555079,2.787840632395021,50
0.44448979591836735,2.6655937666822487,2.8102091992876996,50
0.44448979591836735,2.6973270258094186,2.832526934322924,50
0.44448979591836735,2.729060284936588,2.854797459115679,50
0.44448979591836735,2.7607935440637577,2.877024345755584,50
0.44448979591836735,2.792526803190927,2.8992111208366182,50
0.44448979591836735,2.824260062318097,2.921361269373091,50
0.44448979591836735,2.8559933214452666,2.943478238612329,50
0.44448979591836735,2.887726580572436,2.9655654417541095,50
0.44448979591836735,2.9194598396996057,2.9876262615864904,50
0.44448979591836735,2.9511930988267756,3.0096640540473407,50
0.44448979591836735,2.982926357953945,3.031682151720573,50
0.44448979591836735,3.0146596170811146,3.053683867275804,50
0.44448979591836735,3.0463928762082846,3.0756724968599523,50
0.44448979591836735,3.078126135335454,3.0976513234490706,50
0.44448979591836735,3.1098593944626236,3.119623620168562,50
0.44448979591836735,3.141592653589793,3.141592653589793,50
0.4448415987099251,5.952934627470719,5.712703386858627,50
0.44590930274566676,2.600961518525859,2.7649621577771293,50
0.4460662308242889,5.828023883181526,5.519544008202865,50
0.44684069188556463,4.131476259193589,3.843099071575085,50
0.4472127818511596,6.045218639817285,5.862640518651766,50
0.4473943451836316,1.5383224261285124,1.9533727950776771,50
0.44767597195954295,3.242396810397803,3.211241775265231,50
0.4479328886560706,3.500598442007512,3.3903273234962974,50
0.4481915314380667,1.741323565879592,2.122919575415464,50
0.4494588977193859,3.8754744819673927,3.6548013530071364,50
0.44950654480772156,6.064095590513249,5.893207733501724,50
0.4495990005955856,2.921632788414198,2.9896731952667195,50
0.4504664171355701,1.326443996141482,1.768165032103489,50
0.4508507248957853,5.200116167616021,4.749577161231609,50
0.4511464636213502,2.4107171716328644,2.631136278400787,50
0.45199069718714924,3.453040127771375,3.356604044756961,50
0.453334370252137,1.2424406499819696,1.692425894093035,50
0.4541432521119026,5.109763351142848,4.65633342248624,50
0.456570031584061,1.7951405538546243,2.1717245932878004,50
0.4589080810266192,2.345506039477691,2.5871191840205117,50
0.45922790344063436,5.315306753894466,4.861150865791546,50
0.4597262057434997,5.283261101524089,4.826526139921211,50
0.45989402429854936,2.3493984602656277,2.59028980020977,50
0.460020947009616,1.3837628089668181,1.8285830950458999,50
0.46010804373084596,4.762346601567949,4.33467201589792,50
0.4626313196186102,4.4527156928849925,4.07964590875002,50
0.4646045158499438,2.7778684644150267,2.8924344682420364,50
0.4646938775510204,0.0,0.0,50
0.4646938775510204,0.03173325912716963,0.05925049382009752,50
0.4646938775510204,0.06346651825433926,0.11832166815008037,50
0.4646938775510204,0.0951997773815089,0.1770401669786154,50
0.4646938775510204,0.12693303650867852,0.23524402175000794,50
0.4646938775510204,0.15866629563584814,0.29278708943933457,50
0.4646938775510204,0.1903995547630178,0.34954221885678016,50
0.4646938775510204,0.2221328138901874,0.40540304608977235,50
0.4646938775510204,0.25386607301735703,0.4602844912796185,50
0.4646938775510204,0.28559933214452665,0.514122155030896,50
0.4646938775510204,0.3173325912716963,0.5668708815920146,50
0.4646938775510204,0.3490658503988659,0.6185027713568657,50
0.4646938775510204,0.3807991095260356,0.6690049008903034,50
0.4646938775510204,0.4125323686532052,0.7183769613222553,50
0.4646938775510204,0.4442656277803748,0.7666289704425985,50
0.4646938775510204,0.47599888690754444,0.8137791607130502,50
0.4646938775510204,0.5077321460347141,0.8598521006306448,50
0.4646938775510204,0.5394654051618837,0.9048770726409022,50
0.4646938775510204,0.5711986642890533,0.9488867068655664,50
0.4646938775510204,0.6029319234162229,0.9919158547440997,50
0.4646938775510204,0.6346651825433925,1.0340006783006763,50
0.4646938775510204,0.6663984416705622,1.075177927203191,50
0.4646938775510204,0.6981317007977318,1.1154843754407548,50
0.4646938775510204,0.7298649599249014,1.1549563910485716,50
0.4646938775510204,0.7615982190520711,1.193629614946955,50
0.4646938775510204,0.7933314781792408,1.231538728023287,50
0.4646938775510204,0.8250647373064104,1.2687172886865388,50
0.4646938775510204,0.85679799643358,1.3051976260400826,50
0.4646938775510204,0.8885312555607496,1.3410107764362138,50
0.4646938775510204,0.9202645146879193,1.3761864534519281,50
0.4646938775510204,0.9519977738150889,1.410753043259638,50
0.4646938775510204,0.9837310329422585,1.4447376189818604,50
0.4646938775510204,1.0154642920694281,1.4781659689501339,50
0.4646938775510204,1.0471975511965979,1.5110626348739016,50
0.4646938775510204,1.0789308103237674,1.543450956802614,50
0.4646938775510204,1.110664069450937,1.5753531224685944,50
0.4646938775510204,1.1423973285781066,1.6067902191599754,50
0.4646938775510204,1.1741305877052763,1.637782286718635,50
0.4646938775510204,1.2058638468324459,1.668348370609714,50
0.4646938775510204,1.2375971059596156,1.6985065742854444,50
0.4646938775510204,1.269330365086785,1.7282741102817356,50
0.4646938775510204,1.3010636242139548,1.7576673496536084,50
0.4646938775510204,1.3327968833411243,1.7867018694850192,50
0.4646938775510204,1.364530142468294,1.8153924983079304,50
0.4646938775510204,1.3962634015954636,1.843753359340998,50
0.4646938775510204,1.4279966607226333,1.8717979115151193,50
0.4646938775510204,1.4597299198498028,1.8995389882953226,50
0.4646938775510204,1.4914631789769726,1.926988834339349,50
0.4646938775510204,1.5231964381041423,1.9541591400552734,50
0.4646938775510204,1.5549296972313118,1.981061074135696,50
0.4646938775510204,1.5866629563584815,2.007705314155955,50
0.4646938775510204,1.618396215485651,2.0341020753297254,50
0.4646938775510204,1.6501294746128208,2.0602611375182582,50
0.4646938775510204,1.6818627337399903,2.0861918705901368,50
0.4646938775510204,1.71359599286716,2.1119032582273873,50
0.4646938775510204,1.7453292519943295,2.1374039202715096,50
0.4646938775510204,1.7770625111214993,2.162702133699933,50
0.4646938775510204,1.8087957702486688,2.1878058523196895,50
0.4646938775510204,1.8405290293758385,2.212722725261126,50
0.4646938775510204,1.872262288503008,2.237460114350198,50
0.4646938775510204,1.9039955476301778,2.262025110433638,50
0.4646938775510204,1.9357288067573473,2.2864245487269805,50
0.4646938775510204,1.967462065884517,2.3106650232512234,50
0.4646938775510204,1.9991953250116865,2.33475290041983,50
0.4646938775510204,2.0309285841388562,2.358694331833856,50
0.4646938775510204,2.0626618432660258,2.3824952663392276,50
0.4646938775510204,2.0943951023931957,2.4061614613966706,50
0.4646938775510204,2.126128361520365,2.429698493811406,50
0.4646938775510204,2.1578616206475347,2.4531117698666027,50
0.4646938775510204,2.1895948797747042,2.476406534901596,50
0.4646938775510204,2.221328138901874,2.4995878823731243,50
0.4646938775510204,2.2530613980290437,2.522660762435264,50
0.4646938775510204,2.284794657156213,2.545629990071317,50
0.4646938775510204,2.3165279162833827,2.5685002528086978,50
0.4646938775510204,2.3482611754105527,2.5912761180457737,50
0.4646938775510204,2.379994434537722,2.6139620400176957,50
0.4646938775510204,2.4117276936648917,2.636562366426485,50
0.4646938775510204,2.443460952792061,2.659081344758981,50
0.4646938775510204,2.475194211919231,2.681523128314743,50
0.4646938775510204,2.5069274710464007,2.703891781964593,50
0.4646938775510204,2.53866073017357,2.7261912876591867,50
0.4646938775510204,2.57039398930074,2.7484255497058157,50
0.4646938775510204,2.6021272484279097,2.770598399830531,50
0.4646938775510204,2.633860507555079,2.7927136020416845,50
0.4646938775510204,2.6655937666822487,2.814774857310047,50
0.4646938775510204,2.6973270258094186,2.836785808079809,50
0.4646938775510204,2.729060284936588,2.8587500426240138,50
0.4646938775510204,2.7607935440637577,2.8806710992572246,50
0.4646938775510204,2.792526803190927,2.902552470417626,50
0.4646938775510204,2.824260062318097,2.9243976066301314,50
0.4646938775510204,2.8559933214452666,2.946209920361558,50
0.4646938775510204,2.887726580572436,2.967992789778457,50
0.4646938775510204,2.9194598396996057,2.989749562417728,50
0.4646938775510204,2.9511930988267756,3.0114835587797986,50
0.4646938775510204,2.982926357953945,3.0331980758537846,50
0.4646938775510204,3.0146596170811146,3.0548963905837683,50
0.4646938775510204,3.0463928762082846,3.076581763285062,50
0.4646938775510204,3.078126135335454,3.0982574410191193,50
0.4646938775510204,3.1098593944626236,3.119926660935583,50
0.4646938775510204,3.141592653589793,3.141592653589793,50
0.4651814144850087,0.5536902354230998,0.9252690945551733,50
0.4655073717108809,2.4702407567405347,2.6782817703940416,50
0.46715561221681284,5.627293631602013,5.218761573658914,50
0.4685241203759881,0.36799381575837975,0.6524519183944237,50
0.470274873156825,3.6978697645572693,3.5228752055695,50
0.4707863585493198,2.366913929799681,2.6068399664621187,50
0.471112694088771,5.411256892881731,4.953806435675782,50
0.4725119207559293,3.050707250099307,3.079858736960961,50
0.4725524235172709,0.2565273851990217,0.47093280743836136,50
0.4746047914072514,0.7134082408825646,1.145790435908505,50
0.47539668009903013,4.712110948971238,4.2803888893391235,50
0.47562860568045984,5.178616666357882,4.703008984454597,50
0.47730497721955645,3.9839791779595193,3.7221729766537046,50
0.4774544549467727,3.632659738358161,3.475968777752135,50
0.47980157102276777,0.9674543258079954,1.443365509593346,50
0.4801990407428245,6.155565698917618,6.0398800734760085,50
0.4809363850624633,6.2339746869377555,6.188509765978499,50
0.48155586926564065,2.482434416943264,2.691803285079834,50
0.4816813234425117,3.6100458956985917,3.4594877955082826,50
0.4822262359568901,2.1124449091300694,2.4280645357222874,50
0.48298508807879065,5.468531354496393,5.006250637413115,50
0.48319093742424635,6.201711693800302,6.1261406879101585,50
0.4836924213672842,1.801821921942796,2.1944572525905963,50
0.48489795918367345,0.0,0.0,50
0.48489795918367345,0.03173325912716963,0.061569161335098876,50
0.48489795918367345,0.06346651825433926,0.12292037312620019,50
0.48489795918367345,0.0951997773815089,0.1838440755274809,50
0.48489795918367345,0.12693303650867852,0.24414661174340596,50
0.48489795918367345,0.15866629563584814,0.30365616256289113,50
0.48489795918367345,0.1903995547630178,0.3622266925021528,50
0.48489795918367345,0.2221328138901874,0.41973982491239875,50
0.48489795918367345,0.25386607301735703,0.4761048438647188,50
0.48489795918367345,0.28559933214452665,0.5312572047368065,50
0.48489795918367345,0.3173325912716963,0.5851560116701952,50
0.48489795918367345,0.3490658503988659,0.6377809067069167,50
0.48489795918367345,0.3807991095260356,0.6891287448331601,50
0.48489795918367345,0.4125323686532052,0.7392103338318693,50
0.48489795918367345,0.4442656277803748,0.7880474222621254,50
0.48489795918367345,0.47599888690754444,0.835670037344984,50
0.48489795918367345,0.5077321460347141,0.8821142126885568,50
0.48489795918367345,0.5394654051618837,0.9274201035248837,50
0.48489795918367345,0.5711986642890533,0.9716304613764144,50
0.48489795918367345,0.6029319234162229,1.0147894267605566,50
0.48489795918367345,0.6346651825433925,1.0569415937979807,50
0.48489795918367345,0.6663984416705622,1.098131301236527,50
0.48489795918367345,0.6981317007977318,1.1384021080830649,50
0.48489795918367345,0.7298649599249014,1.1777964171387956,50
0.48489795918367345,0.7615982190520711,1.2163552152350958,50
0.48489795918367345,0.7933314781792408,1.254117904268669,50
0.48489795918367345,0.8250647373064104,1.291122201926458,50
0.48489795918367345,0.85679799643358,1.3274040951457695,50
0.48489795918367345,0.8885312555607496,1.3629978328558339,50
0.48489795918367345,0.9202645146879193,1.3979359474353645,50
0.48489795918367345,0.9519977738150889,1.432249296666294,50
0.48489795918367345,0.9837310329422585,1.4659671198453856,50
0.48489795918367345,1.0154642920694281,1.4991171032098332,50
0.48489795918367345,1.0471975511965979,1.5317254510102465,50
0.48489795918367345,1.0789308103237674,1.5638169594854157,50
0.48489795918367345,1.110664069450937,1.5954150917092231,50
0.48489795918367345,1.1423973285781066,1.626542051833434,50
0.48489795918367345,1.1741305877052763,1.65721885767525,50
0.48489795918367345,1.2058638468324459,1.687465410923213,50
0.48489795918367345,1.2375971059596156,1.7173005644813348,50
0.48489795918367345,1.269330365086785,1.74674218665672,50
0.48489795918367345,1.3010636242139548,1.7758072220341947,50
0.48489795918367345,1.3327968833411243,1.8045117489833449,50
0.48489795918367345,1.364530142468294,1.832871033817364,50
0.48489795918367345,1.3962634015954636,1.8608995816757314,50
0.48489795918367345,1.4279966607226333,1.8886111842391655,50
0.48489795918367345,1.4597299198498028,1.9160189644093846,50
0.48489795918367345,1.4914631789769726,1.9431354181011151,50
0.48489795918367345,1.5231964381041423,1.9699724533017837,50
0.48489795918367345,1.5549296972313118,1.996541426557292,50
0.48489795918367345,1.5866629563584815,2.022853177041549,50
0.48489795918367345,1.618396215485651,2.048918058364104,50
0.48489795918367345,1.6501294746128208,2.0747459682650966,50
0.48489795918367345,1.6818627337399903,2.100346376340402,50
0.48489795918367345,1.71359599286716,2.1257283499327837,50
0.48489795918367345,1.7453292519943295,2.1509005783174047,50
0.48489795918367345,1.7770625111214993,2.175871395302437,50
0.48489795918367345,1.8087957702486688,2.2006488003579268,50
0.48489795918367345,1.8405290293758385,2.2252404783786797,50
0.48489795918367345,1.872262288503008,2.249653818179758,50
0.48489795918367345,1.9039955476301778,2.2738959298163572,50
0.48489795918367345,1.9357288067573473,2.297973660813324,50
0.48489795918367345,1.967462065884517,2.3218936113834765,50
0.48489795918367345,1.9991953250116865,2.345662148708128,50
0.48489795918367345,2.0309285841388562,2.369285420347851,50
0.48489795918367345,2.0626618432660258,2.3927693668465286,50
0.48489795918367345,2.0943951023931957,2.416119733587077,50
0.48489795918367345,2.126128361520365,2.439342081952923,50
0.48489795918367345,2.1578616206475347,2.4624417998453274,50
0.48489795918367345,2.1895948797747042,2.4854241116029687,50
0.48489795918367345,2.221328138901874,2.508294087366777,50
0.48489795918367345,2.2530613980290437,2.5310566519298976,50
0.48489795918367345,2.284794657156213,2.5537165931097503,50
0.48489795918367345,2.3165279162833827,2.5762785696765027,50
0.48489795918367345,2.3482611754105527,2.598747118869816,50
0.48489795918367345,2.379994434537722,2.6211266635334773,50
0.48489795918367345,2.4117276936648917,2.643421518895465,50
0.48489795918367345,2.443460952792061,2.665635899019073,50
0.48489795918367345,2.475194211919231,2.6877739229490065,50
0.48489795918367345,2.5069274710464007,2.7098396205747197,50
0.48489795918367345,2.53866073017357,2.7318369382318353,50
0.48489795918367345,2.57039398930074,2.753769744061101,50
0.48489795918367345,2.6021272484279097,2.7756418331431343,50
0.48489795918367345,2.633860507555079,2.7974569324260616,50
0.48489795918367345,2.6655937666822487,2.8192187054621183,50
0.48489795918367345,2.6973270258094186,2.8409307569683526,50
0.48489795918367345,2.729060284936588,2.8625966372256952,50
0.48489795918367345,2.7607935440637577,2.8842198463298905,50
0.48489795918367345,2.792526803190927,2.9058038383070546,50
0.48489795918367345,2.824260062318097,2.927352025106003,50
0.48489795918367345,2.8559933214452666,2.948867780478885,50
0.48489795918367345,2.887726580572436,2.970354443761164,50
0.48489795918367345,2.9194598396996057,2.991815323561487,50
0.48489795918367345,2.9511930988267756,3.013253701371593,50
0.48489795918367345,2.982926357953945,3.0346728351060315,50
0.48489795918367345,3.0146596170811146,3.0560759625811427,50
0.48489795918367345,3.0463928762082846,3.077466304942477,50
0.48489795918367345,3.078126135335454,3.098847070049593,50
0.48489795918367345,3.1098593944626236,3.1202214558269943,50
0.48489795918367345,3.141592653589793,3.141592653589793,50
0.48575003519818505,4.1636850901880935,3.8482791562121337,50
0.48765705673285437,2.9519904637955983,3.0140291385657307,50
0.48767756514389776,2.149320890177239,2.457513442006338,50
0.4881934596124619,1.6694930334847629,2.092695281252563,50
0.4886495726460795,6.0334145730983835,5.811283914687824,50
0.4900889521373035,0.09544374249965504,0.18614581725459647,50
0.4902140203535795,5.7469478142278865,5.354313310135171,50
0.4910507686362479,1.3334557240840514,1.810470043016782,50
0.49393998617133,2.6187319733319563,2.7892086103732536,50
0.49508541846778625,0.2761172819170536,0.5237059350435668,50
0.4957759217023641,6.1049392209216675,5.936468876780759,50
0.4958623056091782,1.0365754802844158,1.5320659247320159,50
0.49631647602274376,1.8273314544353472,2.222060832265201,50
0.4979301779811219,3.7197928902949164,3.5308347188115112,50
0.4988749775354064,2.856305447314809,2.9508743130734225,50
0.5022003172291946,2.9577112612748273,3.0190822420849077,50
0.5030384994664246,3.6248176268277024,3.4649678010318277,50
0.5031493688062008,2.4767484965974065,2.694350728141949,50
0.5048327986903085,0.11225760294054284,0.2247814681948656,50
0.5051020408163265,0.0,0.0,50
0.5051020408163265,0.03173325912716963,0.06407607074347561,50
0.5051020408163265,0.06346651825433926,0.12788613446929165,50
0.5051020408163265,0.0951997773815089,0.19117606958646158,50
0.5051020408163265,0.12693303650867852,0.2537140889503667,50
0.5051020408163265,0.15866629563584814,0.3152986441737572,50
0.5051020408163265,0.1903995547630178,0.37576321466679535,50
0.5051020408163265,0.2221328138901874,0.4349779819686292,50
0.5051020408163265,0.25386607301735703,0.49284884078333835,50
0.5051020408163265,0.28559933214452665,0.5493144503477941,50
0.5051020408163265,0.3173325912716963,0.6043420857513901,50
0.5051020408163265,0.3490658503988659,0.6579229629720671,50
0.5051020408163265,0.3807991095260356,0.7100675529615506,50
0.5051020408163265,0.4125323686532052,0.7608012269344044,50
0.5051020408163265,0.4442656277803748,0.8101604230483624,50
0.5051020408163265,0.47599888690754444,0.8581894093029677,50
0.5051020408163265,0.5077321460347141,0.9049376400247341,50
0.5051020408163265,0.5394654051618837,0.9504576577373122,50
0.5051020408163265,0.5711986642890533,0.9948034701671491,50
0.5051020408163265,0.6029319234162229,1.0380293256889073,50
0.5051020408163265,0.6346651825433925,1.080188813368239,50
0.5051020408163265,0.6663984416705622,1.1213342214297604,50
0.5051020408163265,0.6981317007977318,1.1615160975515335,50
0.5051020408163265,0.7298649599249014,1.2007829641307455,50
0.5051020408163265,0.7615982190520711,1.2391811506551254,50
0.5051020408163265,0.7933314781792408,1.2767547131426806,50
0.5051020408163265,0.8250647373064104,1.313545417174673,50
0.5051020408163265,0.85679799643358,1.3495927664036327,50
0.5051020408163265,0.8885312555607496,1.3849340627067361,50
0.5051020408163265,0.9202645146879193,1.4196044875376672,50
0.5051020408163265,0.9519977738150889,1.4536371966676291,50
0.5051020408163265,0.9837310329422585,1.4870634225432666,50
0.5051020408163265,1.0154642920694281,1.5199125800499862,50
0.5051020408163265,1.0471975511965979,1.5522123726563515,50
0.5051020408163265,1.0789308103237674,1.583988896812133,50
0.5051020408163265,1.110664069450937,1.6152667431455494,50
0.5051020408163265,1.1423973285781066,1.646069093506417,50
0.5051020408163265,1.1741305877052763,1.67641781327206,50
0.5051020408163265,1.2058638468324459,1.7063335386034244,50
0.5051020408163265,1.2375971059596156,1.7358357585341775,50
0.5051020408163265,1.269330365086785,1.7649428919142518,50
0.5051020408163265,1.3010636242139548,1.7936723593255774,50
0.5051020408163265,1.3327968833411243,1.8220406501523994,50
0.5051020408163265,1.364530142468294,1.850063385029903,50
0.5051020408163265,1.3962634015954636,1.8777553739190105,50
0.5051020408163265,1.4279966607226333,1.905130670066947,50
0.5051020408163265,1.4597299198498028,1.9322026201159708,50
0.5051020408163265,1.4914631789769726,1.958983910619218,50
0.5051020408163265,1.5231964381041423,1.9854866112148777,50
0.5051020408163265,1.5549296972313118,2.011722214699366,50
0.5051020408163265,1.5866629563584815,2.03770167422788,50
0.5051020408163265,1.618396215485651,2.0634354378574873,50
0.5051020408163265,1.6501294746128208,2.088933480634289,50
0.5051020408163265,1.6818627337399903,2.114205334412611,50
0.5051020408163265,1.71359599286716,2.139260115580902,50
0.5051020408163265,1.7453292519943295,2.1641065508562156,50
0.5051020408163265,1.7770625111214993,2.188753001297005,50
0.5051020408163265,1.8087957702486688,2.2132074846724348,50
0.5051020408163265,1.8405290293758385,2.23747769631568,50
0.5051020408163265,1.872262288503008,2.2615710285786097,50
0.5051020408163265,1.9039955476301778,2.2854945889959493,50
0.5051020408163265,1.9357288067573473,2.3092552172583716,50
0.5051020408163265,1.967462065884517,2.3328595010860016,50
0.5051020408163265,1.9991953250116865,2.3563137910864995,50
0.5051020408163265,2.0309285841388562,2.3796242146751196,50
0.5051020408163265,2.0626618432660258,2.40279668912797,50
0.5051020408163265,2.0943951023931957,2.425836933834012,50
0.5051020408163265,2.126128361520365,2.448750481806132,50
0.5051020408163265,2.1578616206475347,2.4715426905068574,50
0.5051020408163265,2.1895948797747042,2.494218752039936,50
0.5051020408163265,2.221328138901874,2.516783702754984,50
0.5051020408163265,2.2530613980290437,2.539242432308788,50
0.5051020408163265,2.284794657156213,2.5615996922234903,50
0.5051020408163265,2.3165279162833827,2.583860103978844,50
0.5051020408163265,2.3482611754105527,2.6060281666729272,50
0.5051020408163265,2.379994434537722,2.628108264283172,50
0.5051020408163265,2.4117276936648917,2.6501046725572084,50
0.5051020408163265,2.443460952792061,2.6720215655609247,50
0.5051020408163265,2.475194211919231,2.6938630219091655,50
0.5051020408163265,2.5069274710464007,2.7156330307027376,50
0.5051020408163265,2.53866073017357,2.7373354971937585,50
0.5051020408163265,2.57039398930074,2.7589742481998907,50
0.5051020408163265,2.6021272484279097,2.780553037286665,50
0.5051020408163265,2.633860507555079,2.802075549735856,50
0.5051020408163265,2.6655937666822487,2.823545407316738,50
0.5051020408163265,2.6973270258094186,2.844966172876042,50
0.5051020408163265,2.729060284936588,2.86634135476148,50
0.5051020408163265,2.7607935440637577,2.887674411092881,50
0.5051020408163265,2.792526803190927,2.908968753894191,50
0.5051020408163265,2.824260062318097,2.9302277530989134,50
0.5051020408163265,2.8559933214452666,2.9514547404409366,50
0.5051020408163265,2.887726580572436,2.9726530132421285,50
0.5051020408163265,2.9194598396996057,2.993825838107586,50
0.5051020408163265,2.9511930988267756,3.014976454538974,50
0.5051020408163265,2.982926357953945,3.0361080784759977,50
0.5051020408163265,3.0146596170811146,3.057223905775727,50
0.5051020408163265,3.0463928762082846,3.0783271156391625,50
0.5051020408163265,3.078126135335454,3.099420873994221,50
0.5051020408163265,3.1098593944626236,3.120508336844098,50
0.5051020408163265,3.141592653589793,3.141592653589793,50
0.5052844942882936,4.614896386627727,4.179637766417524,50
0.5057380839970879,0.4720726445134811,0.8530350356300878,50
0.5065980750094238,3.7036241592201784,3.5175975794438354,50
0.5075346416322071,2.010374401412982,2.365794016301283,50
0.5081755076975394,1.4516053497680668,1.9277485821147107,50
0.508507741793036,0.33291910694038357,0.6342454971121222,50
0.5087636810132513,4.4798711060217675,4.071932616009963,50
0.5097367662687665,1.3674821150509573,1.856548942033478,50
0.5103011591045014,0.4540560545967532,0.8309504406114644,50
0.5111761867797546,5.177356050915392,4.666713003560681,50
0.5139596912998047,1.6481874264614789,2.093515455051758,50
0.515569766470324,4.786234654779846,4.311535068232988,50
0.5156116060416073,3.004023953665181,3.0507824309294174,50
0.5169055698592352,0.5744372772221908,1.0129892189048906,50
0.5172342658584866,0.4940470942221333,0.8988361355940964,50
0.5220249502629544,1.9638666563393177,2.3392099539591484,50
0.5232922655640113,5.827176401860604,5.434487103130163,50
0.5250994700714319,0.2561172560319312,0.5145341081684107,50
0.5253061224489796,0.0,0.0,50
0.5253061224489796,0.03173325912716963,0.06679499212955864,50
0.5253061224489796,0.06346651825433926,0.13326377573940476,50
0.5253061224489796,0.0951997773815089,0.19909711281634987,50
0.5253061224489796,0.12693303650867852,0.26401732801100125,50
0.5253061224489796,0.15866629563584814,0.3277887704228834,50
0.5253061224489796,0.1903995547630178,0.3902233866553159,50
0.5253061224489796,0.2221328138901874,0.45118164065672645,50
0.5253061224489796,0.25386607301735703,0.5105697213358537,50
0.5253061224489796,0.28559933214452665,0.5683342872946294,50
0.5253061224489796,0.3173325912716963,0.6244559640853045,50
0.5253061224489796,0.3490658503988659,0.6789425688160445,50
0.5253061224489796,0.3807991095260356,0.7318227255702681,50
0.5253061224489796,0.4125323686532052,0.7831402461159173,50
0.5253061224489796,0.4442656277803748,0.8329494278408354,50
0.5253061224489796,0.47599888690754444,0.8813112728224238,50
0.5253061224489796,0.5077321460347141,0.9282905473328357,50
0.5253061224489796,0.5394654051618837,0.9739535624766895,50
0.5253061224489796,0.5711986642890533,1.0183665474989139,50
0.5253061224489796,0.6029319234162229,1.0615944947395939,50
0.5253061224489796,0.6346651825433925,1.1037003704828512,50
0.5253061224489796,0.6663984416705622,1.144744603655506,50
0.5253061224489796,0.6981317007977318,1.1847847815014385,50
0.5253061224489796,0.7298649599249014,1.223875496574897,50
0.5253061224489796,0.7615982190520711,1.262068302173764,50
0.5253061224489796,0.7933314781792408,1.2994117436867714,50
0.5253061224489796,0.8250647373064104,1.3359514415091756,50
0.5253061224489796,0.85679799643358,1.3717302075272402,50
0.5253061224489796,0.8885312555607496,1.406788182025589,50
0.5253061224489796,0.9202645146879193,1.4411629815424016,50
0.5253061224489796,0.9519977738150889,1.4748898509477484,50
0.5253061224489796,0.9837310329422585,1.5080018150637438,50
0.5253061224489796,1.0154642920694281,1.540529826651301,50
0.5253061224489796,1.0471975511965979,1.5725029086892717,50
0.5253061224489796,1.0789308103237674,1.6039482896693822,50
0.5253061224489796,1.110664069450937,1.634891531202101,50
0.5253061224489796,1.1423973285781066,1.6653566476329598,50
0.5253061224489796,1.1741305877052763,1.6953662176499629,50
0.5253061224489796,1.2058638468324459,1.7249414880535048,50
0.5253061224489796,1.2375971059596156,1.754102469985237,50
0.5253061224489796,1.269330365086785,1.7828680279898428,50
0.5253061224489796,1.3010636242139548,1.8112559623271922,50
0.5253061224489796,1.3327968833411243,1.839283084971823,50
0.5253061224489796,1.364530142468294,1.866965289739464,50
0.5253061224489796,1.3962634015954636,1.8943176169717106,50
0.5253061224489796,1.4279966607226333,1.9213543131939215,50
0.5253061224489796,1.4597299198498028,1.9480888861406818,50
0.5253061224489796,1.4914631789769726,1.9745341555198623,50
0.5253061224489796,1.5231964381041423,2.0007022998617385,50
0.5253061224489796,1.5549296972313118,2.026604899774886,50
0.5253061224489796,1.5866629563584815,2.05225297790626,50
0.5253061224489796,1.618396215485651,2.0776570358794655,50
0.5253061224489796,1.6501294746128208,2.1028270884630107,50
0.5253061224489796,1.6818627337399903,2.127772695199451,50
0.5253061224489796,1.71359599286716,2.152502989706871,50
0.5253061224489796,1.7453292519943295,2.1770267068460982,50
0.5253061224489796,1.7770625111214993,2.201352207930419,50
0.5253061224489796,1.8087957702486688,2.225487504139262,50
0.5253061224489796,1.8405290293758385,2.2494402782833163,50
0.5253061224489796,1.872262288503008,2.2732179050557337,50
0.5253061224489796,1.9039955476301778,2.2968274698923854,50
0.5253061224489796,1.9357288067573473,2.320275786553484,50
0.5253061224489796,1.967462065884517,2.343569413529194,50
0.5253061224489796,1.9991953250116865,2.3667146693630166,50
0.5253061224489796,2.0309285841388562,2.3897176469787333,50
0.5253061224489796,2.0626618432660258,2.412584227089386,50
0.5253061224489796,2.0943951023931957,2.435320090760152,50
0.5253061224489796,2.126128361520365,2.4579307311909586,50
0.5253061224489796,2.1578616206475347,2.480421464779196,50
0.5253061224489796,2.1895948797747042,2.502797441517935,50
0.5253061224489796,2.221328138901874,2.5250636547805256,50
0.5253061224489796,2.2530613980290437,2.547224950538344,50
0.5253061224489796,2.284794657156213,2.5692860360547334,50
0.5253061224489796,2.3165279162833827,2.5912514880947723,50
0.5253061224489796,2.3482611754105527,2.61312576068742,50
0.5253061224489796,2.379994434537722,2.6349131924737814,50
0.5253061224489796,2.4117276936648917,2.6566180136726696,50
0.5253061224489796,2.443460952792061,2.6782443526923068,50
0.5253061224489796,2.475194211919231,2.699796242414903,50
0.5253061224489796,2.5069274710464007,2.7212776261788982,50
0.5253061224489796,2.53866073017357,2.7426923634819156,50
0.5253061224489796,2.57039398930074,2.764044235425854,50
0.5253061224489796,2.6021272484279097,2.7853369499241047,50
0.5253061224489796,2.633860507555079,2.806574146689552,50
0.5253061224489796,2.6655937666822487,2.8277594020207943,50
0.5253061224489796,2.6973270258094186,2.848896233402959,50
0.5253061224489796,2.729060284936588,2.8699881039384567,50
0.5253061224489796,2.7607935440637577,2.8910384266221483,50
0.5253061224489796,2.792526803190927,2.912050568474566,50
0.5253061224489796,2.824260062318097,2.9330278545461064,50
0.5253061224489796,2.8559933214452666,2.953973571804442,50
0.5253061224489796,2.887726580572436,2.974890972916819,50
0.5253061224489796,2.9194598396996057,2.995783279938363,50
0.5253061224489796,2.9511930988267756,3.016653687917066,50
0.5253061224489796,2.982926357953945,3.037505368425692,50
0.5253061224489796,3.0146596170811146,3.0583414730305103,50
0.5253061224489796,3.0463928762082846,3.07916513670642,50
0.5253061224489796,3.078126135335454,3.099979481207803,50
0.5253061224489796,3.1098593944626236,3.1207876184042065,50
0.5253061224489796,3.141592653589793,3.141592653589793,50
0.5256612211145842,0.6483172078118237,1.1218992118900297,50
0.5260071271338467,4.22773041676943,3.8754448918819833,50
0.5264941373049464,3.4302860252547496,3.331105041188953,50
0.5288290735398496,1.0807279993112286,1.609167804505579,50
0.5333121596778139,4.119003179896163,3.7948631244611266,50
0.5343612721262274,2.577634002359246,2.7711084780291073,50
0.5344803443121112,1.176719269101789,1.706300237299647,50
0.5353293320589435,6.119724501990372,5.939178189143136,50
0.5364737289203184,4.098829436371058,3.779395839654096,50
0.5367619108594877,6.187887004313681,6.079101357585395,50
0.5379837740349684,3.1409380316828077,3.1411670171656962,50
0.5384502178808322,1.5537358474976486,2.0351662925881193,50
0.5410370646323128,4.201742759418627,3.8498089477972246,50
0.5426351770119936,0.8004967145465561,1.3270982684262596,50
0.5438329161561753,6.014328936414339,5.727394314784077,50
0.5455102040816326,0.0,0.0,50
0.5455102040816326,0.03173325912716963,0.06975384211570868,50
0.5455102040816326,0.06346651825433926,0.13910549157528732,50
0.5455102040816326,0.0951997773815089,0.2076772008566727,50
0.5455102040816326,0.12693303650867852,0.27513613025351047,50
0.5455102040816326,0.15866629563584814,0.3412080564852162,50
0.5455102040816326,0.1903995547630178,0.4056834036837894,50
0.5455102040816326,0.2221328138901874,0.4684163909100474,50
0.5455102040816326,0.25386607301735703,0.5293191491370525,50
0.5455102040816326,0.28559933214452665,0.58835295044599,50
0.5455102040816326,0.3173325912716963,0.6455184168255816,50
0.5455102040816326,0.3490658503988659,0.7008460386779315,50
0.5455102040816326,0.3807991095260356,0.7543877774866036,50
0.5455102040816326,0.4125323686532052,0.8062100834692434,50
0.5455102040816326,0.4442656277803748,0.8563883631062982,50
0.5455102040816326,0.47599888690754444,0.9050027655373488,50
0.5455102040816326,0.5077321460347141,0.9521350844876394,50
0.5455102040816326,0.5394654051618837,0.9978665580569175,50
0.5455102040816326,0.5711986642890533,1.0422763652944949,50
0.5455102040816326,0.6029319234162229,1.0854406482559606,50
0.5455102040816326,0.6346651825433925,1.1274319208981847,50
0.5455102040816326,0.6663984416705622,1.1683187564985928,50
0.5455102040816326,0.6981317007977318,1.2081656711404554,50
0.5455102040816326,0.7298649599249014,1.2470331417360352,50
0.5455102040816326,0.7615982190520711,1.28497771343106,50
0.5455102040816326,0.7933314781792408,1.322052163734869,50
0.5455102040816326,0.8250647373064104,1.3583057000975627,50
0.5455102040816326,0.85679799643358,1.393784174592995,50
0.5455102040816326,0.8885312555607496,1.428530304441555,50
0.5455102040816326,0.9202645146879193,1.4625838907827882,50
0.5455102040816326,0.9519977738150889,1.4959820307456946,50
0.5455102040816326,0.9837310329422585,1.5287593197388323,50
0.5455102040816326,1.0154642920694281,1.5609480421995243,50
0.5455102040816326,1.0471975511965979,1.5925783499547306,50
0.5455102040816326,1.0789308103237674,1.6236784279684404,50
0.5455102040816326,1.110664069450937,1.6542746476644186,50
0.5455102040816326,1.1423973285781066,1.6843917082790267,50
0.5455102040816326,1.1741305877052763,1.7140527668603662,50
0.5455102040816326,1.2058638468324459,1.7432795576186468,50
0.5455102040816326,1.2375971059596156,1.7720925013712783,50
0.5455102040816326,1.269330365086785,1.8005108058308918,50
0.5455102040816326,1.3010636242139548,1.8285525574669914,50
0.5455102040816326,1.3327968833411243,1.8562348056403606,50
0.5455102040816326,1.364530142468294,1.8835736396695084,50
0.5455102040816326,1.3962634015954636,1.9105842594442988,50
0.5455102040816326,1.4279966607226333,1.937281040156224,50
0.5455102040816326,1.4597299198498028,1.9636775916693694,50
0.5455102040816326,1.4914631789769726,1.9897868130121779,50
0.5455102040816326,1.5231964381041423,2.0156209424283604,50
0.5455102040816326,1.5549296972313118,2.0411916033861757,50
0.5455102040816326,1.5866629563584815,2.066509846908972,50
0.5455102040816326,1.618396215485651,2.0915861905564035,50
0.5455102040816326,1.6501294746128208,2.116430654355078,50
0.5455102040816326,1.6818627337399903,2.141052793949418,50
0.5455102040816326,1.71359599286716,2.165461731218076,50
0.5455102040816326,1.7453292519943295,2.1896661825781725,50
0.5455102040816326,1.7770625111214993,2.2136744851787573,50
0.5455102040816326,1.8087957702486688,2.237494621165998,50
0.5455102040816326,1.8405290293758385,2.261134240185572,50
0.5455102040816326,1.872262288503008,2.2846006802723404,50
0.5455102040816326,1.9039955476301778,2.307900987263518,50
0.5455102040816326,1.9357288067573473,2.331041932859039,50
0.5455102040816326,1.967462065884517,2.3540300314415283,50
0.5455102040816326,1.9991953250116865,2.376871555758129,50
0.5455102040816326,2.0309285841388562,2.3995725515572417,50
0.5455102040816326,2.0626618432660258,2.422138851264968,50
0.5455102040816326,2.0943951023931957,2.444576086778561,50
0.5455102040816326,2.126128361520365,2.4668897014474465,50
0.5455102040816326,2.1578616206475347,2.489084961306291,50
0.5455102040816326,2.1895948797747042,2.5111669656190574,50
0.5455102040816326,2.221328138901874,2.533140656788025,50
0.5455102040816326,2.2530613980290437,2.555010829677244,50
0.5455102040816326,2.284794657156213,2.5767821403958022,50
0.5455102040816326,2.3165279162833827,2.5984591145825813,50
0.5455102040816326,2.3482611754105527,2.62004615523085,50
0.5455102040816326,2.379994434537722,2.6415475500879784,50
0.5455102040816326,2.4117276936648917,2.6629674786628263,50
0.5455102040816326,2.443460952792061,2.6843100188708293,50
0.5455102040816326,2.475194211919231,2.7055791533445737,50
0.5455102040816326,2.5069274710464007,2.7267787754355512,50
0.5455102040816326,2.53866073017357,2.747912694930951,50
0.5455102040816326,2.57039398930074,2.7689846435076126,50
0.5455102040816326,2.6021272484279097,2.7899982799437475,50
0.5455102040816326,2.633860507555079,2.810957195107625,50
0.5455102040816326,2.6655937666822487,2.831864916741146,50
0.5455102040816326,2.6973270258094186,2.8527249140550794,50
0.5455102040816326,2.729060284936588,2.8735406021516945,50
0.5455102040816326,2.7607935440637577,2.8943153462895745,50
0.5455102040816326,2.792526803190927,2.915052466004543,50
0.5455102040816326,2.824260062318097,2.9357552390998785,50
0.5455102040816326,2.8559933214452666,2.9564269055182764,50
0.5455102040816326,2.887726580572436,2.977070671107438,50
0.5455102040816326,2.9194598396996057,2.997689711290575,50
0.5455102040816326,2.9511930988267756,3.0182871746526643,50
0.5455102040816326,2.982926357953945,3.0388661864528292,50
0.5455102040816326,3.0146596170811146,3.059429852072886,50
0.5455102040816326,3.0463928762082846,3.079981260411734,50
0.5455102040816326,3.078126135335454,3.1005234872350247,50
0.5455102040816326,3.1098593944626236,3.1210595984893263,50
0.5455102040816326,3.141592653589793,3.141592653589793,50
0.5469474217304423,4.613761051234986,4.150814935351986,50
0.5488935225049464,5.704003225946035,5.225904344489156,50
0.5492630842328843,5.115918580493586,4.572055108569944,50
0.5500712605541458,1.8300451067750694,2.255970238010709,50
0.5504812764019075,5.020282606799653,4.484085366253352,50
0.5513073427547518,1.277794654668605,1.8130091211813355,50
0.5529805854647316,1.1135484517897059,1.664122610790971,50
0.5553122989360959,1.9030065273751335,2.3124626810549245,50
0.5615983390026198,4.734946521849881,4.235903332162626,50
0.5620369506560975,4.700960621813378,4.208719006496155,50
0.5624224481565587,5.955201847892608,5.600289701348866,50
0.5641206224300206,0.19444252996104539,0.4291951918862705,50
0.5657142857142857,0.0,0.0,50
0.5657142857142857,0.03173325912716963,0.07298561931325707,50
0.5657142857142857,0.06346651825433926,0.14547235398051256,50
0.5657142857142857,0.0951997773815089,0.216996876957235,50
0.5657142857142857,0.12693303650867852,0.28716022513574546,50
0.5657142857142857,0.15866629563584814,0.3556454762928698,50
0.5657142857142857,0.1903995547630178,0.4222233766624934,50
0.5657142857142857,0.2221328138901874,0.48674793365246805,50
0.5657142857142857,0.25386607301735703,0.5491454704164641,50
0.5657142857142857,0.28559933214452665,0.6094006861737219,50
0.5657142857142857,0.3173325912716963,0.6675424517484225,50
0.5657142857142857,0.3490658503988659,0.7236310127002235,50
0.5657142857142857,0.3807991095260356,0.7777473634065744,50
0.5657142857142857,0.4125323686532052,0.8299849358095113,50
0.5657142857142857,0.4442656277803748,0.8804434012489588,50
0.5657142857142857,0.47599888690754444,0.9292242373039311,50
0.5657142857142857,0.5077321460347141,0.9764276851814524,50
0.5657142857142857,0.5394654051618837,1.0221507575630475,50
0.5657142857142857,0.5711986642890533,1.0664860145032442,50
0.5657142857142857,0.6029319234162229,1.1095208855505265,50
0.5657142857142857,0.6346651825433925,1.1513373703006222,50
0.5657142857142857,0.6663984416705622,1.19201199391064,50
0.5657142857142857,0.6981317007977318,1.2316159286460258,50
0.5657142857142857,0.7298649599249014,1.270215218566767,50
0.5657142857142857,0.7615982190520711,1.3078710636226938,50
0.5657142857142857,0.7933314781792408,1.3446401332880409,50
0.5657142857142857,0.8250647373064104,1.3805748897518473,50
0.5657142857142857,0.85679799643358,1.4157239076492607,50
0.5657142857142857,0.8885312555607496,1.4501321821759294,50
0.5657142857142857,0.9202645146879193,1.483841420773857,50
0.5657142857142857,0.9519977738150889,1.5168903158515907,50
0.5657142857142857,0.9837310329422585,1.5493147975218335,50
0.5657142857142857,1.0154642920694281,1.581148266332782,50
0.5657142857142857,1.0471975511965979,1.6124218065973437,50
0.5657142857142857,1.0789308103237674,1.6431643813011942,50
0.5657142857142857,1.110664069450937,1.6734030097768706,50
0.5657142857142857,1.1423973285781066,1.7031629294230708,50
0.5657142857142857,1.1741305877052763,1.7324677427653696,50
0.5657142857142857,1.2058638468324459,1.7613395511237975,50
0.5657142857142857,1.2375971059596156,1.78979907609293,50
0.5657142857142857,1.269330365086785,1.8178657699639673,50
0.5657142857142857,1.3010636242139548,1.8455579161343436,50
0.5657142857142857,1.3327968833411243,1.8728927204643189,50
0.5657142857142857,1.364530142468294,1.899886394455375,50
0.5657142857142857,1.3962634015954636,1.9265542310443275,50
0.5657142857142857,1.4279966607226333,1.9529106737311266,50
0.5657142857142857,1.4597299198498028,1.9789693796879897,50
0.5657142857142857,1.4914631789769726,2.00474327743304,50
0.5657142857142857,1.5231964381041423,2.0302446195928976,50
0.5657142857142857,1.5549296972313118,2.0554850312255013,50
0.5657142857142857,1.5866629563584815,2.0804755541264965,50
0.5657142857142857,1.618396215485651,2.105226687499368,50
0.5657142857142857,1.6501294746128208,2.129748425330828,50
0.5657142857142857,1.6818627337399903,2.1540502907782746,50
0.5657142857142857,1.71359599286716,2.1781413678451282,50
0.5657142857142857,1.7453292519943295,2.2020303305920925,50
0.5657142857142857,1.7770625111214993,2.225725470107592,50
0.5657142857142857,1.8087957702486688,2.249234719438467,50
0.5657142857142857,1.8405290293758385,2.2725656766621865,50
0.5657142857142857,1.872262288503008,2.295725626264124,50
0.5657142857142857,1.9039955476301778,2.318721558967601,50
0.5657142857142857,1.9357288067573473,2.3415601901502088,50
0.5657142857142857,1.967462065884517,2.3642479769672335,50
0.5657142857142857,1.9991953250116865,2.3867911342916384,50
0.5657142857142857,2.0309285841388562,2.409195649569844,50
0.5657142857142857,2.0626618432660258,2.4314672966834103,50
0.5657142857142857,2.0943951023931957,2.4536116488985105,50
0.5657142857142857,2.126128361520365,2.4756340909776933,50
0.5657142857142857,2.1578616206475347,2.4975398305218053,50
0.5657142857142857,2.1895948797747042,2.5193339086039597,50
0.5657142857142857,2.221328138901874,2.5410212097520612,50
0.5657142857142857,2.2530613980290437,2.562606471331544,50
0.5657142857142857,2.284794657156213,2.5840942923756103,50
0.5657142857142857,2.3165279162833827,2.6054891419062836,50
0.5657142857142857,2.3482611754105527,2.626795366786058,50
0.5657142857142857,2.379994434537722,2.648017199136659,50
0.5657142857142857,2.4117276936648917,2.669158763358541,50
0.5657142857142857,2.443460952792061,2.6902240827820902,50
0.5657142857142857,2.475194211919231,2.711217085979113,50
0.5657142857142857,2.5069274710464007,2.7321416127610263,50
0.5657142857142857,2.53866073017357,2.753001419888196,50
0.5657142857142857,2.57039398930074,2.7738001865131,50
0.5657142857142857,2.6021272484279097,2.794541519378367,50
0.5657142857142857,2.633860507555079,2.8152289577892975,50
0.5657142857142857,2.6655937666822487,2.8358659783791325,50
0.5657142857142857,2.6973270258094186,2.8564559996841514,50
0.5657142857142857,2.729060284936588,2.877002386544591,50
0.5657142857142857,2.7607935440637577,2.8975084543464,50
0.5657142857142857,2.792526803190927,2.917977473117956,50
0.5657142857142857,2.824260062318097,2.93841267149509,50
0.5657142857142857,2.8559933214452666,2.958817240567032,50
0.5657142857142857,2.887726580572436,2.9791943376152745,50
0.5657142857142857,2.9194598396996057,2.999547089756766,50
0.5657142857142857,2.9511930988267756,3.01987859750235,50
0.5657142857142857,2.982926357953945,3.040191938240929,50
0.5657142857142857,3.0146596170811146,3.0604901696594458,50
0.5657142857142857,3.0463928762082846,3.080776333108437,50
0.5657142857142857,3.078126135335454,3.1010534569226493,50
0.5657142857142857,3.1098593944626236,3.121324559705978,50
0.5657142857142857,3.141592653589793,3.141592653589793,50
0.5674184035392614,3.0715102316803473,3.0968752525219188,50
0.5679760337073168,1.857857765856325,2.286478504425197,50
0.5684401278839297,2.987183083048954,3.0430870877292535,50
0.5695323722092599,2.1161650097878515,2.4703784196251997,50
0.5710104275737854,5.621744945554448,5.091220669207018,50
0.5716494135719976,5.87955842934796,5.460587718739066,50
0.5726031684920787,3.546310344848697,3.399991439291037,50
0.5732901663480411,0.6168950223537,1.1371121366933963,50
0.5733958271980105,4.110089802015658,3.7720601109533196,50
0.5755037968805482,5.969874347941011,5.611927409445145,50
0.5763349883779952,0.5552307458492413,1.0572123477160464,50
0.5770778715407816,1.7995201383952801,2.248920151484704,50
0.5774927847595954,3.174447573002121,3.162420507339485,50
0.5776415245640943,2.2820291785900384,2.5864724970610693,50
0.5808523956831083,3.4017792543053904,3.3064529438566552,50
0.5825371912423696,3.9717284248825,3.6753500189584627,50
0.5828010610625208,0.28722075518197393,0.6310863040915197,50
0.5828958659721071,3.6843238633173057,3.486978679069796,50
0.5829124562280433,1.6893234152768293,2.1705145499110543,50
0.5839892092218033,4.538835928671256,4.070929990647604,50
0.5843444329738208,1.2184224008442348,1.788920807945455,50
0.5848372770556778,2.807289492175057,2.930073443001536,50
0.5859183673469388,0.0,0.0,50
0.5859183673469388,0.03173325912716963,0.07652960112042782,50
0.5859183673469388,0.06346651825433926,0.15243617535115797,50
0.5859183673469388,0.0951997773815089,0.227148978772875,50
0.5859183673469388,0.12693303650867852,0.3001902333380451,50
0.5859183673469388,0.15866629563584814,0.3711973296368393,50
0.5859183673469388,0.1903995547630178,0.43992617420561614,50
0.5859183673469388,0.2221328138901874,0.5062402246445056,50
0.5859183673469388,0.25386607301735703,0.5700915715468532,50
0.5859183673469388,0.28559933214452665,0.6314996878670252,50
0.5859183673469388,0.3173325912716963,0.6905315787773009,50
0.5859183673469388,0.3490658503988659,0.7472851784237157,50
0.5859183673469388,0.3807991095260356,0.8018764845225781,50
0.5859183673469388,0.4125323686532052,0.8544301568446442,50
0.5859183673469388,0.4442656277803748,0.9050729828494272,50
0.5859183673469388,0.47599888690754444,0.953929554397593,50
0.5859183673469388,0.5077321460347141,1.0011195674268047,50
0.5859183673469388,0.5394654051618837,1.0467562686539216,50
0.5859183673469388,0.5711986642890533,1.090945687165705,50
0.5859183673469388,0.6029319234162229,1.1337863864593194,50
0.5859183673469388,0.6346651825433925,1.17536954950716,50
0.5859183673469388,0.6663984416705622,1.215779267097432,50
0.5859183673469388,0.6981317007977318,1.2550929414696224,50
0.5859183673469388,0.7298649599249014,1.29338174680459,50
0.5859183673469388,0.7615982190520711,1.3307111086529007,50
0.5859183673469388,0.7933314781792408,1.367141178437151,50
0.5859183673469388,0.8250647373064104,1.402727288656877,50
0.5859183673469388,0.85679799643358,1.4375203807491137,50
0.5859183673469388,0.8885312555607496,1.4715674017037659,50
0.5859183673469388,0.9202645146879193,1.504911668194903,50
0.5859183673469388,0.9519977738150889,1.5375931986488924,50
0.5859183673469388,0.9837310329422585,1.5696490146597024,50
0.5859183673469388,1.0154642920694281,1.601113413707853,50
0.5859183673469388,1.0471975511965979,1.632018215396815,50
0.5859183673469388,1.0789308103237674,1.662392983493643,50
0.5859183673469388,1.110664069450937,1.6922652260194893,50
0.5859183673469388,1.1423973285781066,1.7216605755271124,50
0.5859183673469388,1.1741305877052763,1.7506029515574693,50
0.5859183673469388,1.2058638468324459,1.779114707105892,50
0.5859183673469388,1.2375971059596156,1.8072167607630134,50
0.5859183673469388,1.269330365086785,1.8349287160342562,50
0.5859183673469388,1.3010636242139548,1.8622689691889696,50
0.5859183673469388,1.3327968833411243,1.8892548068485666,50
0.5859183673469388,1.364530142468294,1.9159024943933456,50
0.5859183673469388,1.3962634015954636,1.9422273561501795,50
0.5859183673469388,1.4279966607226333,1.9682438482176263,50
0.5859183673469388,1.4597299198498028,1.9939656246904502,50
0.5859183673469388,1.4914631789769726,2.019405597961319,50
0.5859183673469388,1.5231964381041423,2.044575993702531,50
0.5859183673469388,1.5549296972313118,2.069488401064216,50
0.5859183673469388,1.5866629563584815,2.0941538185665656,50
0.5859183673469388,1.618396215485651,2.1185826961115723,50
0.5859183673469388,1.6501294746128208,2.142784973493611,50
0.5859183673469388,1.6818627337399903,2.1667701157474113,50
0.5859183673469388,1.71359599286716,2.1905471456358487,50
0.5859183673469388,1.7453292519943295,2.214124673547996,50
0.5859183673469388,1.7770625111214993,2.2375109250495666,50
0.5859183673469388,1.8087957702486688,2.260713766302756,50
0.5859183673469388,1.8405290293758385,2.283740727550222,50
0.5859183673469388,1.872262288503008,2.3065990248381603,50
0.5859183673469388,1.9039955476301778,2.329295580135848,50
0.5859183673469388,1.9357288067573473,2.3518370399934154,50
0.5859183673469388,1.967462065884517,2.374229792865646,50
0.5859183673469388,1.9991953250116865,2.3964799852172285,50
0.5859183673469388,2.0309285841388562,2.418593536513789,50
0.5859183673469388,2.0626618432660258,2.440576153193146,50
0.5859183673469388,2.0943951023931957,2.4624333417023903,50
0.5859183673469388,2.126128361520365,2.484170420678464,50
0.5859183673469388,2.1578616206475347,2.505792532342829,50
0.5859183673469388,2.1895948797747042,2.5273046531744443,50
0.5859183673469388,2.221328138901874,2.548711603919564,50
0.5859183673469388,2.2530613980290437,2.5700180589917223,50
0.5859183673469388,2.284794657156213,2.5912285553106758,50
0.5859183673469388,2.3165279162833827,2.6123475006248773,50
0.5859183673469388,2.3482611754105527,2.633379181358349,50
0.5859183673469388,2.379994434537722,2.6543277700194077,50
0.5859183673469388,2.4117276936648917,2.675197332205667,50
0.5859183673469388,2.443460952792061,2.6959918332369766,50
0.5859183673469388,2.475194211919231,2.716715144445466,50
0.5859183673469388,2.5069274710464007,2.7373710491496164,50
0.5859183673469388,2.53866073017357,2.757963248337247,50
0.5859183673469388,2.57039398930074,2.7784953660804534,50
0.5859183673469388,2.6021272484279097,2.7989709547038757,50
0.5859183673469388,2.633860507555079,2.819393499726165,50
0.5859183673469388,2.6655937666822487,2.839766424593152,50
0.5859183673469388,2.6973270258094186,2.8600930952199866,50
0.5859183673469388,2.729060284936588,2.880376824358405,50
0.5859183673469388,2.7607935440637577,2.9006208758042855,50
0.5859183673469388,2.792526803190927,2.9208284684597223,50
0.5859183673469388,2.824260062318097,2.941002780263067,50
0.5859183673469388,2.8559933214452666,2.961146951999632,50
0.5859183673469388,2.887726580572436,2.981264091005107,50
0.5859183673469388,2.9194598396996057,3.0013572747731616,50
0.5859183673469388,2.9511930988267756,3.0214295544781904,50
0.5859183673469388,2.982926357953945,3.0414839584237057,50
0.5859183673469388,3.0146596170811146,3.0615234954265,50
0.5859183673469388,3.0463928762082846,3.0815511581463517,50
0.5859183673469388,3.078126135335454,3.1015699263707726,50
0.5859183673469388,3.1098593944626236,3.1215827702640704,50
0.5859183673469388,3.141592653589793,3.141592653589793,50
0.5861590912453232,5.887237200130095,5.455680373178509,50
0.5878788029626549,2.2940548446177735,2.598075881059746,50
0.5883251917526812,6.169727901946074,6.012302681031114,50
0.5890226452294623,2.816894027106454,2.9367239664106015,50
0.5935893043975248,0.3736242836391461,0.7990433703513459,50
0.5942725981619729,1.3183504953072882,1.8837570220405988,50
0.5943612402216152,1.1520612526577858,1.738121508658354,50
0.5975023528619073,5.239404966301866,4.643326959649303,50
0.5994669120490302,4.502579811916382,4.035340267113656,50
0.6005980653023117,0.6629540920877228,1.2287621128582058,50
0.6011688354979121,2.026080694062925,2.4222052601150112,50
0.601650242871939,5.751150057483681,5.227601099595882,50
0.6023950060978418,3.0120063324245328,3.060689087885556,50
0.6038192789770338,4.324581993875757,3.9064687684172763,50
0.6041705129489098,6.241893593012492,6.179154636584452,50
0.6053516386893204,1.2017645312945777,1.7923232479190512,50
0.6057501153143424,2.4606147501308975,2.7125867864542053,50
0.6057552425486716,3.59857787031361,3.4276504483037127,50
0.6061224489795918,0.0,0.0,50
0.6061224489795918,0.03173325912716963,0.0804328894019979,50
0.6061224489795918,0.06346651825433926,0.16008181749354097,50
0.6061224489795918,0.0951997773815089,0.23824061622110893,50
0.6061224489795918,0.12693303650867852,0.31433848091722916,50
0.6061224489795918,0.15866629563584814,0.3879666288553812,50
0.6061224489795918,0.1903995547630178,0.45887563778100404,50
0.6061224489795918,0.2221328138901874,0.5269530443554074,50
0.6061224489795918,0.25386607301735703,0.5921923469147644,50
0.6061224489795918,0.28559933214452665,0.6546618694096025,50
0.6061224489795918,0.3173325912716963,0.7144781160729509,50
0.6061224489795918,0.3490658503988659,0.7717851794632403,50
0.6061224489795918,0.3807991095260356,0.8267399627319133,50
0.6061224489795918,0.4125323686532052,0.8795022022756037,50
0.6061224489795918,0.4442656277803748,0.9302281177361164,50
0.6061224489795918,0.47599888690754444,0.9790666447555217,50
0.6061224489795918,0.5077321460347141,1.026157426376543,50
0.6061224489795918,0.5394654051618837,1.071629956982807,50
0.6061224489795918,0.5711986642890533,1.1156034529767695,50
0.6061224489795918,0.6029319234162229,1.1581871607685383,50
0.6061224489795918,0.6346651825433925,1.199480910495169,50
0.6061224489795918,0.6663984416705622,1.239575791723116,50
0.6061224489795918,0.6981317007977318,1.2785548732875214,50
0.6061224489795918,0.7298649599249014,1.3164939199053374,50
0.6061224489795918,0.7615982190520711,1.3534620781150246,50
0.6061224489795918,0.7933314781792408,1.3895225168945544,50
0.6061224489795918,0.8250647373064104,1.4247330163788514,50
0.6061224489795918,0.85679799643358,1.4591465030587636,50
0.6061224489795918,0.8885312555607496,1.492811532783287,50
0.6061224489795918,0.9202645146879193,1.525772724527336,50
0.6061224489795918,0.9519977738150889,1.558071148705112,50
0.6061224489795918,0.9837310329422585,1.589744674115946,50
0.6061224489795918,1.0154642920694281,1.6208282776081857,50
0.6061224489795918,1.0471975511965979,1.651354320367875,50
0.6061224489795918,1.0789308103237674,1.681352794465912,50
0.6061224489795918,1.110664069450937,1.7108515429822078,50
0.6061224489795918,1.1423973285781066,1.7398764567000675,50
0.6061224489795918,1.1741305877052763,1.7684516500473904,50
0.6061224489795918,1.2058638468324459,1.7965996186638138,50
0.6061224489795918,1.2375971059596156,1.8243413806997464,50
0.6061224489795918,1.269330365086785,1.8516966037061842,50
0.6061224489795918,1.3010636242139548,1.878683718753207,50
0.6061224489795918,1.3327968833411243,1.9053200232187975,50
0.6061224489795918,1.364530142468294,1.9316217735163141,50
0.6061224489795918,1.3962634015954636,1.9576042688764357,50
0.6061224489795918,1.4279966607226333,1.983281927165556,50
0.6061224489795918,1.4597299198498028,2.008668353605316,50
0.6061224489795918,1.4914631789769726,2.0337764031553136,50
0.6061224489795918,1.5231964381041423,2.058618237231203,50
0.6061224489795918,1.5549296972313118,2.083205375351815,50
0.6061224489795918,1.5866629563584815,2.107548742240164,50
0.6061224489795918,1.618396215485651,2.1316587108429874,50
0.6061224489795918,1.6501294746128208,2.155545141680712,50
0.6061224489795918,1.6818627337399903,2.1792174188934723,50
0.6061224489795918,1.71359599286716,2.2026844833081873,50
0.6061224489795918,1.7453292519943295,2.2259548628160197,50
0.6061224489795918,1.7770625111214993,2.2490367003181277,50
0.6061224489795918,1.8087957702486688,2.271937779469968,50
0.6061224489795918,1.8405290293758385,2.2946655484300074,50
0.6061224489795918,1.872262288503008,2.3172271417971495,50
0.6061224489795918,1.9039955476301778,2.339629400902146,50
0.6061224489795918,1.9357288067573473,2.361878892601367,50
0.6061224489795918,1.967462065884517,2.3839819267063755,50
0.6061224489795918,1.9991953250116865,2.405944572169451,50
0.6061224489795918,2.0309285841388562,2.427772672133412,50
0.6061224489795918,2.0626618432660258,2.449471857943585,50
0.6061224489795918,2.0943951023931957,2.4710475622103916,50
0.6061224489795918,2.126128361520365,2.4925050310026817,50
0.6061224489795918,2.1578616206475347,2.5138493352444704,50
0.6061224489795918,2.1895948797747042,2.5350853813810605,50
0.6061224489795918,2.221328138901874,2.5562179213745466,50
0.6061224489795918,2.2530613980290437,2.5772515620833474,50
0.6061224489795918,2.284794657156213,2.5981907740755936,50
0.6061224489795918,2.3165279162833827,2.6190398999218703,50
0.6061224489795918,2.3482611754105527,2.639803162008943,50
0.6061224489795918,2.379994434537722,2.6604846699125755,50
0.6061224489795918,2.4117276936648917,2.681088427364417,50
0.6061224489795918,2.443460952792061,2.7016183388450723,50
0.6061224489795918,2.475194211919231,2.7220782158329255,50
0.6061224489795918,2.5069274710464007,2.742471782735957,50
0.6061224489795918,2.53866073017357,2.762802682531716,50
0.6061224489795918,2.57039398930074,2.7830744821387046,50
0.6061224489795918,2.6021272484279097,2.803290677540752,50
0.6061224489795918,2.633860507555079,2.823454698684381,50
0.6061224489795918,2.6655937666822487,2.8435699141678024,50
0.6061224489795918,2.6973270258094186,2.863639635738905,50
0.6061224489795918,2.729060284936588,2.8836671226184682,50
0.6061224489795918,2.7607935440637577,2.9036555856638153,50
0.6061224489795918,2.792526803190927,2.9236081913871907,50
0.6061224489795918,2.824260062318097,2.94352806584232,50
0.6061224489795918,2.8559933214452666,2.96341829839188,50
0.6061224489795918,2.887726580572436,2.9832819453679313,50
0.6061224489795918,2.9194598396996057,3.003122033636786,50
0.6061224489795918,2.9511930988267756,3.0229415640792565,50
0.6061224489795918,2.982926357953945,3.0427435149967823,50
0.6061224489795918,3.0146596170811146,3.062530845453534,50
0.6061224489795918,3.0463928762082846,3.0823064985642454,50
0.6061224489795918,3.078126135335454,3.1020734047372476,50
0.6061224489795918,3.1098593944626236,3.1218344848819477,50
0.6061224489795918,3.141592653589793,3.141592653589793,50
0.6123473892210256,0.20679293448229966,0.500795086291003,50
0.6141613550211332,4.184333794795742,3.805761664469377,50
0.6146295349164002,1.8394211774528482,2.2984058624654815,50
0.614943636211315,5.77346011618259,5.243105184581335,50
0.6161024674284475,3.1237796037889494,3.130570340546855,50
0.6174153498421178,5.654526186593675,5.077895553376183,50
0.62339043451147,2.932152345504963,3.012440760503402,50
0.6263265306122449,0.0,0.0,50
0.6263265306122449,0.03173325912716963,0.08475242676137305,50
0.6263265306122449,0.06346651825433926,0.16851005450168252,50
0.6263265306122449,0.0951997773815089,0.2503953476319174,50
0.6263265306122449,0.12693303650867852,0.329729487924519,50
0.6263265306122449,0.15866629563584814,0.4060617846418333,50
0.6263265306122449,0.1903995547630178,0.4791540140760991,50
0.6263265306122449,0.2221328138901874,0.5489389532187532,50
0.6263265306122449,0.25386607301735703,0.6154718401413957,50
0.6263265306122449,0.28559933214452665,0.678886599018658,50
0.6263265306122449,0.3173325912716963,0.7393616730129828,50
0.6263265306122449,0.3490658503988659,0.7970958270187081,50
0.6263265306122449,0.3807991095260356,0.8522922635407191,50
0.6263265306122449,0.4125323686532052,0.905148912149655,50
0.6263265306122449,0.4442656277803748,0.9558529779741282,50
0.6263265306122449,0.47599888690754444,1.004578274625859,50
0.6263265306122449,0.5077321460347141,1.051484295637447,50
0.6263265306122449,0.5394654051618837,1.096716320342201,50
0.6263265306122449,0.5711986642890533,1.1404060976228882,50
0.6263265306122449,0.6029319234162229,1.1826728204163643,50
0.6263265306122449,0.6346651825433925,1.223624215796926,50
0.6263265306122449,0.6663984416705622,1.2633576475339414,50
0.6263265306122449,0.6981317007977318,1.3019611734756529,50
0.6263265306122449,0.7298649599249014,1.339514528221632,50
0.6263265306122449,0.7615982190520711,1.3760900185462033,50
0.6263265306122449,0.7933314781792408,1.4117533290156274,50
0.6263265306122449,0.8250647373064104,1.4465642408448198,50
0.6263265306122449,0.85679799643358,1.4805772699512907,50
0.6263265306122449,0.8885312555607496,1.5138422314517304,50
0.6263265306122449,0.9202645146879193,1.546404738179464,50
0.6263265306122449,0.9519977738150889,1.578306640594826,50
0.6263265306122449,0.9837310329422585,1.6095864149709116,50
0.6263265306122449,1.0154642920694281,1.6402795061184983,50
0.6263265306122449,1.0471975511965979,1.6704186302573503,50
0.6263265306122449,1.0789308103237674,1.700034042998247,50
0.6263265306122449,1.110664069450937,1.729153776798439,50
0.6263265306122449,1.1423973285781066,1.757803851705572,50
0.6263265306122449,1.1741305877052763,1.7860084627155495,50
0.6263265306122449,1.2058638468324459,1.8137901466374255,50
0.6263265306122449,1.2375971059596156,1.841169930979726,50
0.6263265306122449,1.269330365086785,1.8681674670427544,50
0.6263265306122449,1.3010636242139548,1.8948011491152745,50
0.6263265306122449,1.3327968833411243,1.9210882214262424,50
0.6263265306122449,1.364530142468294,1.9470448742881876,50
0.6263265306122449,1.3962634015954636,1.9726863306839146,50
0.6263265306122449,1.4279966607226333,1.9980269243885185,50
0.6263265306122449,1.4597299198498028,2.0230801705807493,50
0.6263265306122449,1.4914631789769726,2.0478588297785203,50
0.6263265306122449,1.5231964381041423,2.072374965830174,50
0.6263265306122449,1.5549296972313118,2.0966399986037643,50
0.6263265306122449,1.5866629563584815,2.1206647519391177,50
0.6263265306122449,1.618396215485651,2.144459497360131,50
0.6263265306122449,1.6501294746128208,2.1680339939862407,50
0.6263265306122449,1.6818627337399903,2.1913975250310207,50
0.6263265306122449,1.71359599286716,2.214558931231405,50
0.6263265306122449,1.7453292519943295,2.237526641512162,50
0.6263265306122449,1.7770625111214993,2.260308701156258,50
0.6263265306122449,1.8087957702486688,2.2829127977219477,50
0.6263265306122449,1.8405290293758385,2.3053462849212436,50
0.6263265306122449,1.872262288503008,2.327616204651431,50
0.6263265306122449,1.9039955476301778,2.3497293073510024,50
0.6263265306122449,1.9357288067573473,2.37169207083353,50
0.6263265306122449,1.967462065884517,2.393510717737182,50
0.6263265306122449,1.9991953250116865,2.4151912317136137,50
0.6263265306122449,2.0309285841388562,2.4367393724675797,50
0.6263265306122449,2.0626618432660258,2.4581606897476167,50
0.6263265306122449,2.0943951023931957,2.479460536378369,50
0.6263265306122449,2.126128361520365,2.500644080416432,50
0.6263265306122449,2.1578616206475347,2.52171631650385,50
0.6263265306122449,2.1895948797747042,2.54268207648645,50
0.6263265306122449,2.221328138901874,2.5635460393580605,50
0.6263265306122449,2.2530613980290437,2.5843127405860717,50
0.6263265306122449,2.284794657156213,2.6049865808689034,50
0.6263265306122449,2.3165279162833827,2.62557183437144,50
0.6263265306122449,2.3482611754105527,2.6460726564805452,50
0.6263265306122449,2.379994434537722,2.666493091119164,50
0.6263265306122449,2.4117276936648917,2.686837077654303,50
0.6263265306122449,2.443460952792061,2.707108457431259,50
0.6263265306122449,2.475194211919231,2.7273109799638786,50
0.6263265306122449,2.5069274710464007,2.7474483088082455,50
0.6263265306122449,2.53866073017357,2.7675240271450807,50
0.6263265306122449,2.57039398930074,2.787541643094212,50
0.6263265306122449,2.6021272484279097,2.807504594782745,50
0.6263265306122449,2.633860507555079,2.8274162551870012,50
0.6263265306122449,2.6655937666822487,2.8472799367668635,50
0.6263265306122449,2.6973270258094186,2.867098895909922,50
0.6263265306122449,2.729060284936588,2.8868763372016395,50
0.6263265306122449,2.7607935440637577,2.906615417536735,50
0.6263265306122449,2.792526803190927,2.9263192500860513,50
0.6263265306122449,2.824260062318097,2.945990908132336,50
0.6263265306122449,2.8559933214452666,2.9656334287876134,50
0.6263265306122449,2.887726580572436,2.985249816604171,50
0.6263265306122449,2.9194598396996057,3.004843047090574,50
0.6263265306122449,2.9511930988267756,3.02441607014361,50
0.6263265306122449,2.982926357953945,3.0439718134066047,50
0.6263265306122449,3.0146596170811146,3.063513185564143,50
0.6263265306122449,3.0463928762082846,3.0830430795829016,50
0.6263265306122449,3.078126135335454,3.1025643759079964,50
0.6263265306122449,3.1098593944626236,3.122079945624026,50
0.6263265306122449,3.141592653589793,3.141592653589793,50
0.6296839334263415,5.96718181611617,5.542079703646257,50
0.6305395749967998,2.9385802829822665,3.0169617296861153,50
0.6315020370211574,1.9855178835242395,2.408228248799753,50
0.6364669580154814,2.3932741244548086,2.677923223348699,50
0.6377974997356932,3.765557296295182,3.526236914098732,50
0.6382507632790888,6.038325243764533,5.672151539155886,50
0.638633385444389,2.2345337158421947,2.5765117616292024,50
0.6394411368129391,1.8435384487610347,2.3142525815344346,50
0.6398339032978405,6.231316939840854,6.1400405043046655,50
0.6415886507734828,4.76095074766721,4.201337438434694,50
0.6465306122448979,0.0,0.0,50
0.6465306122448979,0.03173325912716963,0.08955765439495822,50
0.6465306122448979,0.06346651825433926,0.1778411144334773,50
0.6465306122448979,0.0951997773815089,0.26375546121975674,50
0.6465306122448979,0.12693303650867852,0.3464998624966396,50
0.6465306122448979,0.15866629563584814,0.42559431769712197,50
0.6465306122448979,0.1903995547630178,0.5008384635427569,50
0.6465306122448979,0.2221328138901874,0.5722396527261769,50
0.6465306122448979,0.25386607301735703,0.6399401908788632,50
0.6465306122448979,0.28559933214452665,0.7041585659543125,50
0.6465306122448979,0.3173325912716963,0.7651479674446938,50
0.6465306122448979,0.3490658503988659,0.8231697281536341,50
0.6465306122448979,0.3807991095260356,0.878477732090472,50
0.6465306122448979,0.4125323686532052,0.9313101522630557,50
0.6465306122448979,0.4442656277803748,0.9818857738012671,50
0.6465306122448979,0.47599888690754444,1.030403028840322,50
0.6465306122448979,0.5077321460347141,1.0770405402454162,50
0.6465306122448979,0.5394654051618837,1.1219584346172269,50
0.6465306122448979,0.5711986642890533,1.1652999863007443,50
0.6465306122448979,0.6029319234162229,1.2071933426067938,50
0.6465306122448979,0.6346651825433925,1.2477531951232375,50
0.6465306122448979,0.6663984416705622,1.2870823300850749,50
0.6465306122448979,0.6981317007977318,1.3252730301759903,50
0.6465306122448979,0.7298649599249014,1.3624083221791325,50
0.6465306122448979,0.7615982190520711,1.3985630766035995,50
0.6465306122448979,0.7933314781792408,1.433804971072655,50
0.6465306122448979,0.8250647373064104,1.4681953314587546,50
0.6465306122448979,0.85679799643358,1.5017898650358026,50
0.6465306122448979,0.8885312555607496,1.5346392992041642,50
0.6465306122448979,0.9202645146879193,1.5667899381598733,50
0.6465306122448979,0.9519977738150889,1.5982841485279087,50
0.6465306122448979,0.9837310329422585,1.629160783625582,50
0.6465306122448979,1.0154642920694281,1.659455554750823,50
0.6465306122448979,1.0471975511965979,1.6892013567398088,50
0.6465306122448979,1.0789308103237674,1.7184285540209647,50
0.6465306122448979,1.110664069450937,1.7471652325056888,50
0.6465306122448979,1.1423973285781066,1.7754374218907985,50
0.6465306122448979,1.1741305877052763,1.8032692922912712,50
0.6465306122448979,1.2058638468324459,1.8306833285610455,50
0.6465306122448979,1.2375971059596156,1.8577004851817587,50
0.6465306122448979,1.269330365086785,1.884340324192499,50
0.6465306122448979,1.3010636242139548,1.9106211382875657,50
0.6465306122448979,1.3327968833411243,1.9365600609146736,50
0.6465306122448979,1.364530142468294,1.962173164955201,50
0.6465306122448979,1.3962634015954636,1.9874755513542137,50
0.6465306122448979,1.4279966607226333,2.012481428885424,50
0.6465306122448979,1.4597299198498028,2.0372041860801375,50
0.6465306122448979,1.4914631789769726,2.061656456215558,50
0.6465306122448979,1.5231964381041423,2.0858501761430817,50
0.6465306122448979,1.5549296972313118,2.1097966396386423,50
0.6465306122448979,1.5866629563584815,2.13350654587222,50
0.6465306122448979,1.618396215485651,2.1569900435203504,50
0.6465306122448979,1.6501294746128208,2.18025677098211,50
0.6465306122448979,1.6818627337399903,2.203315893104158,50
0.6465306122448979,1.71359599286716,2.2261761347727567,50
0.6465306122448979,1.7453292519943295,2.248845811689261,50
0.6465306122448979,1.7770625111214993,2.2713328586094352,50
0.6465306122448979,1.8087957702486688,2.293644855295434,50
0.6465306122448979,1.8405290293758385,2.315789050401694,50
0.6465306122448979,1.872262288503008,2.3377723834918083,50
0.6465306122448979,1.9039955476301778,2.3596015053622366,50
0.6465306122448979,1.9357288067573473,2.381282796830027,50
0.6465306122448979,1.967462065884517,2.4028223861252913,50
0.6465306122448979,1.9991953250116865,2.424226165014644,50
0.6465306122448979,2.0309285841388562,2.4454998037689966,50
0.6465306122448979,2.0626618432660258,2.4666487650777227,50
0.6465306122448979,2.0943951023931957,2.4876783170011447,50
0.6465306122448979,2.126128361520365,2.508593545044325,50
0.6465306122448979,2.1578616206475347,2.5293993634271996,50
0.6465306122448979,2.1895948797747042,2.550100525618981,50
0.6465306122448979,2.221328138901874,2.5707016341984428,50
0.6465306122448979,2.2530613980290437,2.59120715009604,50
0.6465306122448979,2.284794657156213,2.6116214012687573,50
0.6465306122448979,2.3165279162833827,2.6319485908540674,50
0.6465306122448979,2.3482611754105527,2.6521928048452996,50
0.6465306122448979,2.379994434537722,2.6723580193270964,50
0.6465306122448979,2.4117276936648917,2.6924481073063538,50
0.6465306122448979,2.443460952792061,2.7124668451710985,50
0.6465306122448979,2.475194211919231,2.7324179188071103,50
0.6465306122448979,2.5069274710464007,2.7523049293997057,50
0.6465306122448979,2.53866073017357,2.7721313989459695,50
0.6465306122448979,2.57039398930074,2.7919007755007508,50
0.6465306122448979,2.6021272484279097,2.811616438178026,50
0.6465306122448979,2.633860507555079,2.8312817019276384,50
0.6465306122448979,2.6655937666822487,2.8508998221059985,50
0.6465306122448979,2.6973270258094186,2.870473998858067,50
0.6465306122448979,2.729060284936588,2.8900073813267646,50
0.6465306122448979,2.7607935440637577,2.909503071704936,50
0.6465306122448979,2.792526803190927,2.928964129144044,50
0.6465306122448979,2.824260062318097,2.948393573532943,50
0.6465306122448979,2.8559933214452666,2.9677943891593244,50
0.6465306122448979,2.887726580572436,2.9871695282657638,50
0.6465306122448979,2.9194598396996057,3.0065219145117013,50
0.6465306122448979,2.9511930988267756,3.0258544463521653,50
0.6465306122448979,2.982926357953945,3.0451700003435835,50
0.6465306122448979,3.0146596170811146,3.0644714343866415,50
0.6465306122448979,3.0463928762082846,3.083761590915784,50
0.6465306122448979,3.078126135335454,3.103043300044689,50
0.6465306122448979,3.1098593944626236,3.122319382676798,50
0.6465306122448979,3.141592653589793,3.141592653589793,50
0.6498536426811233,4.4511263247716295,3.971583117483554,50
0.6501012430557134,1.1488356905705905,1.7841910835826031,50
0.6504936094502783,3.339277579397865,3.2614789716589496,50
0.6511620832503621,4.525715354201751,4.0231810471018585,50
0.6531458979702166,4.502561508892073,4.005793840510742,50
0.655784588178334,2.967763662146621,3.0365332981095428,50
0.6571733633212021,1.4366570325659842,2.0267070029184335,50
0.6596222464555976,1.0214557059622784,1.67733777952036,50
0.6598532360213784,3.0918199738162824,3.1116046737300342,50
0.6601930588633856,4.856768446172556,4.262319478894575,50
0.6603334732248417,5.040661262118924,4.41024118058218,50
0.6609533656782501,4.80680541711522,4.22333159296311,50
0.666734693877551,0.0,0.0,50
0.666734693877551,0.03173325912716963,0.09493405416007987,50
0.666734693877551,0.06346651825433926,0.18821903291309452,50
0.666734693877551,0.0951997773815089,0.27848416424880584,50
0.666734693877551,0.12693303650867852,0.3647972100196309,50
0.666734693877551,0.15866629563584814,0.4466752851833705,50
0.666734693877551,0.1903995547630178,0.5239965592599516,50
0.666734693877551,0.2221328138901874,0.5968818676579458,50
0.666734693877551,0.25386607301735703,0.6655906004109157,50
0.666734693877551,0.28559933214452665,0.7304459953587075,50
0.666734693877551,0.3173325912716963,0.791788140373239,50
0.666734693877551,0.3490658503988659,0.84994742656141,50
0.666734693877551,0.3807991095260356,0.9052312783775455,50
0.666734693877551,0.4125323686532052,0.9579188078143852,50
0.666734693877551,0.4442656277803748,1.008259880009967,50
0.666734693877551,0.47599888690754444,1.0564764502683348,50
0.666734693877551,0.5077321460347141,1.1027649344127919,50
0.666734693877551,0.5394654051618837,1.147298927946655,50
0.666734693877551,0.5711986642890533,1.1902319150312495,50
0.666734693877551,0.6029319234162229,1.2316997937090692,50
0.666734693877551,0.6346651825433925,1.2718231462535272,50
0.666734693877551,0.6663984416705622,1.3107092380623317,50
0.666734693877551,0.6981317007977318,1.348453755923804,50
0.666734693877551,0.7298649599249014,1.3851423088629473,50
0.666734693877551,0.7615982190520711,1.420851719042477,50
0.666734693877551,0.7933314781792408,1.4556511302699433,50
0.666734693877551,0.8250647373064104,1.4896029597279548,50
0.666734693877551,0.85679799643358,1.5227637157915106,50
0.666734693877551,0.8885312555607496,1.555184701854156,50
0.666734693877551,0.9202645146879193,1.5869126232677397,50
0.666734693877551,0.9519977738150889,1.6179901119498445,50
0.666734693877551,0.9837310329422585,1.6484561809758982,50
0.666734693877551,1.0154642920694281,1.6783466195487278,50
0.666734693877551,1.0471975511965979,1.707694337103158,50
0.666734693877551,1.0789308103237674,1.7365296639242216,50
0.666734693877551,1.110664069450937,1.7648806144998748,50
0.666734693877551,1.1423973285781066,1.7927731188596938,50
0.666734693877551,1.1741305877052763,1.8202312263401796,50
0.666734693877551,1.2058638468324459,1.8472772855391026,50
0.666734693877551,1.2375971059596156,1.873932103653741,50
0.666734693877551,1.269330365086785,1.9002150879222528,50
0.666734693877551,1.3010636242139548,1.92614437148829,50
0.666734693877551,1.3327968833411243,1.9517369256733355,50
0.666734693877551,1.364530142468294,1.9770086603584895,50
0.666734693877551,1.3962634015954636,2.0019745139386385,50
0.666734693877551,1.4279966607226333,2.026648534109848,50
0.666734693877551,1.4597299198498028,2.0510439505793703,50
0.666734693877551,1.4914631789769726,2.0751732406418313,50
0.666734693877551,1.5231964381041423,2.0990481884408703,50
0.666734693877551,1.5549296972313118,2.1226799386292803,50
0.666734693877551,1.5866629563584815,2.1460790450496923,50
0.666734693877551,1.618396215485651,2.169255514979716,50
0.666734693877551,1.6501294746128208,2.192218849418217,50
0.666734693877551,1.6818627337399903,2.214978079831361,50
0.666734693877551,1.71359599286716,2.237541801726929,50
0.666734693877551,1.7453292519943295,2.2599182053819074,50
0.666734693877551,1.7770625111214993,2.2821151040106185,50
0.666734693877551,1.8087957702486688,2.3041399596277907,50
0.666734693877551,1.8405290293758385,2.325999906832311,50
0.666734693877551,1.872262288503008,2.347701774712347,50
0.666734693877551,1.9039955476301778,2.3692521070506065,50
0.666734693877551,1.9357288067573473,2.390657180989235,50
0.666734693877551,1.967462065884517,2.41192302429696,50
0.666734693877551,1.9991953250116865,2.4330554313661614,50
0.666734693877551,2.0309285841388562,2.4540599780544334,50
0.666734693877551,2.0626618432660258,2.4749420354735507,50
0.666734693877551,2.0943951023931957,2.495706782818501,50
0.666734693877551,2.126128361520365,2.5163592193200968,50
0.666734693877551,2.1578616206475347,2.5369041753965953,50
0.666734693877551,2.1895948797747042,2.557346323072544,50
0.666734693877551,2.221328138901874,2.577690185726654,50
0.666734693877551,2.2530613980290437,2.5979401472247705,50
0.666734693877551,2.284794657156213,2.6181004604889084,50
0.666734693877551,2.3165279162833827,2.6381752555487323,50
0.666734693877551,2.3482611754105527,2.6581685471177754,50
0.666734693877551,2.379994434537722,2.678084241733007,50
0.666734693877551,2.4117276936648917,2.6979261444930844,50
0.666734693877551,2.443460952792061,2.717697965427634,50
0.666734693877551,2.475194211919231,2.737403325527271,50
0.666734693877551,2.5069274710464007,2.7570457624616616,50
0.666734693877551,2.53866073017357,2.7766287360107706,50
0.666734693877551,2.57039398930074,2.7961556332325066,50
0.666734693877551,2.6021272484279097,2.81562977338821,50
0.666734693877551,2.633860507555079,2.8350544126458725,50
0.666734693877551,2.6655937666822487,2.8544327485795358,50
0.666734693877551,2.6973270258094186,2.8737679244820415,50
0.666734693877551,2.729060284936588,2.8930630335071634,50
0.666734693877551,2.7607935440637577,2.9123211226560937,50
0.666734693877551,2.792526803190927,2.931545196622339,50
0.666734693877551,2.824260062318097,2.950738221508244,50
0.666734693877551,2.8559933214452666,2.9699031284256003,50
0.666734693877551,2.887726580572436,2.9890428169921495,50
0.666734693877551,2.9194598396996057,3.0081601587351843,50
0.666734693877551,2.9511930988267756,3.027258000412936,50
0.666734693877551,2.982926357953945,3.0463391672639717,50
0.666734693877551,3.0146596170811146,3.0654064661944376,50
0.666734693877551,3.0463928762082846,3.084462688912638,50
0.666734693877551,3.078126135335454,3.103510615020148,50
0.666734693877551,3.1098593944626236,3.12255301506844,50
0.666734693877551,3.141592653589793,3.141592653589793,50
0.668778145951487,2.211844433596332,2.572325712550739,50
0.6828661375888586,5.951925180231993,5.443641663653597,50
0.6843700601483088,3.117988676322414,3.12757893313185,50
0.6869387755102041,0.0,0.0,50
0.6869387755102041,0.03173325912716963,0.10098792226329721,50
0.6869387755102041,0.06346651825433926,0.19981693520063135,50
0.6869387755102041,0.0951997773815089,0.2947673092333946,50
0.6869387755102041,0.12693303650867852,0.3847775225350281,50
0.6869387755102041,0.15866629563584814,0.4694101153024797,50
0.6869387755102041,0.1903995547630178,0.5486808039641058,50
0.6869387755102041,0.2221328138901874,0.6228729918323198,50
0.6869387755102041,0.25386607301735703,0.6923966092587761,50
0.6869387755102041,0.28559933214452665,0.7576994491598644,50
0.6869387755102041,0.3173325912716963,0.8192187137335084,50
0.6869387755102041,0.3490658503988659,0.8773581158070209,50
0.6869387755102041,0.3807991095260356,0.9324795099798275,50
0.6869387755102041,0.4125323686532052,0.9849020913046135,50
0.6869387755102041,0.4442656277803748,1.0349051584494104,50
0.6869387755102041,0.47599888690754444,1.0827322811219389,50
0.6869387755102041,0.5077321460347141,1.1285957713651207,50
0.6869387755102041,0.5394654051618837,1.1726809386705723,50
0.6869387755102041,0.5711986642890533,1.2151499146638518,50
0.6869387755102041,0.6029319234162229,1.2561449877571869,50
0.6869387755102041,0.6346651825433925,1.295791461821148,50
0.6869387755102041,0.6663984416705622,1.3342000842834678,50
0.6869387755102041,0.6981317007977318,1.3714690990211307,50
0.6869387755102041,0.7298649599249014,1.4076859790767724,50
0.6869387755102041,0.7615982190520711,1.4429288893956327,50
0.6869387755102041,0.7933314781792408,1.4772679233880444,50
0.6869387755102041,0.8250647373064104,1.5107661506053582,50
0.6869387755102041,0.85679799643358,1.5434805068139739,50
0.6869387755102041,0.8885312555607496,1.5754625524980597,50
0.6869387755102041,0.9202645146879193,1.6067591213533527,50
0.6869387755102041,0.9519977738150889,1.6374128765982743,50
0.6869387755102041,0.9837310329422585,1.6674627898357661,50
0.6869387755102041,1.0154642920694281,1.696944554653612,50
0.6869387755102041,1.0471975511965979,1.7258909450619464,50
0.6869387755102041,1.0789308103237674,1.754332127154104,50
0.6869387755102041,1.110664069450937,1.7822959309727566,50
0.6869387755102041,1.1423973285781066,1.8098080884106154,50
0.6869387755102041,1.1741305877052763,1.8368924420271164,50
0.6869387755102041,1.2058638468324459,1.8635711288813452,50
0.6869387755102041,1.2375971059596156,1.8898647428360675,50
0.6869387755102041,1.269330365086785,1.9157924782530513,50
0.6869387755102041,1.3010636242139548,1.9413722575556511,50
0.6869387755102041,1.3327968833411243,1.9666208447644573,50
0.6869387755102041,1.364530142468294,1.991553946802464,50
0.6869387755102041,1.3962634015954636,2.0161863041068564,50
0.6869387755102041,1.4279966607226333,2.0405317718664953,50
0.6869387755102041,1.4597299198498028,2.064603393020274,50
0.6869387755102041,1.4914631789769726,2.0884134639960386,50
0.6869387755102041,1.5231964381041423,2.111973594037817,50
0.6869387755102041,1.5549296972313118,2.1352947588569244,50
0.6869387755102041,1.5866629563584815,2.158387349246789,50
0.6869387755102041,1.618396215485651,2.181261215219483,50
0.6869387755102041,1.6501294746128208,2.2039257061517494,50
0.6869387755102041,1.6818627337399903,2.2263897073679533,50
0.6869387755102041,1.71359599286716,2.2486616735353593,50
0.6869387755102041,1.7453292519943295,2.270749659202189,50
0.6869387755102041,1.7770625111214993,2.2926613467699797,50
0.6869387755102041,1.8087957702486688,2.314404072157945,50
0.6869387755102041,1.8405290293758385,2.3359848483876573,50
0.6869387755102041,1.872262288503008,2.3574103872906935,50
0.6869387755102041,1.9039955476301778,2.3786871195194976,50
0.6869387755102041,1.9357288067573473,2.3998212130220673,50
0.6869387755102041,1.967462065884517,2.4208185901238717,50
0.6869387755102041,1.9991953250116865,2.441684943345239,50
0.6869387755102041,2.0309285841388562,2.4624257500691464,50
0.6869387755102041,2.0626618432660258,2.483046286162554,50
0.6869387755102041,2.0943951023931957,2.503551638644028,50
0.6869387755102041,2.126128361520365,2.5239467174811927,50
0.6869387755102041,2.1578616206475347,2.5442362665933658,50
0.6869387755102041,2.1895948797747042,2.5644248741274835,50
0.6869387755102041,2.221328138901874,2.5845169820689575,50
0.6869387755102041,2.2530613980290437,2.6045168952433495,50
0.6869387755102041,2.284794657156213,2.6244287897596195,50
0.6869387755102041,2.3165279162833827,2.6442567209410988,50
0.6869387755102041,2.3482611754105527,2.66400463078626,50
0.6869387755102041,2.379994434537722,2.6836763549976452,50
0.6869387755102041,2.4117276936648917,2.7032756296140525,50
0.6869387755102041,2.443460952792061,2.722806097278085,50
0.6869387755102041,2.475194211919231,2.742271313168538,50
0.6869387755102041,2.5069274710464007,2.7616747506246866,50
0.6869387755102041,2.53866073017357,2.7810198064874023,50
0.6869387755102041,2.57039398930074,2.8003098061800737,50
0.6869387755102041,2.6021272484279097,2.8195480085505764,50
0.6869387755102041,2.633860507555079,2.838737610493958,50
0.6869387755102041,2.6655937666822487,2.8578817513740917,50
0.6869387755102041,2.6973270258094186,2.876983517261276,50
0.6869387755102041,2.729060284936588,2.896045945001613,50
0.6869387755102041,2.7607935440637577,2.9150720261329663,50
0.6869387755102041,2.792526803190927,2.9340647106613726,50
0.6869387755102041,2.824260062318097,2.9530269107109466,50
0.6869387755102041,2.8559933214452666,2.9719615040595855,50
0.6869387755102041,2.887726580572436,2.9908713375721137,50
0.6869387755102041,2.9194598396996057,3.0097592305419125,50
0.6869387755102041,2.9511930988267756,3.0286279779515803,50
0.6869387755102041,2.982926357953945,3.047480353662693,50
0.6869387755102041,3.0146596170811146,3.066319113544362,50
0.6869387755102041,3.0463928762082846,3.085146998549928,50
0.6869387755102041,3.078126135335454,3.1039667377508677,50
0.6869387755102041,3.1098593944626236,3.1227810513367347,50
0.6869387755102041,3.141592653589793,3.141592653589793,50
0.6874951587704675,2.882943570357818,2.9880732949551563,50
0.6961276287384112,6.16900929244083,5.924896995873268,50
0.6987422482619203,0.8883509461592912,1.5870014494751672,50
0.705153538978472,4.599794823508463,4.04565360275746,50
0.7052115954138802,5.865576055822296,5.265524658048552,50
0.7057940601824241,3.9012856676493004,3.593241869023974,50
0.7065375581886739,3.316391359630699,3.244095795619686,50
0.7066513845929928,4.319155842469915,3.8561168321137678,50
0.7071428571428571,0.0,0.0,50
0.7071428571428571,0.03173325912716963,0.10785287549754577,50
0.7071428571428571,0.06346651825433926,0.21284328944377276,50
0.7071428571428571,0.0951997773815089,0.3128140156570685,50
0.7071428571428571,0.12693303650867852,0.406600371203398,50
0.7071428571428571,0.15866629563584814,0.49389163070008996,50
0.7071428571428571,0.1903995547630178,0.5749223784147881,50
0.7071428571428571,0.2221328138901874,0.650196885164532,50
0.7071428571428571,0.25386607301735703,0.7203100385477494,50
0.7071428571428571,0.28559933214452665,0.7858514403733096,50
0.7071428571428571,0.3173325912716963,0.8473622923905972,50
0.7071428571428571,0.3490658503988659,0.9053209342582696,50
0.7071428571428571,0.3807991095260356,0.9601422681835079,50
0.7071428571428571,0.4125323686532052,1.012183097343019,50
0.7071428571428571,0.4442656277803748,1.0617494053890555,50
0.7071428571428571,0.47599888690754444,1.1091037414464722,50
0.7071428571428571,0.5077321460347141,1.1544719517400797,50
0.7071428571428571,0.5394654051618837,1.1980490156627326,50
0.7071428571428571,0.5711986642890533,1.2400039774172527,50
0.7071428571428571,0.6029319234162229,1.2804840589597906,50
0.7071428571428571,0.6346651825433925,1.3196180690808985,50
0.7071428571428571,0.6663984416705622,1.3575192233608113,50
0.7071428571428571,0.6981317007977318,1.3942874779913859,50
0.7071428571428571,0.7298649599249014,1.4300114652990195,50
0.7071428571428571,0.7615982190520711,1.4647701038703471,50
0.7071428571428571,0.7933314781792408,1.4986339429010127,50
0.7071428571428571,0.8250647373064104,1.5316662891491226,50
0.7071428571428571,0.85679799643358,1.5639241556173937,50
0.7071428571428571,0.8885312555607496,1.5954590635757981,50
0.7071428571428571,0.9202645146879193,1.6263177234901376,50
0.7071428571428571,0.9519977738150889,1.6565426155747072,50
0.7071428571428571,0.9837310329422585,1.6861724868062367,50
0.7071428571428571,1.0154642920694281,1.7152427781275292,50
0.7071428571428571,1.0471975511965979,1.7437859930748965,50
0.7071428571428571,1.0789308103237674,1.771832017057273,50
0.7071428571428571,1.110664069450937,1.7994083948964779,50
0.7071428571428571,1.1423973285781066,1.8265405729281383,50
0.7071428571428571,1.1741305877052763,1.853252110898789,50
0.7071428571428571,1.2058638468324459,1.8795648680272008,50
0.7071428571428571,1.2375971059596156,1.9054991668881585,50
0.7071428571428571,1.269330365086785,1.9310739381938329,50
0.7071428571428571,1.3010636242139548,1.9563068490671816,50
0.7071428571428571,1.3327968833411243,1.9812144170039843,50
0.7071428571428571,1.364530142468294,2.0058121113897127,50
0.7071428571428571,1.3962634015954636,2.0301144441620145,50
0.7071428571428571,1.4279966607226333,2.054135050979232,50
0.7071428571428571,1.4597299198498028,2.077886764062004,50
0.7071428571428571,1.4914631789769726,2.1013816777121836,50
0.7071428571428571,1.5231964381041423,2.1246312073757343,50
0.7071428571428571,1.5549296972313118,2.147646142999681,50
0.7071428571428571,1.5866629563584815,2.1704366973340785,50
0.7071428571428571,1.618396215485651,2.19301254974546,50
0.7071428571428571,1.6501294746128208,2.21538288603597,50
0.7071428571428571,1.6818627337399903,2.237556434700424,50
0.7071428571428571,1.71359599286716,2.259541500000265,50
0.7071428571428571,1.7453292519943295,2.281345992187471,50
0.7071428571428571,1.7770625111214993,2.30297745517177,50
0.7071428571428571,1.8087957702486688,2.3244430918901435,50
0.7071428571428571,1.8405290293758385,2.3457497876077245,50
0.7071428571428571,1.872262288503008,2.366904131353215,50
0.7071428571428571,1.9039955476301778,2.3879124356692665,50
0.7071428571428571,1.9357288067573473,2.408780754838436,50
0.7071428571428571,1.967462065884517,2.429514901727962,50
0.7071428571428571,1.9991953250116865,2.4501204633813582,50
0.7071428571428571,2.0309285841388562,2.470602815471395,50
0.7071428571428571,2.0626618432660258,2.490967135717226,50
0.7071428571428571,2.0943951023931957,2.511218416357974,50
0.7071428571428571,2.126128361520365,2.5313614757658445,50
0.7071428571428571,2.1578616206475347,2.5514009692736765,50
0.7071428571428571,2.1895948797747042,2.5713413992845426,50
0.7071428571428571,2.221328138901874,2.591187124724596,50
0.7071428571428571,2.2530613980290437,2.6109423698945733,50
0.7071428571428571,2.284794657156213,2.630611232770272,50
0.7071428571428571,2.3165279162833827,2.650197692797723,50
0.7071428571428571,2.3482611754105527,2.669705618224698,50
0.7071428571428571,2.379994434537722,2.6891387730065337,50
0.7071428571428571,2.4117276936648917,2.7085008233209664,50
0.7071428571428571,2.443460952792061,2.7277953437237343,50
0.7071428571428571,2.475194211919231,2.7470258229740554,50
0.7071428571428571,2.5069274710464007,2.7661956695567267,50
0.7071428571428571,2.53866073017357,2.7853082169254444,50
0.7071428571428571,2.57039398930074,2.8043667284900216,50
0.7071428571428571,2.6021272484279097,2.8233744023684677,50
0.7071428571428571,2.633860507555079,2.842334375923313,50
0.7071428571428571,2.6655937666822487,2.861249730100183,50
0.7071428571428571,2.6973270258094186,2.8801234935853426,50
0.7071428571428571,2.729060284936588,2.89895864679782,50
0.7071428571428571,2.7607935440637577,2.9177581257306735,50
0.7071428571428571,2.792526803190927,2.9365248256550687,50
0.7071428571428571,2.824260062318097,2.9552616047000013,50
0.7071428571428571,2.8559933214452666,2.9739712873197726,50
0.7071428571428571,2.887726580572436,2.9926566676606656,50
0.7071428571428571,2.9194598396996057,3.0113205128376954,50
0.7071428571428571,2.9511930988267756,3.0299655661317915,50
0.7071428571428571,2.982926357953945,3.0485945501173193,50
0.7071428571428571,3.0146596170811146,3.0672101697294702,50
0.7071428571428571,3.0463928762082846,3.085815115280701,50
0.7071428571428571,3.078126135335454,3.1044120654351337,50
0.7071428571428571,3.1098593944626236,3.123003690149595,50
0.7071428571428571,3.141592653589793,3.141592653589793,50
0.7122469172538183,3.421660880538067,3.3054649987109848,50
0.7127219855527792,4.3744485253057155,3.889645787520855,50
0.7193360898905743,1.8828608418723973,2.379511132589885,50
0.7248895281036999,4.560070023290579,4.00779506909701,50
0.7251012766425466,1.811635576037979,2.335073621187785,50
0.725635071697208,5.251779616624157,4.537245622938412,50
0.7266237172660814,0.8579275745274627,1.5844832331350243,50
0.7273469387755102,0.0,0.0,50
0.7273469387755102,0.03173325912716963,0.11569881460670836,50
0.7273469387755102,0.06346651825433926,0.22754897963780463,50
0.7273469387755102,0.0951997773815089,0.332855151149761,50
0.7273469387755102,0.12693303650867852,0.4304211440330941,50
0.7273469387755102,0.15866629563584814,0.520191261657936,50
0.7273469387755102,0.1903995547630178,0.6027245870416555,50
0.7273469387755102,0.2221328138901874,0.678810343064255,50
0.7273469387755102,0.25386607301735703,0.7492599592092368,50
0.7273469387755102,0.28559933214452665,0.8148170349861124,50
0.7273469387755102,0.3173325912716963,0.8761290420841517,50
0.7273469387755102,0.3490658503988659,0.933746791647431,50
0.7273469387755102,0.3807991095260356,0.988134482797286,50
0.7273469387755102,0.4125323686532052,1.039682514129782,50
0.7273469387755102,0.4442656277803748,1.088719842942834,50
0.7273469387755102,0.47599888690754444,1.1355247792644054,50
0.7273469387755102,0.5077321460347141,1.1803340010575956,50
0.7273469387755102,0.5394654051618837,1.2233499259473788,50
0.7273469387755102,0.5711986642890533,1.264746682705106,50
0.7273469387755102,0.6029319234162229,1.304674934185798,50
0.7273469387755102,0.6346651825433925,1.3432657754845811,50
0.7273469387755102,0.6663984416705622,1.3806338937585465,50
0.7273469387755102,0.6981317007977318,1.416880140214092,50
0.7273469387755102,0.7298649599249014,1.4520936338252997,50
0.7273469387755102,0.7615982190520711,1.4863534910716825,50
0.7273469387755102,0.7933314781792408,1.5197302558660446,50
0.7273469387755102,0.8250647373064104,1.552287088047111,50
0.7273469387755102,0.85679799643358,1.584080756487471,50
0.7273469387755102,0.8885312555607496,1.6151624732724001,50
0.7273469387755102,0.9202645146879193,1.6455785979309545,50
0.7273469387755102,0.9519977738150889,1.6753712348657985,50
0.7273469387755102,0.9837310329422585,1.7045787425580672,50
0.7273469387755102,1.0154642920694281,1.73323616952986,50
0.7273469387755102,1.0471975511965979,1.7613756292087304,50
0.7273469387755102,1.0789308103237674,1.7890266235865666,50
0.7273469387755102,1.110664069450937,1.8162163237699995,50
0.7273469387755102,1.1423973285781066,1.8429698140814326,50
0.7273469387755102,1.1741305877052763,1.8693103052124151,50
0.7273469387755102,1.2058638468324459,1.8952593209951833,50
0.7273469387755102,1.2375971059596156,1.9208368625979275,50
0.7273469387755102,1.269330365086785,1.9460615533289267,50
0.7273469387755102,1.3010636242139548,1.9709507667262012,50
0.7273469387755102,1.3327968833411243,1.995520740190771,50
0.7273469387755102,1.364530142468294,2.0197866760756646,50
0.7273469387755102,1.3962634015954636,2.043762831855725,50
0.7273469387755102,1.4279966607226333,2.0674626007641046,50
0.7273469387755102,1.4597299198498028,2.0908985840813363,50
0.7273469387755102,1.4914631789769726,2.114082656095028,50
0.7273469387755102,1.5231964381041423,2.1370260226068676,50
0.7273469387755102,1.5549296972313118,2.15973927374418,50
0.7273469387755102,1.5866629563584815,2.1822324317319857,50
0.7273469387755102,1.618396215485651,2.2045149941953888,50
0.7273469387755102,1.6501294746128208,2.226595973488633,50
0.7273469387755102,1.6818627337399903,2.248483932484284,50
0.7273469387755102,1.71359599286716,2.2701870172020637,50
0.7273469387755102,1.7453292519943295,2.2917129866104156,50
0.7273469387755102,1.7770625111214993,2.3130692398938475,50
0.7273469387755102,1.8087957702486688,2.3342628414444526,50
0.7273469387755102,1.8405290293758385,2.3553005438059653,50
0.7273469387755102,1.872262288503008,2.376188808772606,50
0.7273469387755102,1.9039955476301778,2.3969338268222087,50
0.7273469387755102,1.9357288067573473,2.417541535043275,50
0.7273469387755102,1.967462065884517,2.4380176336982022,50
0.7273469387755102,1.9991953250116865,2.458367601549695,50
0.7273469387755102,2.0309285841388562,2.478596710063973,50
0.7273469387755102,2.0626618432660258,2.498710036592586,50
0.7273469387755102,2.0943951023931957,2.5187124766242497,50
0.7273469387755102,2.126128361520365,2.5386087551889203,50
0.7273469387755102,2.1578616206475347,2.5584034374881712,50
0.7273469387755102,2.1895948797747042,2.578100938818738,50
0.7273469387755102,2.221328138901874,2.597705533849656,50
0.7273469387755102,2.2530613980290437,2.617221365307742,50
0.7273469387755102,2.284794657156213,2.636652452121054,50
0.7273469387755102,2.3165279162833827,2.6560026970654556,50
0.7273469387755102,2.3482611754105527,2.6752758939553365,50
0.7273469387755102,2.379994434537722,2.6944757344159362,50
0.7273469387755102,2.4117276936648917,2.713605814271452,50
0.7273469387755102,2.443460952792061,2.7326696395802115,50
0.7273469387755102,2.475194211919231,2.7516706323455806,50
0.7273469387755102,2.5069274710464007,2.770612135928914,50
0.7273469387755102,2.53866073017357,2.7894974201887766,50
0.7273469387755102,2.57039398930074,2.8083296863687273,50
0.7273469387755102,2.6021272484279097,2.8271120717542866,50
0.7273469387755102,2.633860507555079,2.8458476541181486,50
0.7273469387755102,2.6655937666822487,2.864539455971327,50
0.7273469387755102,2.6973270258094186,2.8831904486366713,50
0.7273469387755102,2.729060284936588,2.901803556160082,50
0.7273469387755102,2.7607935440637577,2.920381659073735,50
0.7273469387755102,2.792526803190927,2.9389275980247342,50
0.7273469387755102,2.824260062318097,2.9574441772817877,50
0.7273469387755102,2.8559933214452666,2.9759341681318006,50
0.7273469387755102,2.887726580572436,2.994400312177614,50
0.7273469387755102,2.9194598396996057,3.0128453245475604,50
0.7273469387755102,2.9511930988267756,3.031271897026995,50
0.7273469387755102,2.982926357953945,3.0496827011215286,50
0.7273469387755102,3.0146596170811146,3.068080391061301,50
0.7273469387755102,3.0463928762082846,3.0864676067552974,50
0.7273469387755102,3.078126135335454,3.104846976704456,50
0.7273469387755102,3.1098593944626236,3.123221120882067,50
0.7273469387755102,3.141592653589793,3.141592653589793,50
0.7334459896827341,3.8740458936725326,3.5696136380188355,50
0.733964066025087,2.4199834246045833,2.7201987872797813,50
0.7473606137207798,2.0356679351066216,2.489314599078573,50
0.7475510204081632,0.0,0.0,50
0.7475510204081632,0.03173325912716963,0.12474438849384523,50
0.7475510204081632,0.06346651825433926,0.24423461616428638,50
0.7475510204081632,0.0951997773815089,0.3551381225300243,50
0.7475510204081632,0.12693303650867852,0.4563796623350287,50
0.7475510204081632,0.15866629563584814,0.5483488437104916,50
0.7475510204081632,0.1903995547630178,0.6320567506944136,50
0.7475510204081632,0.2221328138901874,0.7086408344863862,50
0.7475510204081632,0.25386607301735703,0.7791529973403177,50
0.7475510204081632,0.28559933214452665,0.844495519587318,50
0.7475510204081632,0.3173325912716963,0.9054188896785629,50
0.7475510204081632,0.3490658503988659,0.9625406190891732,50
0.7475510204081632,0.3807991095260356,1.0163682289721416,50
0.7475510204081632,0.4125323686532052,1.0673203885720348,50
0.7475510204081632,0.4442656277803748,1.1157445728603483,50
0.7475510204081632,0.47599888690754444,1.1619312323058926,50
0.7475510204081632,0.5077321460347141,1.2061249749107426,50
0.7475510204081632,0.5394654051618837,1.2485333431293897,50
0.7475510204081632,0.5711986642890533,1.2893337069587545,50
0.7475510204081632,0.6029319234162229,1.3286786981812526,50
0.7475510204081632,0.6346651825433925,1.3667005183733287,50
0.7475510204081632,0.6663984416705622,1.403514376217009,50
0.7475510204081632,0.6981317007977318,1.4392212489877378,50
0.7475510204081632,0.7298649599249014,1.4739101166287047,50
0.7475510204081632,0.7615982190520711,1.5076597816760227,50
0.7475510204081632,0.7933314781792408,1.5405403618343445,50
0.7475510204081632,0.8250647373064104,1.5726145220750953,50
0.7475510204081632,0.85679799643358,1.6039384980847986,50
0.7475510204081632,0.8885312555607496,1.6345629514842581,50
0.7475510204081632,0.9202645146879193,1.6645336885457644,50
0.7475510204081632,0.9519977738150889,1.6938922674714918,50
0.7475510204081632,0.9837310329422585,1.7226765141570926,50
0.7475510204081632,1.0154642920694281,1.7509209623768305,50
0.7475510204081632,1.0471975511965979,1.778657231213332,50
0.7475510204081632,1.0789308103237674,1.8059143501096437,50
0.7475510204081632,1.110664069450937,1.8327190399890418,50
0.7475510204081632,1.1423973285781066,1.859095957352359,50
0.7475510204081632,1.1741305877052763,1.885067907035273,50
0.7475510204081632,1.2058638468324459,1.9106560283216998,50
0.7475510204081632,1.2375971059596156,1.9358799583127393,50
0.7475510204081632,1.269330365086785,1.9607579758037212,50
0.7475510204081632,1.3010636242139548,1.985307128394176,50
0.7475510204081632,1.3327968833411243,2.009543345122922,50
0.7475510204081632,1.364530142468294,2.0334815365642798,50
0.7475510204081632,1.3962634015954636,2.0571356840268145,50
0.7475510204081632,1.4279966607226333,2.080518919251417,50
0.7475510204081632,1.4597299198498028,2.1036435958015303,50
0.7475510204081632,1.4914631789769726,2.1265213531676346,50
0.7475510204081632,1.5231964381041423,2.1491631744646655,50
0.7475510204081632,1.5549296972313118,2.171579438480125,50
0.7475510204081632,1.5866629563584815,2.1937799667283238,50
0.7475510204081632,1.618396215485651,2.2157740660793723,50
0.7475510204081632,1.6501294746128208,2.2375705674575626,50
0.7475510204081632,1.6818627337399903,2.2591778610406354,50
0.7475510204081632,1.71359599286716,2.2806039283373023,50
0.7475510204081632,1.7453292519943295,2.3018563714738813,50
0.7475510204081632,1.7770625111214993,2.3229424399808765,50
0.7475510204081632,1.8087957702486688,2.3438690553356913,50
0.7475510204081632,1.8405290293758385,2.364642833487713,50
0.7475510204081632,1.872262288503008,2.385270105565982,50
0.7475510204081632,1.9039955476301778,2.4057569369469984,50
0.7475510204081632,1.9357288067573473,2.426109144840478,50
0.7475510204081632,1.967462065884517,2.4463323145335765,50
0.7475510204081632,1.9991953250116865,2.466431814418982,50
0.7475510204081632,2.0309285841388562,2.486412809918976,50
0.7475510204081632,2.0626618432660258,2.506280276405869,50
0.7475510204081632,2.0943951023931957,2.526039011208927,50
0.7475510204081632,2.126128361520365,2.5456936447887673,50
0.7475510204081632,2.1578616206475347,2.565248651152198,50
0.7475510204081632,2.1895948797747042,2.584708357573288,50
0.7475510204081632,2.221328138901874,2.604076953680149,50
0.7475510204081632,2.2530613980290437,2.6233584999612676,50
0.7475510204081632,2.284794657156213,2.642556935740205,50
0.7475510204081632,2.3165279162833827,2.6616760866630083,50
0.7475510204081632,2.3482611754105527,2.6807196717386876,50
0.7475510204081632,2.379994434537722,2.699691309969522,50
0.7475510204081632,2.4117276936648917,2.7185945266047855,50
0.7475510204081632,2.443460952792061,2.7374327590485903,50
0.7475510204081632,2.475194211919231,2.7562093624499906,50
0.7475510204081632,2.5069274710464007,2.7749276150011664,50
0.7475510204081632,2.53866073017357,2.7935907229674495,50
0.7475510204081632,2.57039398930074,2.812201825471069,50
0.7475510204081632,2.6021272484279097,2.8307639990488234,50
0.7475510204081632,2.633860507555079,2.8492802620023823,50
0.7475510204081632,2.6655937666822487,2.8677535785585437,50
0.7475510204081632,2.6973270258094186,2.8861868628555745,50
0.7475510204081632,2.729060284936588,2.9045829827706355,50
0.7475510204081632,2.7607935440637577,2.9229447636023287,50
0.7475510204081632,2.792526803190927,2.9412749916214995,50
0.7475510204081632,2.824260062318097,2.959576417502644,50
0.7475510204081632,2.8559933214452666,2.9778517596475584,50
0.7475510204081632,2.887726580572436,2.996103707412229,50
0.7475510204081632,2.9194598396996057,3.0143349242474176,50
0.7475510204081632,2.9511930988267756,3.032548050762882,50
0.7475510204081632,2.982926357953945,3.050745707724755,50
0.7475510204081632,3.0146596170811146,3.068930498995217,50
0.7475510204081632,3.0463928762082846,3.0871050144232917,50
0.7475510204081632,3.078126135335454,3.1052718326953017,50
0.7475510204081632,3.1098593944626236,3.123433524153325,50
0.7475510204081632,3.141592653589793,3.141592653589793,50
0.7480334274823167,2.7160008727889666,2.8970843025781603,50
0.7483439967877934,0.21083416427040383,0.6833126923485768,50
0.7547810741705206,1.0358692876494267,1.7749723424228236,50
0.7574032092247797,1.8608267131444731,2.3822545407867257,50
0.7590553058914691,1.8550053729193645,2.3792321306483792,50
0.759875525797153,1.7598096322071577,2.3175042475825727,50
0.7599209372778465,4.468242482290601,3.9295329623914292,50
0.7612765139520002,6.0088278808307924,5.440674600728474,50
0.7629502044163274,3.04419663589401,3.0863344452107717,50
0.7677551020408163,0.0,0.0,50
0.7677551020408163,0.03173325912716963,0.13527443494426616,50
0.7677551020408163,0.06346651825433926,0.2632566378987874,50
0.7677551020408163,0.0951997773815089,0.37991588958139555,50
0.7677551020408163,0.12693303650867852,0.48458493321770246,50
0.7677551020408163,0.15866629563584814,0.5783619554391043,50
0.7677551020408163,0.1903995547630178,0.6628495328590177,50
0.7677551020408163,0.2221328138901874,0.7395860721900791,50
0.7677551020408163,0.25386607301735703,0.8098751517243908,50
0.7677551020408163,0.28559933214452665,0.8747730859671422,50
0.7677551020408163,0.3173325912716963,0.9351243056471827,50
0.7677551020408163,0.3490658503988659,0.9916038879938868,50
0.7677551020408163,0.3807991095260356,1.044754851486372,50
0.7677551020408163,0.4125323686532052,1.0950178410560056,50
0.7677551020408163,0.4442656277803748,1.1427539185116808,50
0.7677551020408163,0.47599888690754444,1.1882618519547996,50
0.7677551020408163,0.5077321460347141,1.2317912214776945,50
0.7677551020408163,0.5394654051618837,1.2735523999650744,50
0.7677551020408163,0.5711986642890533,1.3137242102773856,50
0.7677551020408163,0.6029319234162229,1.3524598506518253,50
0.7677551020408163,0.6346651825433925,1.3898915218979897,50
0.7677551020408163,0.6663984416705622,1.4261340739898754,50
0.7677551020408163,0.6981317007977318,1.4612879056727246,50
0.7677551020408163,0.7298649599249014,1.495441290041437,50
0.7677551020408163,0.7615982190520711,1.5286722551218552,50
0.7677551020408163,0.7933314781792408,1.5610501165118393,50
0.7677551020408163,0.8250647373064104,1.5926367357052436,50
0.7677551020408163,0.85679799643358,1.6234875604161922,50
0.7677551020408163,0.8885312555607496,1.653652490338458,50
0.7677551020408163,0.9202645146879193,1.6831766021068286,50
0.7677551020408163,0.9519977738150889,1.7121007599134677,50
0.7677551020408163,0.9837310329422585,1.740462132655544,50
0.7677551020408163,1.0154642920694281,1.7682946342056016,50
0.7677551020408163,1.0471975511965979,1.7956293000795989,50
0.7677551020408163,1.0789308103237674,1.8224946111921663,50
0.7677551020408163,1.110664069450937,1.84891677335942,50
0.7677551020408163,1.1423973285781066,1.8749199596065689,50
0.7677551020408163,1.1741305877052763,1.9005265210631244,50
0.7677551020408163,1.2058638468324459,1.9257571712093178,50
0.7677551020408163,1.2375971059596156,1.9506311474175426,50
0.7677551020408163,1.269330365086785,1.9751663530696508,50
0.7677551020408163,1.3010636242139548,1.9993794829919371,50
0.7677551020408163,1.3327968833411243,2.023286134509231,50
0.7677551020408163,1.364530142468294,2.0469009060579713,50
0.7677551020408163,1.3962634015954636,2.07023748499992,50
0.7677551020408163,1.4279966607226333,2.0933087260311423,50
0.7677551020408163,1.4597299198498028,2.116126721375382,50
0.7677551020408163,1.4914631789769726,2.1387028637792977,50
0.7677551020408163,1.5231964381041423,2.1610479031831096,50
0.7677551020408163,1.5549296972313118,2.183171997819054,50
0.7677551020408163,1.5866629563584815,2.2050847603877366,50
0.7677551020408163,1.618396215485651,2.2267952998757505,50
0.7677551020408163,1.6501294746128208,2.2483122595041745,50
0.7677551020408163,1.6818627337399903,2.2696438512346724,50
0.7677551020408163,1.71359599286716,2.2907978872060664,50
0.7677551020408163,1.7453292519943295,2.3117818084280786,50
0.7677551020408163,1.7770625111214993,2.3326027110191534,50
0.7677551020408163,1.8087957702486688,2.3532673702409785,50
0.7677551020408163,1.8405290293758385,2.3737822625526217,50
0.7677551020408163,1.872262288503008,2.3941535858814382,50
0.7677551020408163,1.9039955476301778,2.41438727828552,50
0.7677551020408163,1.9357288067573473,2.434489035162912,50
0.7677551020408163,1.967462065884517,2.454464325145779,50
0.7677551020408163,1.9991953250116865,2.4743184048027618,50
0.7677551020408163,2.0309285841388562,2.494056332259648,50
0.7677551020408163,2.0626618432660258,2.513682979836968,50
0.7677551020408163,2.0943951023931957,2.5332030457929697,50
0.7677551020408163,2.126128361520365,2.5526210652514534,50
0.7677551020408163,2.1578616206475347,2.5719414203860365,50
0.7677551020408163,2.1895948797747042,2.5911683499253844,50
0.7677551020408163,2.221328138901874,2.6103059580377157,50
0.7677551020408163,2.2530613980290437,2.6293582226473533,50
0.7677551020408163,2.284794657156213,2.648329003231165,50
0.7677551020408163,2.3165279162833827,2.66722204813833,50
0.7677551020408163,2.3482611754105527,2.6860410014729625,50
0.7677551020408163,2.379994434537722,2.7047894095755955,50
0.7677551020408163,2.4117276936648917,2.723470727136409,50
0.7677551020408163,2.443460952792061,2.7420883229702544,50
0.7677551020408163,2.475194211919231,2.760645485481022,50
0.7677551020408163,2.5069274710464007,2.779145427840619,50
0.7677551020408163,2.53866073017357,2.797591292905805,50
0.7677551020408163,2.57039398930074,2.8159861578942853,50
0.7677551020408163,2.6021272484279097,2.8343330388398376,50
0.7677551020408163,2.633860507555079,2.852634894844755,50
0.7677551020408163,2.6655937666822487,2.870894632146557,50
0.7677551020408163,2.6973270258094186,2.889115108014728,50
0.7677551020408163,2.729060284936588,2.907299134492163,50
0.7677551020408163,2.7607935440637577,2.925449481995036,50
0.7677551020408163,2.792526803190927,2.943568882783932,50
0.7677551020408163,2.824260062318097,2.961660034318315,50
0.7677551020408163,2.8559933214452666,2.9797256025057,50
0.7677551020408163,2.887726580572436,2.9977682248562934,50
0.7677551020408163,2.9194598396996057,3.015790513553298,50
0.7677551020408163,2.9511930988267756,3.033795058448615,50
0.7677551020408163,2.982926357953945,3.0517844299932317,50
0.7677551020408163,3.0146596170811146,3.0697611821112423,50
0.7677551020408163,3.0463928762082846,3.0877278550261034,50
0.7677551020408163,3.078126135335454,3.1056869780474865,50
0.7677551020408163,3.1098593944626236,3.1236410723268655,50
0.7677551020408163,3.141592653589793,3.141592653589793,50
0.7748799588362298,5.346281217582405,4.57835159794152,50
0.7777643729379666,0.9464440267404243,1.7160211785999004,50
0.7787733564718917,2.7874007118506694,2.941891211944019,50
0.7879591836734694,0.0,0.0,50
0.7879591836734694,0.03173325912716963,0.14766438299600193,50
0.7879591836734694,0.06346651825433926,0.2850291764315226,50
0.7879591836734694,0.0951997773815089,0.4074278399187463,50
0.7879591836734694,0.12693303650867852,0.5150967152525404,50
0.7879591836734694,0.15866629563584814,0.6101763791716843,50
0.7879591836734694,0.1903995547630178,0.6949927633119538,50
0.7879591836734694,0.2221328138901874,0.771515804656864,50
0.7879591836734694,0.25386607301735703,0.8412951044730073,50
0.7879591836734694,0.28559933214452665,0.9055263495317857,50
0.7879591836734694,0.3173325912716963,0.9651334583379003,50
0.7879591836734694,0.3490658503988659,1.020837217315344,50
0.7879591836734694,0.3807991095260356,1.073207020924763,50
0.7879591836734694,0.4125323686532052,1.1226986364435083,50
0.7879591836734694,0.4442656277803748,1.169681595219416,50
0.7879591836734694,0.47599888690754444,1.2144591541732026,50
0.7879591836734694,0.5077321460347141,1.2572829831828765,50
0.7879591836734694,0.5394654051618837,1.298364098218432,50
0.7879591836734694,0.5711986642890533,1.3378811002225504,50
0.7879591836734694,0.6029319234162229,1.3759864598196,50
0.7879591836734694,0.6346651825433925,1.4128113681226815,50
0.7879591836734694,0.6663984416705622,1.4484695229169584,50
0.7879591836734694,0.6981317007977318,1.4830601151889085,50
0.7879591836734694,0.7298649599249014,1.516670208283957,50
0.7879591836734694,0.7615982190520711,1.5493766508071507,50
0.7879591836734694,0.7933314781792408,1.5812476279732541,50
0.7879591836734694,0.8250647373064104,1.612343929923525,50
0.7879591836734694,0.85679799643358,1.6427199964851738,50
0.7879591836734694,0.8885312555607496,1.6724247838604387,50
0.7879591836734694,0.9202645146879193,1.7015024883513068,50
0.7879591836734694,0.9519977738150889,1.7299931544483387,50
0.7879591836734694,0.9837310329422585,1.757933188731424,50
0.7879591836734694,1.0154642920694281,1.7853557965450702,50
0.7879591836734694,1.0471975511965979,1.8122913549615294,50
0.7879591836734694,1.0789308103237674,1.8387677328715004,50
0.7879591836734694,1.110664069450937,1.8648105669543553,50
0.7879591836734694,1.1423973285781066,1.890443500637906,50
0.7879591836734694,1.1741305877052763,1.9156883918577177,50
0.7879591836734694,1.2058638468324459,1.9405654943900845,50
0.7879591836734694,1.2375971059596156,1.9650936167023263,50
0.7879591836734694,1.269330365086785,1.9892902615944303,50
0.7879591836734694,1.3010636242139548,2.0131717493631354,50
0.7879591836734694,1.3327968833411243,2.03675332677702,50
0.7879591836734694,1.364530142468294,2.060049263788669,50
0.7879591836734694,1.3962634015954636,2.0830729396116268,50
0.7879591836734694,1.4279966607226333,2.1058369195431417,50
0.7879591836734694,1.4597299198498028,2.1283530237088266,50
0.7879591836734694,1.4914631789769726,2.150632388734511,50
0.7879591836734694,1.5231964381041423,2.1726855232074866,50
0.7879591836734694,1.5549296972313118,2.1945223576691255,50
0.7879591836734694,1.5866629563584815,2.216152289779397,50
0.7879591836734694,1.618396215485651,2.237584225207944,50
0.7879591836734694,1.6501294746128208,2.2588266147334233,50
0.7879591836734694,1.6818627337399903,2.2798874879706617,50
0.7879591836734694,1.71359599286716,2.300774484092001,50
0.7879591836734694,1.7453292519943295,2.3214948798636645,50
0.7879591836734694,1.7770625111214993,2.342055615278759,50
0.7879591836734694,1.8087957702486688,2.362463317034736,50
0.7879591836734694,1.8405290293758385,2.3827243200739154,50
0.7879591836734694,1.872262288503008,2.4028446873803135,50
0.7879591836734694,1.9039955476301778,2.42283022820403,50
0.7879591836734694,1.9357288067573473,2.44268651486523,50
0.7879591836734694,1.967462065884517,2.4624188982730195,50
0.7879591836734694,1.9991953250116865,2.482032522279849,50
0.7879591836734694,2.0309285841388562,2.501532336979211,50
0.7879591836734694,2.0626618432660258,2.520923111043104,50
0.7879591836734694,2.0943951023931957,2.5402094431857685,50
0.7879591836734694,2.126128361520365,2.5593957728314263,50
0.7879591836734694,2.1578616206475347,2.578486390055982,50
0.7879591836734694,2.1895948797747042,2.597485444865775,50
0.7879591836734694,2.221328138901874,2.6163969558703575,50
0.7879591836734694,2.2530613980290437,2.635224818400865,50
0.7879591836734694,2.284794657156213,2.653972812120722,50
0.7879591836734694,2.3165279162833827,2.672644608171107,50
0.7879591836734694,2.3482611754105527,2.691243775889786,50
0.7879591836734694,2.379994434537722,2.7097737891384783,50
0.7879591836734694,2.4117276936648917,2.728238032270858,50
0.7879591836734694,2.443460952792061,2.746639805770539,50
0.7879591836734694,2.475194211919231,2.764982331585923,50
0.7879591836734694,2.5069274710464007,2.783268758186594,50
0.7879591836734694,2.53866073017357,2.8015021653639325,50
0.7879591836734694,2.57039398930074,2.819685568796849,50
0.7879591836734694,2.6021272484279097,2.8378219244019287,50
0.7879591836734694,2.633860507555079,2.8559141324858333,50
0.7879591836734694,2.6655937666822487,2.8739650417164997,50
0.7879591836734694,2.6973270258094186,2.8919774529285167,50
0.7879591836734694,2.729060284936588,2.9099541227769987,50
0.7879591836734694,2.7607935440637577,2.9278977672533446,50
0.7879591836734694,2.792526803190927,2.945811065075402,50
0.7879591836734694,2.824260062318097,2.963696660963824,50
0.7879591836734694,2.8559933214452666,2.9815571688157037,50
0.7879591836734694,2.887726580572436,2.9993951747859926,50
0.7879591836734694,2.9194598396996057,3.0172132402866403,50
0.7879591836734694,2.9511930988267756,3.035013904912965,50
0.7879591836734694,2.982926357953945,3.0527996893063047,50
0.7879591836734694,3.0146596170811146,3.0705730979616805,50
0.7879591836734694,3.0463928762082846,3.088336621988865,50
0.7879591836734694,3.078126135335454,3.106092741835015,50
0.7879591836734694,3.1098593944626236,3.123843929976799,50
0.7879591836734694,3.141592653589793,3.141592653589793,50
0.7919662700135681,4.437806449199586,3.8956340678227965,50
0.7929862311962382,4.315834705762244,3.81888306699231,50
0.7942255202503388,2.3863593524973306,2.714992467276424,50
0.8007194884647626,2.94832717060279,3.0341740350133137,50
0.8007776192573804,3.435864362673302,3.3053312563545854,50
0.8069030273767636,2.371672687002177,2.709546811616588,50
0.8081632653061224,0.0,0.0,50
0.8081632653061224,0.03173325912716963,0.16241396016590698,50
0.8081632653061224,0.06346651825433926,0.3100160703970357,50
0.8081632653061224,0.0951997773815089,0.4378707392155416,50
0.8081632653061224,0.12693303650867852,0.5479060228505953,50
0.8081632653061224,0.15866629563584814,0.643679733285422,50
0.8081632653061224,0.1903995547630178,0.7283366361589447,50
0.8081632653061224,0.2221328138901874,0.8042759111789523,50
0.8081632653061224,0.25386607301735703,0.8732687859159836,50
0.8081632653061224,0.28559933214452665,0.9366264057962772,50
0.8081632653061224,0.3173325912716963,0.9953334896984338,50
0.8081632653061224,0.3490658503988659,1.050142887279876,50
0.8081632653061224,0.3807991095260356,1.1016406013118194,50
0.8081632653061224,0.4125323686532052,1.1502905374886772,50
0.8081632653061224,0.4442656277803748,1.1964656676889829,50
0.8081632653061224,0.47599888690754444,1.2404700776698567,50
0.8081632653061224,0.5077321460347141,1.282554831356998,50
0.8081632653061224,0.5394654051618837,1.32292957781654,50
0.8081632653061224,0.5711986642890533,1.3617711793522826,50
0.8081632653061224,0.6029319234162229,1.3992302213277708,50
0.8081632653061224,0.6346651825433925,1.4354359920240194,50
0.8081632653061224,0.6663984416705622,1.4705003410155884,50
0.8081632653061224,0.6981317007977318,1.5045207040240003,50
0.8081632653061224,0.7298649599249014,1.5375825002113501,50
0.8081632653061224,0.7615982190520711,1.5697610512653881,50
0.8081632653061224,0.7933314781792408,1.6011231319836468,50
0.8081632653061224,0.8250647373064104,1.6317282339251127,50
0.8081632653061224,0.85679799643358,1.6616296034677243,50
0.8081632653061224,0.8885312555607496,1.690875100889143,50
0.8081632653061224,0.9202645146879193,1.7195079162540086,50
0.8081632653061224,0.9519977738150889,1.7475671698313517,50
0.8081632653061224,0.9837310329422585,1.775088418709827,50
0.8081632653061224,1.0154642920694281,1.8021040866845532,50
0.8081632653061224,1.0471975511965979,1.828643830973444,50
0.8081632653061224,1.0789308103237674,1.8547348566072785,50
0.8081632653061224,1.110664069450937,1.880402187226711,50
0.8081632653061224,1.1423973285781066,1.9056688993647606,50
0.8081632653061224,1.1741305877052763,1.9305563259872236,50
0.8081632653061224,1.2058638468324459,1.9550842340255066,50
0.8081632653061224,1.2375971059596156,1.9792709798063362,50
0.8081632653061224,1.269330365086785,2.0031336456149536,50
0.8081632653061224,1.3010636242139548,2.026688160088031,50
0.8081632653061224,1.3327968833411243,2.049949404692878,50
0.8081632653061224,1.364530142468294,2.0729313081899767,50
0.8081632653061224,1.3962634015954636,2.09564693068038,50
0.8081632653061224,1.4279966607226333,2.1181085385955303,50
0.8081632653061224,1.4597299198498028,2.1403276717846698,50
0.8081632653061224,1.4914631789769726,2.162315203686461,50
0.8081632653061224,1.5231964381041423,2.1840813954304177,50
0.8081632653061224,1.5549296972313118,2.2056359445953726,50
0.8081632653061224,1.5866629563584815,2.226988029252408,50
0.8081632653061224,1.618396215485651,2.2481463478352737,50
0.8081632653061224,1.6501294746128208,2.2691191553096597,50
0.8081632653061224,1.6818627337399903,2.289914296051672,50
0.8081632653061224,1.71359599286716,2.3105392337937403,50
0.8081632653061224,1.7453292519943295,2.331001078951481,50
0.8081632653061224,1.7770625111214993,2.3513066136066794,50
0.8081632653061224,1.8087957702486688,2.3714623143884084,50
0.8081632653061224,1.8405290293758385,2.3914743734657415,50
0.8081632653061224,1.872262288503008,2.4113487178406854,50
0.8081632653061224,1.9039955476301778,2.4310910271084545,50
0.8081632653061224,1.9357288067573473,2.4507067498334254,50
0.8081632653061224,1.967462065884517,2.470201118672756,50
0.8081632653061224,1.9991953250116865,2.489579164365317,50
0.8081632653061224,2.0309285841388562,2.5088457286910253,50
0.8081632653061224,2.0626618432660258,2.5280054764946347,50
0.8081632653061224,2.0943951023931957,2.547062906858314,50
0.8081632653061224,2.126128361520365,2.5660223634987793,50
0.8081632653061224,2.1578616206475347,2.584888044457158,50
0.8081632653061224,2.1895948797747042,2.60366401114307,50
0.8081632653061224,2.221328138901874,2.622354196788438,50
0.8081632653061224,2.2530613980290437,2.6409624143612778,50
0.8081632653061224,2.284794657156213,2.659492363984993,50
0.8081632653061224,2.3165279162833827,2.67794763990452,50
0.8081632653061224,2.3482611754105527,2.6963317370369237,50
0.8081632653061224,2.379994434537722,2.7146480571407,50
0.8081632653061224,2.4117276936648917,2.7328999146350554,50
0.8081632653061224,2.443460952792061,2.7510905420977445,50
0.8081632653061224,2.475194211919231,2.7692230954676553,50
0.8081632653061224,2.5069274710464007,2.7873006589761733,50
0.8081632653061224,2.53866073017357,2.8053262498294087,50
0.8081632653061224,2.57039398930074,2.8233028226616503,50
0.8081632653061224,2.6021272484279097,2.8412332737788226,50
0.8081632653061224,2.633860507555079,2.8591204452093324,50
0.8081632653061224,2.6655937666822487,2.876967128578418,50
0.8081632653061224,2.6973270258094186,2.894776068820973,50
0.8081632653061224,2.729060284936588,2.9125499677467945,50
0.8081632653061224,2.7607935440637577,2.9302914874712953,50
0.8081632653061224,2.792526803190927,2.948003253723876,50
0.8081632653061224,2.824260062318097,2.965687859045431,50
0.8081632653061224,2.8559933214452666,2.983347865885797,50
0.8081632653061224,2.887726580572436,3.000985809611359,50
0.8081632653061224,2.9194598396996057,3.0186042014325194,50
0.8081632653061224,2.9511930988267756,3.036205531260266,50
0.8081632653061224,2.982926357953945,3.053792270500672,50
0.8081632653061224,3.0146596170811146,3.0713668747958276,50
0.8081632653061224,3.0463928762082846,3.088931786719381,50
0.8081632653061224,3.078126135335454,3.1064894384346298,50
0.8081632653061224,3.1098593944626236,3.1240422543229043,50
0.8081632653061224,3.141592653589793,3.141592653589793,50
0.8151119220530385,4.227079206878855,3.756713191030316,50
0.8252888466660073,1.3537844294113013,2.0759820098833544,50
0.8283673469387755,0.0,0.0,50
0.8283673469387755,0.03173325912716963,0.1801919247804394,50
0.8283673469387755,0.06346651825433926,0.3387039851354963,50
0.8283673469387755,0.0951997773815089,0.4713602422083965,50
0.8283673469387755,0.12693303650867852,0.5829183660483802,50
0.8283673469387755,0.15866629563584814,0.6787003215300558,50
0.8283673469387755,0.1903995547630178,0.7626966710159153,50
0.8283673469387755,0.2221328138901874,0.8376945005831992,50
0.8283673469387755,0.25386607301735703,0.9056447630146762,50
0.8283673469387755,0.28559933214452665,0.9679430641634849,50
0.8283673469387755,0.3173325912716963,1.0256136601255892,50
0.8283673469387755,0.3490658503988659,1.0794271000609685,50
0.8283673469387755,0.3807991095260356,1.1299762363615709,50
0.8283673469387755,0.4125323686532052,1.1777263918861196,50
0.8283673469387755,0.4442656277803748,1.2230492732949014,50
0.8283673469387755,0.47599888690754444,1.2662464445022934,50
0.8283673469387755,0.5077321460347141,1.3075659383567166,50
0.8283673469387755,0.5394654051618837,1.3472142545620147,50
0.8283673469387755,0.5711986642890533,1.3853651878306634,50
0.8283673469387755,0.6029319234162229,1.4221664343058504,50
0.8283673469387755,0.6346651825433925,1.4577446117744093,50
0.8283673469387755,0.6663984416705622,1.4922091280851975,50
0.8283673469387755,0.6981317007977318,1.525655200145119,50
0.8283673469387755,0.7298649599249014,1.5581662375122352,50
0.8283673469387755,0.7615982190520711,1.5898157444312075,50
0.8283673469387755,0.7933314781792408,1.6206688524929025,50
0.8283673469387755,0.8250647373064104,1.6507835668079751,50
0.8283673469387755,0.85679799643358,1.680211787694895,50
0.8283673469387755,0.8885312555607496,1.709000154787381,50
0.8283673469387755,0.9202645146879193,1.7371907494223453,50
0.8283673469387755,0.9519977738150889,1.7648216829964616,50
0.8283673469387755,0.9837310329422585,1.7919275928658718,50
0.8283673469387755,1.0154642920694281,1.8185400627443589,50
0.8283673469387755,1.0471975511965979,1.8446879810323291,50
0.8283673469387755,1.0789308103237674,1.8703978477982446,50
0.8283673469387755,1.110664069450937,1.895694039031142,50
0.8283673469387755,1.1423973285781066,1.9205990351385342,50
0.8283673469387755,1.1741305877052763,1.9451336193688649,50
0.8283673469387755,1.2058638468324459,1.9693170508104725,50
0.8283673469387755,1.2375971059596156,1.9931672157989908,50
0.8283673469387755,1.269330365086785,2.016700760906364,50
0.8283673469387755,1.3010636242139548,2.0399332101524017,50
0.8283673469387755,1.3327968833411243,2.0628790686472986,50
0.8283673469387755,1.364530142468294,2.085551914520269,50
0.8283673469387755,1.3962634015954636,2.1079644806994176,50
0.8283673469387755,1.4279966607226333,2.130128727868703,50
0.8283673469387755,1.4597299198498028,2.152055909729588,50
0.8283673469387755,1.4914631789769726,2.17375663152994,50
0.8283673469387755,1.5231964381041423,2.1952409026848105,50
0.8283673469387755,1.5549296972313118,2.216518184197988,50
0.8283673469387755,1.5866629563584815,2.237597431495709,50
0.8283673469387755,1.618396215485651,2.258487133201496,50
0.8283673469387755,1.6501294746128208,2.2791953463111567,50
0.8283673469387755,1.6818627337399903,2.299729728167444,50
0.8283673469387755,1.71359599286716,2.320097565583042,50
0.8283673469387755,1.7453292519943295,2.3403058014169997,50
0.8283673469387755,1.7770625111214993,2.360361058872296,50
0.8283673469387755,1.8087957702486688,2.380269663749993,50
0.8283673469387755,1.8405290293758385,2.4000376648675674,50
0.8283673469387755,1.872262288503008,2.4196708528248783,50
0.8283673469387755,1.9039955476301778,2.4391747772802495,50
0.8283673469387755,1.9357288067573473,2.458554762880919,50
0.8283673469387755,1.967462065884517,2.4778159239761472,50
0.8283673469387755,1.9991953250116865,2.496963178227362,50
0.8283673469387755,2.0309285841388562,2.5160012592174867,50
0.8283673469387755,2.0626618432660258,2.5349347281508714,50
0.8283673469387755,2.0943951023931957,2.5537679847257966,50
0.8283673469387755,2.126128361520365,2.5725052772531787,50
0.8283673469387755,2.1578616206475347,2.5911507120877486,50
0.8283673469387755,2.1895948797747042,2.609708262431445,50
0.8283673469387755,2.221328138901874,2.6281817765629842,50
0.8283673469387755,2.2530613980290437,2.6465749855424328,50
0.8283673469387755,2.284794657156213,2.664891510435032,50
0.8283673469387755,2.3165279162833827,2.683134869094451,50
0.8283673469387755,2.3482611754105527,2.7013084825420135,50
0.8283673469387755,2.379994434537722,2.719415680975191,50
0.8283673469387755,2.4117276936648917,2.7374597094357487,50
0.8283673469387755,2.443460952792061,2.755443733165331,50
0.8283673469387755,2.475194211919231,2.7733708426739385,50
0.8283673469387755,2.5069274710464007,2.7912440585446436,50
0.8283673469387755,2.53866073017357,2.8090663359960355,50
0.8283673469387755,2.57039398930074,2.82684056922216,50
0.8283673469387755,2.6021272484279097,2.84456959552823,50
0.8283673469387755,2.633860507555079,2.8622561992790034,50
0.8283673469387755,2.6655937666822487,2.8799031156754773,50
0.8283673469387755,2.6973270258094186,2.897513034374483,50
0.8283673469387755,2.729060284936588,2.9150886029647243,50
0.8283673469387755,2.7607935440637577,2.9326324303119455,50
0.8283673469387755,2.792526803190927,2.9501470897850903,50
0.8283673469387755,2.824260062318097,2.967635122374607,50
0.8283673469387755,2.8559933214452666,2.985099039713412,50
0.8283673469387755,2.887726580572436,3.0025413270104533,50
0.8283673469387755,2.9194598396996057,3.0199644459063015,50
0.8283673469387755,2.9511930988267756,3.037370837259764,50
0.8283673469387755,2.982926357953945,3.0547629238741116,50
0.8283673469387755,3.0146596170811146,3.0721431131711823,50
0.8283673469387755,3.0463928762082846,3.089513799821321,50
0.8283673469387755,3.078126135335454,3.1068773683368858,50
0.8283673469387755,3.1098593944626236,3.1242361956368394,50
0.8283673469387755,3.141592653589793,3.141592653589793,50
0.838021372005073,5.361503945514889,4.536423338350418,50
0.8485714285714285,0.0,0.0,50
0.8485714285714285,0.03173325912716963,0.2018894409797883,50
0.8485714285714285,0.06346651825433926,0.37154498248681517,50
0.8485714285714285,0.0951997773815089,0.507888002651138,50
0.8485714285714285,0.12693303650867852,0.619944635092882,50
0.8485714285714285,0.15866629563584814,0.7150125357885493,50
0.8485714285714285,0.1903995547630178,0.7978621230765505,50
0.8485714285714285,0.2221328138901874,0.8715893611723927,50
0.8485714285714285,0.25386607301735703,0.9382699061269143,50
0.8485714285714285,0.28559933214452665,0.9993488941659442,50
0.8485714285714285,0.3173325912716963,1.0558681441300153,50
0.8485714285714285,0.3490658503988659,1.1086018678976102,50
0.8485714285714285,0.3807991095260356,1.1581405960227351,50
0.8485714285714285,0.4125323686532052,1.2049449305060533,50
0.8485714285714285,0.4442656277803748,1.249381108791761,50
0.8485714285714285,0.47599888690754444,1.2917452311318944,50
0.8485714285714285,0.5077321460347141,1.3322802000119152,50
0.8485714285714285,0.5394654051618837,1.3711878409313503,50
0.8485714285714285,0.5711986642890533,1.4086377555581895,50
0.8485714285714285,0.6029319234162229,1.44477390806311,50
0.8485714285714285,0.6346651825433925,1.4797196063974354,50
0.8485714285714285,0.6663984416705622,1.513581325909682,50
0.8485714285714285,0.6981317007977318,1.5464516839222204,50
0.8485714285714285,0.7298649599249014,1.5784117820975916,50
0.8485714285714285,0.7615982190520711,1.6095330714999845,50
0.8485714285714285,0.7933314781792408,1.639878852722043,50
0.8485714285714285,0.8250647373064104,1.6695054937418345,50
0.8485714285714285,0.85679799643358,1.6984634271110028,50
0.8485714285714285,0.8885312555607496,1.726797972927487,50
0.8485714285714285,0.9202645146879193,1.7545500230105944,50
0.8485714285714285,0.9519977738150889,1.7817566135588954,50
0.8485714285714285,0.9837310329422585,1.8084514075037106,50
0.8485714285714285,1.0154642920694281,1.8346651031990615,50
0.8485714285714285,1.0471975511965979,1.860425782610462,50
0.8485714285714285,1.0789308103237674,1.885759209494164,50
0.8485714285714285,1.110664069450937,1.9106890859903054,50
0.8485714285714285,1.1423973285781066,1.9352372744390345,50
0.8485714285714285,1.1741305877052763,1.9594239899590022,50
0.8485714285714285,1.2058638468324459,1.9832679683219134,50
0.8485714285714285,1.2375971059596156,2.0067866128549077,50
0.8485714285714285,1.269330365086785,2.029996123459008,50
0.8485714285714285,1.3010636242139548,2.0529116103124023,50
0.8485714285714285,1.3327968833411243,2.0755471944055444,50
0.8485714285714285,1.364530142468294,2.0979160967108346,50
0.8485714285714285,1.3962634015954636,2.1200307175071798,50
0.8485714285714285,1.4279966607226333,2.1419027071468895,50
0.8485714285714285,1.4597299198498028,2.1635430293595164,50
0.8485714285714285,1.4914631789769726,2.1849620180267824,50
0.8485714285714285,1.5231964381041423,2.2061694282287045,50
0.8485714285714285,1.5549296972313118,2.227174482248586,50
0.8485714285714285,1.5866629563584815,2.2479859111298595,50
0.8485714285714285,1.618396215485651,2.268611992297745,50
0.8485714285714285,1.6501294746128208,2.2890605836908184,50
0.8485714285714285,1.6818627337399903,2.3093391547898174,50
0.8485714285714285,1.71359599286716,2.3294548148816947,50
0.8485714285714285,1.7453292519943295,2.349414338854689,50
0.8485714285714285,1.7770625111214993,2.369224190783895,50
0.8485714285714285,1.8087957702486688,2.3888905455355474,50
0.8485714285714285,1.8405290293758385,2.408419308591229,50
0.8485714285714285,1.872262288503008,2.427816134269807,50
0.8485714285714285,1.9039955476301778,2.4470864425045917,50
0.8485714285714285,1.9357288067573473,2.466235434315511,50
0.8485714285714285,1.967462065884517,2.4852681061006585,50
0.8485714285714285,1.9991953250116865,2.50418926285807,50
0.8485714285714285,2.0309285841388562,2.523003530436736,50
0.8485714285714285,2.0626618432660258,2.5417153669054673,50
0.8485714285714285,2.0943951023931957,2.560329073119064,50
0.8485714285714285,2.126128361520365,2.578848802553168,50
0.8485714285714285,2.1578616206475347,2.597278570472043,50
0.8485714285714285,2.1895948797747042,2.6156222624871948,50
0.8485714285714285,2.221328138901874,2.6338836425591623,50
0.8485714285714285,2.2530613980290437,2.652066360489805,50
0.8485714285714285,2.284794657156213,2.670173958948007,50
0.8485714285714285,2.3165279162833827,2.6882098800677507,50
0.8485714285714285,2.3482611754105527,2.7061774716540032,50
0.8485714285714285,2.379994434537722,2.7240799930287065,50
0.8485714285714285,2.4117276936648917,2.7419206205463453,50
0.8485714285714285,2.443460952792061,2.7597024528060414,50
0.8485714285714285,2.475194211919231,2.7774285155848704,50
0.8485714285714285,2.5069274710464007,2.7951017665150566,50
0.8485714285714285,2.53866073017357,2.8127250995258843,50
0.8485714285714285,2.57039398930074,2.830301349069522,50
0.8485714285714285,2.6021272484279097,2.8478332941484847,50
0.8485714285714285,2.633860507555079,2.865323662161131,50
0.8485714285714285,2.6655937666822487,2.8827751325804036,50
0.8485714285714285,2.6973270258094186,2.900190340479946,50
0.8485714285714285,2.729060284936588,2.917571879920759,50
0.8485714285714285,2.7607935440637577,2.934922307210715,50
0.8485714285714285,2.792526803190927,2.9522441440484344,50
0.8485714285714285,2.824260062318097,2.9695398805623774,50
0.8485714285714285,2.8559933214452666,2.986811978255344,50
0.8485714285714285,2.887726580572436,3.004062872864045,50
0.8485714285714285,2.9194598396996057,3.0212949771429036,50
0.8485714285714285,2.9511930988267756,3.038510683580826,50
0.8485714285714285,2.982926357953945,3.055712367059286,50
0.8485714285714285,3.0146596170811146,3.0729023874597474,50
0.8485714285714285,3.0463928762082846,3.090083092228175,50
0.8485714285714285,3.078126135335454,3.107256818904124,50
0.8485714285714285,3.1098593944626236,3.1244258976217383,50
0.8485714285714285,3.141592653589793,3.141592653589793,50
0.854738663184868,1.749411973189353,2.3547037792317504,50
0.8673110431372851,1.9914110882165634,2.5061732789986944,50
0.8683991607061731,2.0086189600663693,2.5166655810535827,50
0.8687755102040816,0.0,0.0,50
0.8687755102040816,0.03173325912716963,0.22866564420710497,50
0.8687755102040816,0.06346651825433926,0.4088599778614458,50
0.8687755102040816,0.0951997773815089,0.5472853830710119,50
0.8687755102040816,0.12693303650867852,0.6587040541280563,50
0.8687755102040816,0.15866629563584814,0.7523487777758711,50
0.8687755102040816,0.1903995547630178,0.833606815534226,50
0.8687755102040816,0.2221328138901874,0.9057758886175901,50
0.8687755102040816,0.25386607301735703,0.9709947791442968,50
0.8687755102040816,0.28559933214452665,1.0307227733703905,50
0.8687755102040816,0.3173325912716963,1.0859983187528943,50
0.8687755102040816,0.3490658503988659,1.1375864582218025,50
0.8687755102040816,0.3807991095260356,1.1860672604965643,50
0.8687755102040816,0.4125323686532052,1.2318912784858806,50
0.8687755102040816,0.4442656277803748,1.2754156937033343,50
0.8687755102040816,0.47599888690754444,1.3169286677579297,50
0.8687755102040816,0.5077321460347141,1.3566662271169583,50
0.8687755102040816,0.5394654051618837,1.3948242677356457,50
0.8687755102040816,0.5711986642890533,1.431567279844366,50
0.8687755102040816,0.6029319234162229,1.4670348134056912,50
0.8687755102040816,0.6346651825433925,1.5013463527752404,50
0.8687755102040816,0.6663984416705622,1.534605049167783,50
0.8687755102040816,0.6981317007977318,1.5669006185056746,50
0.8687755102040816,0.7298649599249014,1.5983116196688232,50
0.8687755102040816,0.7615982190520711,1.6289072661244763,50
0.8687755102040816,0.7933314781792408,1.6587488815269145,50
0.8687755102040816,0.8250647373064104,1.6878910804072655,50
0.8687755102040816,0.85679799643358,1.7163827342560394,50
0.8687755102040816,0.8885312555607496,1.7442677683786711,50
0.8687755102040816,0.9202645146879193,1.7715858240628972,50
0.8687755102040816,0.9519977738150889,1.798372812621554,50
0.8687755102040816,0.9837310329422585,1.82466138193968,50
0.8687755102040816,1.0154642920694281,1.8504813116909984,50
0.8687755102040816,1.0471975511965979,1.8758598499978167,50
0.8687755102040816,1.0789308103237674,1.9008220017081972,50
0.8687755102040816,1.110664069450937,1.9253907764531073,50
0.8687755102040816,1.1423973285781066,1.949587403077945,50
0.8687755102040816,1.1741305877052763,1.973431515810481,50
0.8687755102040816,1.2058638468324459,1.9969413165518803,50
0.8687755102040816,1.2375971059596156,2.0201337169002236,50
0.8687755102040816,1.269330365086785,2.0430244628926064,50
0.8687755102040816,1.3010636242139548,2.0656282449489636,50
0.8687755102040816,1.3327968833411243,2.0879587950926064,50
0.8687755102040816,1.364530142468294,2.1100289731894635,50
0.8687755102040816,1.3962634015954636,2.1318508436748798,50
0.8687755102040816,1.4279966607226333,2.1534357440117278,50
0.8687755102040816,1.4597299198498028,2.1747943459371837,50
0.8687755102040816,1.4914631789769726,2.1959367104004732,50
0.8687755102040816,1.5231964381041423,2.216872336964393,50
0.8687755102040816,1.5549296972313118,2.2376102083347966,50
0.8687755102040816,1.5866629563584815,2.2581588305907805,50
0.8687755102040816,1.618396215485651,2.27852626961102,50
0.8687755102040816,1.6501294746128208,2.298720184126171,50
0.8687755102040816,1.6818627337399903,2.318747855771455,50
0.8687755102040816,1.71359599286716,2.338616216465946,50
0.8687755102040816,1.7453292519943295,2.358331873404265,50
0.8687755102040816,1.7770625111214993,2.3779011319113756,50
0.8687755102040816,1.8087957702486688,2.3973300163809563,50
0.8687755102040816,1.8405290293758385,2.4166242894917747,50
0.8687755102040816,1.872262288503008,2.435789469873873,50
0.8687755102040816,1.9039955476301778,2.4548308483767642,50
0.8687755102040816,1.9357288067573473,2.473753503074751,50
0.8687755102040816,1.967462065884517,2.4925623131295644,50
0.8687755102040816,1.9991953250116865,2.511261971617489,50
0.8687755102040816,2.0309285841388562,2.529856997416687,50
0.8687755102040816,2.0626618432660258,2.548351746240413,50
0.8687755102040816,2.0943951023931957,2.566750420892933,50
0.8687755102040816,2.126128361520365,2.5850570808172,50
0.8687755102040816,2.1578616206475347,2.603275650996404,50
0.8687755102040816,2.1895948797747042,2.621409930265435,50
0.8687755102040816,2.221328138901874,2.6394635990828696,50
0.8687755102040816,2.2530613980290437,2.6574402268092925,50
0.8687755102040816,2.284794657156213,2.675343278533464,50
0.8687755102040816,2.3165279162833827,2.6931761214840533,50
0.8687755102040816,2.3482611754105527,2.7109420310612324,50
0.8687755102040816,2.379994434537722,2.728644196519391,50
0.8687755102040816,2.4117276936648917,2.7462857263295173,50
0.8687755102040816,2.443460952792061,2.7638696532473315,50
0.8687755102040816,2.475194211919231,2.781398939111093,50
0.8687755102040816,2.5069274710464007,2.798876479391022,50
0.8687755102040816,2.53866073017357,2.8163051075105283,50
0.8687755102040816,2.57039398930074,2.8336875989578383,50
0.8687755102040816,2.6021272484279097,2.8510266752052,50
0.8687755102040816,2.633860507555079,2.8683250074515567,50
0.8687755102040816,2.6655937666822487,2.885585220203429,50
0.8687755102040816,2.6973270258094186,2.9028098947077026,50
0.8687755102040816,2.729060284936588,2.920001572249091,50
0.8687755102040816,2.7607935440637577,2.937162757324207,50
0.8687755102040816,2.792526803190927,2.9542959207034185,50
0.8687755102040816,2.824260062318097,2.9714035023909866,50
0.8687755102040816,2.8559933214452666,2.9884879144934007,50
0.8687755102040816,2.887726580572436,3.0055515440052725,50
0.8687755102040816,2.9194598396996057,3.022596755521674,50
0.8687755102040816,2.9511930988267756,3.0396258938854066,50
0.8687755102040816,2.982926357953945,3.0566412867772934,50
0.8687755102040816,3.0146596170811146,3.0736452472572897,50
0.8687755102040816,3.0463928762082846,3.090640076263926,50
0.8687755102040816,3.078126135335454,3.1076280650793664,50
0.8687755102040816,3.1098593944626236,3.124611497767183,50
0.8687755102040816,3.141592653589793,3.141592653589793,50
0.8889795918367347,0.0,0.0,50
0.8889795918367347,0.03173325912716963,0.26193184951429693,50
0.8889795918367347,0.06346651825433926,0.4507112206534269,50
0.8889795918367347,0.0951997773815089,0.5892086724492002,50
0.8889795918367347,0.12693303650867852,0.6988409714220416,50
0.8889795918367347,0.15866629563584814,0.7904162565018931,50
0.8889795918367347,0.1903995547630178,0.8697008893568429,50
0.8889795918367347,0.2221328138901874,0.9400745913086497,50
0.8889795918367347,0.25386607301735703,1.0036782881646304,50
0.8889795918367347,0.28559933214452665,1.0619527209471484,50
0.8889795918367347,0.3173325912716963,1.1159144589328147,50
0.8889795918367347,0.3490658503988659,1.166308374483795,50
0.8889795918367347,0.3807991095260356,1.2136972504015264,50
0.8889795918367347,0.4125323686532052,1.2585172002425835,50
0.8889795918367347,0.4442656277803748,1.3011134351249087,50
0.8889795918367347,0.47599888690754444,1.3417641902068633,50
0.8889795918367347,0.5077321460347141,1.3806972279990029,50
0.8889795918367347,0.5394654051618837,1.4181015258253113,50
0.8889795918367347,0.5711986642890533,1.454135744913833,50
0.8889795918367347,0.6029319234162229,1.4889344921960268,50
0.8889795918367347,0.6346651825433925,1.5226130332684622,50
0.8889795918367347,0.6663984416705622,1.5552708962867754,50
0.8889795918367347,0.6981317007977318,1.5869946671821729,50
0.8889795918367347,0.7298649599249014,1.617860185558653,50
0.8889795918367347,0.7615982190520711,1.6479342898543383,50
0.8889795918367347,0.7933314781792408,1.6772762189635444,50
0.8889795918367347,0.8250647373064104,1.705938748820922,50
0.8889795918367347,0.85679799643358,1.7339691222244396,50
0.8889795918367347,0.8885312555607496,1.7614098157042484,50
0.8889795918367347,0.9202645146879193,1.7882991767484497,50
0.8889795918367347,0.9519977738150889,1.8146719569859804,50
0.8889795918367347,0.9837310329422585,1.8405597611952842,50
0.8889795918367347,1.0154642920694281,1.865991427700511,50
0.8889795918367347,1.0471975511965979,1.8909933524476823,50
0.8889795918367347,1.0789308103237674,1.915589766548093,50
0.8889795918367347,1.110664069450937,1.93980297513962,50
0.8889795918367347,1.1423973285781066,1.9636535639071169,50
0.8889795918367347,1.1741305877052763,1.9871605784173978,50
0.8889795918367347,1.2058638468324459,2.010341680486144,50
0.8889795918367347,1.2375971059596156,2.033213285046683,50
0.8889795918367347,1.269330365086785,2.0557906803913033,50
0.8889795918367347,1.3010636242139548,2.0780881341722943,50
0.8889795918367347,1.3327968833411243,2.1001189871576194,50
0.8889795918367347,1.364530142468294,2.121895736416071,50
0.8889795918367347,1.3962634015954636,2.143430109344267,50
0.8889795918367347,1.4279966607226333,2.1647331297315104,50
0.8889795918367347,1.4597299198498028,2.185815176879406,50
0.8889795918367347,1.4914631789769726,2.206686038644109,50
0.8889795918367347,1.5231964381041423,2.227354959144625,50
0.8889795918367347,1.5549296972313118,2.2478306817761764,50
0.8889795918367347,1.5866629563584815,2.2681214880797427,50
0.8889795918367347,1.618396215485651,2.288235232944602,50
0.8889795918367347,1.6501294746128208,2.3081793765576677,50
0.8889795918367347,1.6818627337399903,2.327961013459796,50
0.8889795918367347,1.71359599286716,2.3475868990234434,50
0.8889795918367347,1.7453292519943295,2.3670634736268186,50
0.8889795918367347,1.7770625111214993,2.3863968847659893,50
0.8889795918367347,1.8087957702486688,2.4055930073173406,50
0.8889795918367347,1.8405290293758385,2.4246574621377133,50
0.8889795918367347,1.872262288503008,2.443595633167791,50
0.8889795918367347,1.9039955476301778,2.4624126831854425,50
0.8889795918367347,1.9357288067573473,2.481113568339258,50
0.8889795918367347,1.967462065884517,2.499703051578185,50
0.8889795918367347,1.9991953250116865,2.5181857150806035,50
0.8889795918367347,2.0309285841388562,2.5365659717751665,50
0.8889795918367347,2.0626618432660258,2.5548480760360635,50
0.8889795918367347,2.0943951023931957,2.5730361336268412,50
0.8889795918367347,2.126128361520365,2.5911341109593997,50
0.8889795918367347,2.1578616206475347,2.609145843728138,50
0.8889795918367347,2.1895948797747042,2.6270750449733447,50
0.8889795918367347,2.221328138901874,2.644925312622702,50
0.8889795918367347,2.2530613980290437,2.662700136555141,50
0.8889795918367347,2.284794657156213,2.680402905227155,50
0.8889795918367347,2.3165279162833827,2.6980369118980017,50
0.8889795918367347,2.3482611754105527,2.7156053604869386,50
0.8889795918367347,2.379994434537722,2.7331113710927033,50
0.8889795918367347,2.4117276936648917,2.7505579852028212,50
0.8889795918367347,2.443460952792061,2.7679481706179754,50
0.8889795918367347,2.475194211919231,2.7852848261145584,50
0.8889795918367347,2.5069274710464007,2.80257078586663,50
0.8889795918367347,2.53866073017357,2.8198088236468113,50
0.8889795918367347,2.57039398930074,2.8370016568241025,50
0.8889795918367347,2.6021272484279097,2.8541519501752495,50
0.8889795918367347,2.633860507555079,2.871262319525037,50
0.8889795918367347,2.6655937666822487,2.8883353352297734,50
0.8889795918367347,2.6973270258094186,2.9053735255172355,50
0.8889795918367347,2.729060284936588,2.92237937969543,50
0.8889795918367347,2.7607935440637577,2.9393553512417356,50
0.8889795918367347,2.792526803190927,2.9563038607832417,50
0.8889795918367347,2.824260062318097,2.9732272989784727,50
0.8889795918367347,2.8559933214452666,2.9901280293100787,50
0.8889795918367347,2.887726580572436,3.0070083907975897,50
0.8889795918367347,2.9194598396996057,3.0238707006388292,50
0.8889795918367347,2.9511930988267756,3.0407172567882235,50
0.8889795918367347,2.982926357953945,3.0575503404798425,50
0.8889795918367347,3.0146596170811146,3.0743722187027482,50
0.8889795918367347,3.0463928762082846,3.0911851466359113,50
0.8889795918367347,3.078126135335454,3.1079913700497865,50
0.8889795918367347,3.1098593944626236,3.124793127681413,50
0.8889795918367347,3.141592653589793,3.141592653589793,50
0.8954670856203426,6.0816596149688555,5.376523661218851,50
0.9,1e-06,9.999999998500002e-06,50
0.9,1.8329807108324375e-06,1.8329807099086657e-05,50
0.9,3.359818286283781e-06,3.359818280594747e-05,50
0.9,6.158482110660267e-06,6.158482075624447e-05,50
0.9,1.1288378916846883e-05,0.00011288378701079415,50
0.9,2.06913808111479e-05,0.00020691379482347977,50
0.9,3.792690190732254e-05,0.0003792689372393573,50
0.9,6.951927961775606e-05,0.000695192292205926,50
0.9,0.00012742749857031348,0.001274271882018944,50
0.9,0.00023357214690901236,0.002335702355439792,50
0.9,0.00042813323987193956,0.004281214694540173,50
0.9,0.0007847599703514615,0.007846874967038961,50
0.9,0.0014384498882876629,0.014380038553610076,50
0.9,0.0026366508987303583,0.026339100880907233,50
0.9,0.004832930238571752,0.04816175112578982,50
0.9,0.008858667904100831,0.08757944304227062,50
0.9,0.016237767391887217,0.15662175304401782,50
0.9,0.029763514416313194,0.2686545916534516,50
0.9,0.0545559478116852,0.42856695619523155,50
0.9,0.1,0.6308435275631535,50
0.9091836734693878,0.0,0.0,50
0.9091836734693878,0.03173325912716963,0.3031506361594384,50
0.9091836734693878,0.06346651825433926,0.49678473144350016,50
0.9091836734693878,0.0951997773815089,0.6331576555937173,50
0.9091836734693878,0.12693303650867852,0.7399531227585061,50
0.9091836734693878,0.15866629563584814,0.8289158161467325,50
0.9091836734693878,0.1903995547630178,0.9059218809380597,50
0.9091836734693878,0.2221328138901874,0.9743174327039976,50
0.9091836734693878,0.25386607301735703,1.0361912815226586,50
0.9091836734693878,0.28559933214452665,1.0929379119577234,50
0.9091836734693878,0.3173325912716963,1.1455368241426789,50
0.9091836734693878,0.3490658503988659,1.1947038933736325,50
0.9091836734693878,0.3807991095260356,1.2409792360174607,50
0.9091836734693878,0.4125323686532052,1.284781112928944,50
0.9091836734693878,0.4442656277803748,1.326440525697392,50
0.9091836734693878,0.47599888690754444,1.3662242719066062,50
0.9091836734693878,0.5077321460347141,1.404350805286407,50
0.9091836734693878,0.5394654051618837,1.4410014469085368,50
0.9091836734693878,0.5711986642890533,1.4763284987954768,50
0.9091836734693878,0.6029319234162229,1.5104612377378404,50
0.9091836734693878,0.6346651825433925,1.5435104240752464,50
0.9091836734693878,0.6663984416705622,1.5755717483514473,50
0.9091836734693878,0.6981317007977318,1.6067285041788315,50
0.9091836734693878,0.7298649599249014,1.6370536879809001,50
0.9091836734693878,0.7615982190520711,1.6666116678734717,50
0.9091836734693878,0.7933314781792408,1.6954595242350496,50
0.9091836734693878,0.8250647373064104,1.723648137019184,50
0.9091836734693878,0.85679799643358,1.751223075500852,50
0.9091836734693878,0.8885312555607496,1.7782253323081012,50
0.9091836734693878,0.9202645146879193,1.8046919335565559,50
0.9091836734693878,0.9519977738150889,1.8306564495366917,50
0.9091836734693878,0.9837310329422585,1.856149424929165,50
0.9091836734693878,1.0154642920694281,1.8811987434106383,50
0.9091836734693878,1.0471975511965979,1.9058299383910524,50
0.9091836734693878,1.0789308103237674,1.9300664592316283,50
0.9091836734693878,1.110664069450937,1.9539299004440704,50
0.9091836734693878,1.1423973285781066,1.9774401999303743,50
0.9091836734693878,1.1741305877052763,2.000615811190633,50
0.9091836734693878,1.2058638468324459,2.0234738535304593,50
0.9091836734693878,1.2375971059596156,2.046030243585943,50
0.9091836734693878,1.269330365086785,2.068299810911704,50
0.9091836734693878,1.3010636242139548,2.0902963999157826,50
0.9091836734693878,1.3327968833411243,2.112032960050313,50
0.9091836734693878,1.364530142468294,2.1335216258611096,50
0.9091836734693878,1.3962634015954636,2.1547737882483795,50
0.9091836734693878,1.4279966607226333,2.1758001580840065,50
0.9091836734693878,1.4597299198498028,2.1966108231595225,50
0.9091836734693878,1.4914631789769726,2.2172152992964027,50
0.9091836734693878,1.5231964381041423,2.2376225763312316,50
0.9091836734693878,1.5549296972313118,2.2578411595884,50
0.9091836734693878,1.5866629563584815,2.277879107368863,50
0.9091836734693878,1.618396215485651,2.297744064912362,50
0.9091836734693878,1.6501294746128208,2.31744329523017,50
0.9091836734693878,1.6818627337399903,2.3369837071540593,50
0.9091836734693878,1.71359599286716,2.356371880903316,50
0.9091836734693878,1.7453292519943295,2.3756140914340294,50
0.9091836734693878,1.7770625111214993,2.394716329802596,50
0.9091836734693878,1.8087957702486688,2.413684322747519,50
0.9091836734693878,1.8405290293758385,2.432523550669532,50
0.9091836734693878,1.872262288503008,2.4512392641692324,50
0.9091836734693878,1.9039955476301778,2.469836499283267,50
0.9091836734693878,1.9357288067573473,2.4883200915443564,50
0.9091836734693878,1.967462065884517,2.5066946889766566,50
0.9091836734693878,1.9991953250116865,2.5249647641259028,50
0.9091836734693878,2.0309285841388562,2.543134625213199,50
0.9091836734693878,2.0626618432660258,2.561208426492042,50
0.9091836734693878,2.0943951023931957,2.579190177879953,50
0.9091836734693878,2.126128361520365,2.5970837539289042,50
0.9091836734693878,2.1578616206475347,2.6148929021923104,50
0.9091836734693878,2.1895948797747042,2.6326212510407156,50
0.9091836734693878,2.221328138901874,2.6502723169732856,50
0.9091836734693878,2.2530613980290437,2.6678495114677445,50
0.9091836734693878,2.284794657156213,2.685356147407451,50
0.9091836734693878,2.3165279162833827,2.702795445120727,50
0.9091836734693878,2.3482611754105527,2.7201705380644388,50
0.9091836734693878,2.379994434537722,2.737484478180969,50
0.9091836734693878,2.4117276936648917,2.754740240955212,50
0.9091836734693878,2.443460952792061,2.771940730195945,50
0.9091836734693878,2.475194211919231,2.789088782563901,50
0.9091836734693878,2.5069274710464007,2.8061871718670512,50
0.9091836734693878,2.53866073017357,2.8232386131419513,50
0.9091836734693878,2.57039398930074,2.8402457665385397,50
0.9091836734693878,2.6021272484279097,2.8572112410244475,50
0.9091836734693878,2.633860507555079,2.874137597923696,50
0.9091836734693878,2.6655937666822487,2.8910273543035596,50
0.9091836734693878,2.6973270258094186,2.9078829862224347,50
0.9091836734693878,2.729060284936588,2.9247069318506664,50
0.9091836734693878,2.7607935440637577,2.9415015944755134,50
0.9091836734693878,2.792526803190927,2.958269345400723,50
0.9091836734693878,2.824260062318097,2.9750125267505743,50
0.9091836734693878,2.8559933214452666,2.991733454187664,50
0.9091836734693878,2.887726580572436,3.008434419553242,50
0.9091836734693878,2.9194598396996057,3.0251176934384247,50
0.9091836734693878,2.9511930988267756,3.0417855276942496,50
0.9091836734693878,2.982926357953945,3.058440157888183,50
0.9091836734693878,3.0146596170811146,3.0750838057143937,50
0.9091836734693878,3.0463928762082846,3.0917186813648554,50
0.9091836734693878,3.078126135335454,3.1083469858681205,50
0.9091836734693878,3.1098593944626236,3.124970913402446,50
0.9091836734693878,3.141592653589793,3.141592653589793,50
0.9293877551020407,0.0,0.0,50
0.9293877551020407,0.03173325912716963,0.3532810884699332,50
0.9293877551020407,0.06346651825433926,0.5463519899332492,50
0.9293877551020407,0.0951997773815089,0.6785276978899173,50
0.9293877551020407,0.12693303650867852,0.7816253363392986,50
0.9293877551020407,0.15866629563584814,0.8675596499196607,50
0.9293877551020407,0.1903995547630178,0.9420638454944056,50
0.9293877551020407,0.2221328138901874,1.0083525514330316,50
0.9293877551020407,0.25386607301735703,1.0684189738300622,50
0.9293877551020407,0.28559933214452665,1.1235898712549763,50
0.9293877551020407,0.3173325912716963,1.1747961779688876,50
0.9293877551020407,0.3490658503988659,1.2227182098033709,50
0.9293877551020407,0.3807991095260356,1.2678694742597472,50
0.9293877551020407,0.4125323686532052,1.310647910310884,50
0.9293877551020407,0.4442656277803748,1.3513687094603628,50
0.9293877551020407,0.47599888690754444,1.3902861640241673,50
0.9293877551020407,0.5077321460347141,1.427608689327173,50
0.9293877551020407,0.5394654051618837,1.4635094413140353,50
0.9293877551020407,0.5711986642890533,1.4981340016990323,50
0.9293877551020407,0.6029319234162229,1.53160605711245,50
0.9293877551020407,0.6346651825433925,1.5640316730838306,50
0.9293877551020407,0.6663984416705622,1.5955025629385298,50
0.9293877551020407,0.6981317007977318,1.626098624288678,50
0.9293877551020407,0.7298649599249014,1.6558899328725742,50
0.9293877551020407,0.7615982190520711,1.684938328272412,50
0.9293877551020407,0.7933314781792408,1.7132986885042616,50
0.9293877551020407,0.8250647373064104,1.7410199644848388,50
0.9293877551020407,0.85679799643358,1.7681460270802005,50
0.9293877551020407,0.8885312555607496,1.794716366357876,50
0.9293877551020407,0.9202645146879193,1.8207666731772847,50
0.9293877551020407,0.9519977738150889,1.8463293262854155,50
0.9293877551020407,0.9837310329422585,1.8714338029056397,50
0.9293877551020407,1.0154642920694281,1.896107026915338,50
0.9293877551020407,1.0471975511965979,1.920373665752926,50
0.9293877551020407,1.0789308103237674,1.9442563849297896,50
0.9293877551020407,1.110664069450937,1.967776067270979,50
0.9293877551020407,1.1423973285781066,1.9909520026426015,50
0.9293877551020407,1.1741305877052763,2.0138020528504232,50
0.9293877551020407,1.2058638468324459,2.0363427955444084,50
0.9293877551020407,1.2375971059596156,2.0585896502865744,50
0.9293877551020407,1.269330365086785,2.0805569893961025,50
0.9293877551020407,1.3010636242139548,2.1022582357469637,50
0.9293877551020407,1.3327968833411243,2.123705949337168,50
0.9293877551020407,1.364530142468294,2.1449119041579796,50
0.9293877551020407,1.3962634015954636,2.165887156652821,50
0.9293877551020407,1.4279966607226333,2.186642106858837,50
0.9293877551020407,1.4597299198498028,2.207186553160997,50
0.9293877551020407,1.4914631789769726,2.2275297414529565,50
0.9293877551020407,1.5231964381041423,2.247680409385407,50
0.9293877551020407,1.5549296972313118,2.2676468262875047,50
0.9293877551020407,1.5866629563584815,2.287436829266699,50
0.9293877551020407,1.618396215485651,2.3070578559244774,50
0.9293877551020407,1.6501294746128208,2.3265169740679736,50
0.9293877551020407,1.6818627337399903,2.3458209087483297,50
0.9293877551020407,1.71359599286716,2.3649760669148407,50
0.9293877551020407,1.7453292519943295,2.383988559937989,50
0.9293877551020407,1.7770625111214993,2.402864224223619,50
0.9293877551020407,1.8087957702486688,2.4216086401138788,50
0.9293877551020407,1.8405290293758385,2.4402271492475665,50
0.9293877551020407,1.872262288503008,2.4587248705325555,50
0.9293877551020407,1.9039955476301778,2.47710671486565,50
0.9293877551020407,1.9357288067573473,2.495377398720114,50
0.9293877551020407,1.967462065884517,2.5135414567079355,50
0.9293877551020407,1.9991953250116865,2.5316032532123134,50
0.9293877551020407,2.0309285841388562,2.5495669931757763,50
0.9293877551020407,2.0626618432660258,2.567436732120374,50
0.9293877551020407,2.0943951023931957,2.585216385468593,50
0.9293877551020407,2.126128361520365,2.6029097372266814,50
0.9293877551020407,2.1578616206475347,2.620520448085968,50
0.9293877551020407,2.1895948797747042,2.6380520629923265,50
0.9293877551020407,2.221328138901874,2.655508018229116,50
0.9293877551020407,2.2530613980290437,2.67289164805465,50
0.9293877551020407,2.284794657156213,2.690206190931442,50
0.9293877551020407,2.3165279162833827,2.707454795381068,50
0.9293877551020407,2.3482611754105527,2.7246405254954453,50
0.9293877551020407,2.379994434537722,2.741766366132629,50
0.9293877551020407,2.4117276936648917,2.7588352278227894,50
0.9293877551020407,2.443460952792061,2.775849951407845,50
0.9293877551020407,2.475194211919231,2.7928133124362935,50
0.9293877551020407,2.5069274710464007,2.8097280253330053,50
0.9293877551020407,2.53866073017357,2.82659674736219,50
0.9293877551020407,2.57039398930074,2.843422082400304,50
0.9293877551020407,2.6021272484279097,2.8602065845344073,50
0.9293877551020407,2.633860507555079,2.876952761500333,50
0.9293877551020407,2.6655937666822487,2.8936630779739736,50
0.9293877551020407,2.6973270258094186,2.9103399587280907,50
0.9293877551020407,2.729060284936588,2.926985791666198,50
0.9293877551020407,2.7607935440637577,2.943602930744314,50
0.9293877551020407,2.792526803190927,2.9601936987907234,50
0.9293877551020407,2.824260062318097,2.9767603902332582,50
0.9293877551020407,2.8559933214452666,2.993305273743091,50
0.9293877551020407,2.887726580572436,3.0098305948035384,50
0.9293877551020407,2.9194598396996057,3.026338578211941,50
0.9293877551020407,2.9511930988267756,3.042831430522333,50
0.9293877551020407,2.982926357953945,3.0593113424362524,50
0.9293877551020407,3.0146596170811146,3.0757804911487847,50
0.9293877551020407,3.0463928762082846,3.0922410426566684,50
0.9293877551020407,3.078126135335454,3.108695154035093,50
0.9293877551020407,3.1098593944626236,3.125144975689655,50
0.9293877551020407,3.141592653589793,3.141592653589793,50
0.9304807203822439,1e-06,1.4384498876237133e-05,50
0.9304807203822439,1.8329807108324375e-06,2.6366508946414392e-05,50
0.9304807203822439,3.359818286283781e-06,4.832930213390203e-05,50
0.9304807203822439,6.158482110660267e-06,8.85866774902072e-05,50
0.9304807203822439,1.1288378916846883e-05,0.00016237766436829232,50
0.9304807203822439,2.06913808111479e-05,0.000297635085346082,50
0.9304807203822439,3.792690190732254e-05,0.0005455591158936135,50
0.9304807203822439,6.951927961775606e-05,0.0009999977692652263,50
0.9304807203822439,0.00012742749857031348,0.0018329669731108104,50
0.9304807203822439,0.00023357214690901236,0.0033597336872930026,50
0.9304807203822439,0.00042813323987193956,0.006157961202828402,50
0.9304807203822439,0.0007847599703514615,0.011285172848725397,50
0.9304807203822439,0.0014384498882876629,0.020671676163886373,50
0.9304807203822439,0.0026366508987303583,0.037806366497635906,50
0.9304807203822439,0.004832930238571752,0.06879319936925984,50
0.9304807203822439,0.008858667904100831,0.12325379255872103,50
0.9304807203822439,0.016237767391887217,0.2122807513637435,50
0.9304807203822439,0.029763514416313194,0.340543863307425,50
0.9304807203822439,0.0545559478116852,0.5035402048208895,50
0.9304807203822439,0.1,0.6980264608960783,50
0.935364558151896,2.3537250207714964,2.7288884623318173,50
0.9495918367346938,0.0,0.0,50
0.9495918367346938,0.03173325912716963,0.41192642315545475,50
0.9495918367346938,0.06346651825433926,0.5983616749466276,50
0.9495918367346938,0.0951997773815089,0.7246810451714477,50
0.9495918367346938,0.12693303650867852,0.8234613683283769,50
0.9495918367346938,0.15866629563584814,0.9060854083318464,50
0.9495918367346938,0.1903995547630178,0.9779437936966776,50
0.9495918367346938,0.2221328138901874,1.0420472109166203,50
0.9495918367346938,0.25386607301735703,1.100262227378193,50
0.9495918367346938,0.28559933214452665,1.1538329262245528,50
0.9495918367346938,0.3173325912716963,1.203633821386659,50
0.9495918367346938,0.3490658503988659,1.2503052591287696,50
0.9495918367346938,0.3807991095260356,1.2943315295439182,50
0.9495918367346938,0.4125323686532052,1.3360886412564006,50
0.9495918367346938,0.4442656277803748,1.3758749499428902,50
0.9495918367346938,0.47599888690754444,1.41393157034829,50
0.9495918367346938,0.5077321460347141,1.450456428787434,50
0.9495918367346938,0.5394654051618837,1.4856142085499937,50
0.9495918367346938,0.5711986642890533,1.5195435581203105,50
0.9495918367346938,0.6029319234162229,1.552362424917559,50
0.9495918367346938,0.6346651825433925,1.5841720745091459,50
0.9495918367346938,0.6663984416705622,1.6150601684887915,50
0.9495918367346938,0.6981317007977318,1.6451031556224158,50
0.9495918367346938,0.7298649599249014,1.6743681536120465,50
0.9495918367346938,0.7615982190520711,1.7029144473400575,50
0.9495918367346938,0.7933314781792408,1.7307946944293762,50
0.9495918367346938,0.8250647373064104,1.7580559046818542,50
0.9495918367346938,0.85679799643358,1.78474024285056,50
0.9495918367346938,0.8885312555607496,1.8108856919601446,50
0.9495918367346938,0.9202645146879193,1.8365266055054414,50
0.9495918367346938,0.9519977738150889,1.8616941703275516,50
0.9495918367346938,0.9837310329422585,1.8864167971081724,50
0.9495918367346938,1.0154642920694281,1.910720451768624,50
0.9495918367346938,1.0471975511965979,1.9346289382832513,50
0.9495918367346938,1.0789308103237674,1.9581641412867812,50
0.9495918367346938,1.110664069450937,1.9813462352066555,50
0.9495918367346938,1.1423973285781066,2.0041938653648486,50
0.9495918367346938,1.1741305877052763,2.0267243054819146,50
0.9495918367346938,1.2058638468324459,2.048953595214455,50
0.9495918367346938,1.2375971059596156,2.0708966607178447,50
0.9495918367346938,1.269330365086785,2.0925674207127445,50
0.9495918367346938,1.3010636242139548,2.113978880119311,50
0.9495918367346938,1.3327968833411243,2.135143212986158,50
0.9495918367346938,1.364530142468294,2.1560718361659474,50
0.9495918367346938,1.3962634015954636,2.176775474963549,50
0.9495918367346938,1.4279966607226333,2.1972642217962375,50
0.9495918367346938,1.4597299198498028,2.2175475887508225,50
0.9495918367346938,1.4914631789769726,2.237634554793877,50
0.9495918367346938,1.5231964381041423,2.2575336082835498,50
0.9495918367346938,1.5549296972313118,2.2772527853410676,50
0.9495918367346938,1.5866629563584815,2.2967997045637913,50
0.9495918367346938,1.618396215485651,2.3161815984972316,50
0.9495918367346938,1.6501294746128208,2.335405342228656,50
0.9495918367346938,1.6818627337399903,2.3544774794182732,50
0.9495918367346938,1.71359599286716,2.373404246044106,50
0.9495918367346938,1.7453292519943295,2.3921915921024532,50
0.9495918367346938,1.7770625111214993,2.4108452014764565,50
0.9495918367346938,1.8087957702486688,2.429370510159891,50
0.9495918367346938,1.8405290293758385,2.4477727230013784,50
0.9495918367346938,1.872262288503008,2.466056829115193,50
0.9495918367346938,1.9039955476301778,2.484227616088265,50
0.9495918367346938,1.9357288067573473,2.5022896830985957,50
0.9495918367346938,1.967462065884517,2.5202474530476744,50
0.9495918367346938,1.9991953250116865,2.5381051837984674,50
0.9495918367346938,2.0309285841388562,2.5558669786008656,50
0.9495918367346938,2.0626618432660258,2.5735367957779514,50
0.9495918367346938,2.0943951023931957,2.591118457738959,50
0.9495918367346938,2.126128361520365,2.608615659378155,50
0.9495918367346938,2.1578616206475347,2.6260319759130226,50
0.9495918367346938,2.1895948797747042,2.643370870209918,50
0.9495918367346938,2.221328138901874,2.660635699640775,50
0.9495918367346938,2.2530613980290437,2.677829722510316,50
0.9495918367346938,2.284794657156213,2.6949561040895795,50
0.9495918367346938,2.3165279162833827,2.712017922288321,50
0.9495918367346938,2.3482611754105527,2.7290181729959233,50
0.9495918367346938,2.379994434537722,2.745959775117854,50
0.9495918367346938,2.4117276936648917,2.762845575332384,50
0.9495918367346938,2.443460952792061,2.779678352590166,50
0.9495918367346938,2.475194211919231,2.796460822377433,50
0.9495918367346938,2.5069274710464007,2.8131956407618537,50
0.9495918367346938,2.53866073017357,2.8298854082385954,50
0.9495918367346938,2.57039398930074,2.846532673392768,50
0.9495918367346938,2.6021272484279097,2.8631399363931958,50
0.9495918367346938,2.633860507555079,2.8797096523313743,50
0.9495918367346938,2.6655937666822487,2.896244234418453,50
0.9495918367346938,2.6973270258094186,2.9127460570522103,50
0.9495918367346938,2.729060284936588,2.9292174587651756,50
0.9495918367346938,2.7607935440637577,2.945660745064323,50
0.9495918367346938,2.792526803190927,2.9620781911721243,50
0.9495918367346938,2.824260062318097,2.9784720446781585,50
0.9495918367346938,2.8559933214452666,2.9948445281099554,50
0.9495918367346938,2.887726580572436,3.011197841431297,50
0.9495918367346938,2.9194598396996057,3.0275341644757745,50
0.9495918367346938,2.9511930988267756,3.043855659323043,50
0.9495918367346938,2.982926357953945,3.0601644726249067,50
0.9495918367346938,3.0146596170811146,3.0764627378880767,50
0.9495918367346938,3.0463928762082846,3.0927525777202143,50
0.9495918367346938,3.078126135335454,3.109036106045679,50
0.9495918367346938,3.1098593944626236,3.125315430297228,50
0.9495918367346938,3.141592653589793,3.141592653589793,50
0.9516706976142825,1e-06,2.0691380782074663e-05,50
0.9516706976142825,1.8329807108324375e-06,3.792690172827554e-05,50
0.9516706976142825,3.359818286283781e-06,6.95192785150984e-05,50
0.9516706976142825,6.158482110660267e-06,0.0001274274917796169,50
0.9516706976142825,1.1288378916846883e-05,0.00023357210508864466,50
0.9516706976142825,2.06913808111479e-05,0.00042813298232228294,50
0.9516706976142825,3.792690190732254e-05,0.0007847583842432988,50
0.9516706976142825,6.951927961775606e-05,0.0014384401204093865,50
0.9516706976142825,0.00012742749857031348,0.0026365907463330694,50
0.9516706976142825,0.00023357214690901236,0.00483255985122827,50
0.9516706976142825,0.00042813323987193956,0.0088563881230476,50
0.9516706976142825,0.0007847599703514615,0.01622375303460616,50
0.9516706976142825,0.0014384498882876629,0.02967773206935246,50
0.9516706976142825,0.0026366508987303583,0.054038146850345234,50
0.9516706976142825,0.004832930238571752,0.09700559251869975,50
0.9516706976142825,0.008858667904100831,0.16781084953403677,50
0.9516706976142825,0.016237767391887217,0.2709437149764376,50
0.9516706976142825,0.029763514416313194,0.4029157673336645,50
0.9516706976142825,0.0545559478116852,0.5603627100834592,50
0.9516706976142825,0.1,0.7456848475006409,50
0.9664018171371622,1e-06,2.976351428991431e-05,50
0.9664018171371622,1.8329807108324375e-06,5.455594703325991e-05,50
0.9664018171371622,3.359818286283781e-06,9.999999520608172e-05,50
0.9664018171371622,6.158482110660267e-06,0.00018329804155999344,50
0.9664018171371622,1.1288378916846883e-05,0.00033598164681017634,50
0.9664018171371622,2.06913808111479e-05,0.0006158470913461869,50
0.9664018171371622,3.792690190732254e-05,0.0011288309959991529,50
0.9664018171371622,6.951927961775606e-05,0.002069095616001542,50
0.9664018171371622,0.00012742749857031348,0.003792428708212036,50
0.9664018171371622,0.00023357214690901236,0.0069503184144414564,50
0.9664018171371622,0.00042813323987193956,0.01273285374895169,50
0.9664018171371622,0.0007847599703514615,0.02329660295712696,50
0.9664018171371622,0.0014384498882876629,0.042446730861521835,50
0.9664018171371622,0.0026366508987303583,0.07634353669813264,50
0.9664018171371622,0.004832930238571752,0.1326622002378415,50
0.9664018171371622,0.008858667904100831,0.21567974594818246,50
0.9664018171371622,0.016237767391887217,0.32283386235968636,50
0.9664018171371622,0.029763514416313194,0.4508846443088947,50
0.9664018171371622,0.0545559478116852,0.6011221488983718,50
0.9664018171371622,0.1,0.7788819571441472,50
0.9697959183673469,0.0,0.0,50
0.9697959183673469,0.03173325912716963,0.47687137846231226,50
0.9697959183673469,0.06346651825433926,0.6516364102036855,50
0.9697959183673469,0.0951997773815089,0.7710156989290841,50
0.9697959183673469,0.12693303650867852,0.8651081336930215,50
0.9697959183673469,0.15866629563584814,0.9442654267157662,50
0.9697959183673469,0.1903995547630178,1.0134052948697665,50
0.9697959183673469,0.2221328138901874,1.07528909269859,50
0.9697959183673469,0.25386607301735703,1.1316378399245428,50
0.9697959183673469,0.28559933214452665,1.1836040474911664,50
0.9697959183673469,0.3173325912716963,1.2320012406672043,50
0.9697959183673469,0.3490658503988659,1.2774272928056027,50
0.9697959183673469,0.3807991095260356,1.3203358354146992,50
0.9697959183673469,0.4125323686532052,1.361080085215897,50
0.9697959183673469,0.4442656277803748,1.3999410321430377,50
0.9697959183673469,0.47599888690754444,1.437146280642374,50
0.9697959183673469,0.5077321460347141,1.4728830562823942,50
0.9697959183673469,0.5394654051618837,1.5073074341364219,50
0.9697959183673469,0.5711986642890533,1.540551042872451,50
0.9697959183673469,0.6029319234162229,1.572726036131717,50
0.9697959183673469,0.6346651825433925,1.603928846158855,50
0.9697959183673469,0.6663984416705622,1.6342430636293168,50
0.9697959183673469,0.6981317007977318,1.6637416788003638,50
0.9697959183673469,0.7298649599249014,1.6924888480815043,50
0.9697959183673469,0.7615982190520711,1.720541302689974,50
0.9697959183673469,0.7933314781792408,1.747949483732645,50
0.9697959183673469,0.8250647373064104,1.774758465616974,50
0.9697959183673469,0.85679799643358,1.801008713854586,50
0.9697959183673469,0.8885312555607496,1.826736711969044,50
0.9697959183673469,0.9202645146879193,1.8519754839689146,50
0.9697959183673469,0.9519977738150889,1.8767550327736415,50
0.9697959183673469,0.9837310329422585,1.9011027104554632,50
0.9697959183673469,1.0154642920694281,1.9250435327533755,50
0.9697959183673469,1.0471975511965979,1.9486004477229888,50
0.9697959183673469,1.0789308103237674,1.9717945663953644,50
0.9697959183673469,1.110664069450937,1.994645361775469,50
0.9697959183673469,1.1423973285781066,2.017170841305938,50
0.9697959183673469,1.1741305877052763,2.0393876969732387,50
0.9697959183673469,1.2058638468324459,2.0613114364810765,50
0.9697959183673469,1.2375971059596156,2.082956498315325,50
0.9697959183673469,1.269330365086785,2.104336353042129,50
0.9697959183673469,1.3010636242139548,2.1254635927906818,50
0.9697959183673469,1.3327968833411243,2.1463500105549156,50
0.9697959183673469,1.364530142468294,2.1670066706889863,50
0.9697959183673469,1.3962634015954636,2.1874439717582987,50
0.9697959183673469,1.4279966607226333,2.2076717027318,50
0.9697959183673469,1.4597299198498028,2.227699093355241,50
0.9697959183673469,1.4914631789769726,2.2475348594234146,50
0.9697959183673469,1.5231964381041423,2.2671872435675198,50
0.9697959183673469,1.5549296972313118,2.2866640520882444,50
0.9697959183673469,1.5866629563584815,2.3059726882929485,50
0.9697959183673469,1.618396215485651,2.3251201827342283,50
0.9697959183673469,1.6501294746128208,2.34411322069521,50
0.9697959183673469,1.6818627337399903,2.3629581672226534,50
0.9697959183673469,1.71359599286716,2.381661089971083,50
0.9697959183673469,1.7453292519943295,2.4002277800886853,50
0.9697959183673469,1.7770625111214993,2.4186637713477523,50
0.9697959183673469,1.8087957702486688,2.436974357698334,50
0.9697959183673469,1.8405290293758385,2.4551646094028845,50
0.9697959183673469,1.872262288503008,2.473239387891581,50
0.9697959183673469,1.9039955476301778,2.4912033594622263,50
0.9697959183673469,1.9357288067573473,2.5090610079349216,50
0.9697959183673469,1.967462065884517,2.5268166463596753,50
0.9697959183673469,1.9991953250116865,2.544474427864603,50
0.9697959183673469,2.0309285841388562,2.5620383557231237,50
0.9697959183673469,2.0626618432660258,2.579512292710444,50
0.9697959183673469,2.0943951023931957,2.596899969812449,50
0.9697959183673469,2.126128361520365,2.6142049943437855,50
0.9697959183673469,2.1578616206475347,2.631430857526334,50
0.9697959183673469,2.1895948797747042,2.6485809415742865,50
0.9697959183673469,2.221328138901874,2.665658526327645,50
0.9697959183673469,2.2530613980290437,2.682666795472025,50
0.9697959183673469,2.284794657156213,2.6996088423791647,50
0.9697959183673469,2.3165279162833827,2.716487675599403,50
0.9697959183673469,2.3482611754105527,2.733306224034621,50
0.9697959183673469,2.379994434537722,2.750067341817634,50
0.9697959183673469,2.4117276936648917,2.7667738129217967,50
0.9697959183673469,2.443460952792061,2.7834283555225743,50
0.9697959183673469,2.475194211919231,2.800033626131036,50
0.9697959183673469,2.5069274710464007,2.816592223517615,50
0.9697959183673469,2.53866073017357,2.8331066924430233,50
0.9697959183673469,2.57039398930074,2.849579527211895,50
0.9697959183673469,2.6021272484279097,2.866013175063573,50
0.9697959183673469,2.633860507555079,2.882410039413377,50
0.9697959183673469,2.6655937666822487,2.898772482956742,50
0.9697959183673469,2.6973270258094186,2.9151028306477613,50
0.9697959183673469,2.729060284936588,2.931403372562898,50
0.9697959183673469,2.7607935440637577,2.9476763666599126,50
0.9697959183673469,2.792526803190927,2.9639240414414694,50
0.9697959183673469,2.824260062318097,2.9801485985322773,50
0.9697959183673469,2.8559933214452666,2.996352215178168,50
0.9697959183673469,2.887726580572436,3.012537046675035,50
0.9697959183673469,2.9194598396996057,3.0287052287351712,50
0.9697959183673469,2.9511930988267756,3.044858879798208,50
0.9697959183673469,2.982926357953945,3.061000103293528,50
0.9697959183673469,3.0146596170811146,3.077130989860783,50
0.9697959183673469,3.0463928762082846,3.093253619534902,50
0.9697959183673469,3.078126135335454,3.1093700639017947,50
0.9697959183673469,3.1098593944626236,3.1254823882308003,50
0.9697959183673469,3.141592653589793,3.141592653589793,50
0.9766427853090988,1e-06,4.2813323440303544e-05,50
0.9766427853090988,1.8329807108324375e-06,7.847599366713194e-05,50
0.9766427853090988,3.359818286283781e-06,0.00014384496808691728,50
0.9766427853090988,6.158482110660267e-06,0.00026366496213486135,50
0.9766427853090988,1.1288378916846883e-05,0.0004832922371866171,50
0.9766427853090988,2.06913808111479e-05,0.0008858619457694864,50
0.9766427853090988,3.792690190732254e-05,0.0016237469047140937,50
0.9766427853090988,6.951927961775606e-05,0.0029761677305043797,50
0.9766427853090988,0.00012742749857031348,0.005454463894690876,50
0.9766427853090988,0.00023357214690901236,0.009993045676452678,50
0.9766427853090988,0.00042813323987193956,0.01828718872006765,50
0.9766427853090988,0.0007847599703514615,0.03333993685014252,50
0.9766427853090988,0.0014384498882876629,0.06007422097103662,50
0.9766427853090988,0.0026366508987303583,0.1048543673838949,50
0.9766427853090988,0.004832930238571752,0.17169391630888253,50
0.9766427853090988,0.008858667904100831,0.25883171285030443,50
0.9766427853090988,0.016237767391887217,0.3632804669763914,50
0.9766427853090988,0.029763514416313194,0.4856063845316113,50
0.9766427853090988,0.0545559478116852,0.6297149659989082,50
0.9766427853090988,0.1,0.801875721037113,50
0.9837622326081128,1e-06,6.158481874811518e-05,50
0.9837622326081128,1.8329807108324375e-06,0.00011288377464376986,50
0.9837622326081128,3.359818286283781e-06,0.00020691371866146026,50
0.9837622326081128,6.158482110660267e-06,0.0003792684681985735,50
0.9837622326081128,1.1288378916846883e-05,0.0006951894036608123,50
0.9837622326081128,2.06913808111479e-05,0.0012742540936723724,50
0.9837622326081128,3.792690190732254e-05,0.0023355928208481052,50
0.9837622326081128,6.951927961775606e-05,0.004280540430067161,50
0.9837622326081128,0.00012742749857031348,0.007842728762953279,50
0.9837622326081128,0.00023357214690901236,0.014354632383003212,50
0.9837622326081128,0.00042813323987193956,0.026185222065697362,50
0.9837622326081128,0.0007847599703514615,0.047263350530236246,50
0.9837622326081128,0.0014384498882876629,0.08284693118458838,50
0.9837622326081128,0.0026366508987303583,0.13664108275204853,50
0.9837622326081128,0.004832930238571752,0.20755070684063623,50
0.9837622326081128,0.008858667904100831,0.2929045504597812,50
0.9837622326081128,0.016237767391887217,0.3927889826949927,50
0.9837622326081128,0.029763514416313194,0.5100979333756612,50
0.9837622326081128,0.0545559478116852,0.6496100041320685,50
0.9837622326081128,0.1,0.8177859405574696,50
0.9887116210831531,1e-06,8.858666889274058e-05,50
0.9887116210831531,1.8329807108324375e-06,0.00016237761142099717,50
0.9887116210831531,3.359818286283781e-06,0.00029763475927213395,50
0.9887116210831531,6.158482110660267e-06,0.0005455571077942497,50
0.9887116210831531,1.1288378916846883e-05,0.0009999854028601395,50
0.9887116210831531,2.06913808111479e-05,0.001832890823906642,50
0.9887116210831531,3.792690190732254e-05,0.003359264911550923,50
0.9887116210831531,6.951927961775606e-05,0.006155078133028416,50
0.9887116210831531,0.00012742749857031348,0.011267497189165438,50
0.9887116210831531,0.00023357214690901236,0.020564432245676365,50
0.9887116210831531,0.00042813323987193956,0.037176877285335856,50
0.9887116210831531,0.0007847599703514615,0.06543096888151285,50
0.9887116210831531,0.0014384498882876629,0.10869320140104057,50
0.9887116210831531,0.0026366508987303583,0.16640306071781122,50
0.9887116210831531,0.004832930238571752,0.23623028446741728,50
0.9887116210831531,0.008858667904100831,0.3179444716019941,50
0.9887116210831531,0.016237767391887217,0.4136976616385693,50
0.9887116210831531,0.029763514416313194,0.5271976559431714,50
0.9887116210831531,0.0545559478116852,0.6634174157359324,50
0.9887116210831531,0.1,0.828800265314891,50
0.99,0.0,0.0,50
0.99,0.03173325912716963,0.5447859328709685,50
0.99,0.06346651825433926,0.7050813292747715,50
0.99,0.0951997773815089,0.8170145690502926,50
0.99,0.12693303650867852,0.9062698149133187,50
0.99,0.15866629563584814,0.9819110352730521,50
0.99,0.1903995547630178,1.0483195581831022,50
0.99,0.2221328138901874,1.1079862188217375,50
0.99,0.25386607301735703,1.162478050685462,50
0.99,0.28559933214452665,1.2128522273557762,50
0.99,0.3173325912716963,1.2598594749541223,50
0.99,0.3490658503988659,1.3040542815275085,50
0.99,0.3807991095260356,1.3458591496330274,50
0.99,0.4125323686532052,1.38560426257751,50
0.99,0.4442656277803748,1.4235531258947471,50
0.99,0.47599888690754444,1.4599197825947423,50
0.99,0.5077321460347141,1.4948807438703284,50
0.99,0.5394654051618837,1.5285834836925358,50
0.99,0.5711986642890533,1.5611526291986835,50
0.99,0.6029319234162229,1.592694564165607,50
0.99,0.6346651825433925,1.6233009138254966,50
0.99,0.6663984416705622,1.6530512247659706,50
0.99,0.6981317007977318,1.6820150550146005,50
0.99,0.7298649599249014,1.7102536248276636,50
0.99,0.7615982190520711,1.737821135460107,50
0.99,0.7933314781792408,1.7647658336477279,50
0.99,0.8250647373064104,1.7911308789735638,50
0.99,0.85679799643358,1.8169550567461075,50
0.99,0.8885312555607496,1.8422733685712114,50
0.99,0.9202645146879193,1.867117525193008,50
0.99,0.9519977738150889,1.8915163605693568,50
0.99,0.9837310329422585,1.9154961819613427,50
0.99,1.0154642920694281,1.9390810676587769,50
0.99,1.0471975511965979,1.9622931215577262,50
0.99,1.0789308103237674,1.9851526919556837,50
0.99,1.110664069450937,2.0076785604943135,50
0.99,1.1423973285781066,2.029888106056672,50
0.99,1.1741305877052763,2.0517974475406127,50
0.99,1.2058638468324459,2.0734215687272672,50
0.99,1.2375971059596156,2.0947744279017626,50
0.99,1.269330365086785,2.115869054431416,50
0.99,1.3010636242139548,2.136717634140955,50
0.99,1.3327968833411243,2.157331585026624,50
0.99,1.364530142468294,2.177721624607475,50
0.99,1.3962634015954636,2.197897830011759,50
0.99,1.4279966607226333,2.2178696917307628,50
0.99,1.4597299198498028,2.2376461618348933,50
0.99,1.4914631789769726,2.2572356973321526,50
0.99,1.5231964381041423,2.2766462992530636,50
0.99,1.5549296972313118,2.2958855479653444,50
0.99,1.5866629563584815,2.3149606351534433,50
0.99,1.618396215485651,2.3338783928402647,50
0.99,1.6501294746128208,2.3526453197793145,50
0.99,1.6818627337399903,2.371267605503577,50
0.99,1.71359599286716,2.3897511522815913,50
0.99,1.7453292519943295,2.4081015952003897,50
0.99,1.7770625111214993,2.4263243205684852,50
0.99,1.8087957702486688,2.444424482809167,50
0.99,1.8405290293758385,2.4624070199945867,50
0.99,1.872262288503008,2.480276668153875,50
0.99,1.9039955476301778,2.498037974473587,50
0.99,1.9357288067573473,2.515695309495688,50
0.99,1.967462065884517,2.5332528784068775,50
0.99,1.9991953250116865,2.550714731503028,50
0.99,2.0309285841388562,2.5680847739037294,50
0.99,2.0626618432660258,2.585366774584174,50
0.99,2.0943951023931957,2.6025643747847997,50
0.99,2.126128361520365,2.6196810958530548,50
0.99,2.1578616206475347,2.636720346566339,50
0.99,2.1895948797747042,2.6536854299803903,50
0.99,2.221328138901874,2.6705795498432106,50
0.99,2.2530613980290437,2.6874058166108687,50
0.99,2.284794657156213,2.7041672530981624,50
0.99,2.3165279162833827,2.720866799794163,50
0.99,2.3482611754105527,2.7375073198699846,50
0.99,2.379994434537722,2.7540916039037433,50
0.99,2.4117276936648917,2.7706223743455296,50
0.99,2.443460952792061,2.787102289743301,50
0.99,2.475194211919231,2.8035339487488846,50
0.99,2.5069274710464007,2.819919893921726,50
0.99,2.53866073017357,2.836262615346626,50
0.99,2.57039398930074,2.852564554080471,50
0.99,2.6021272484279097,2.868828105441805,50
0.99,2.633860507555079,2.885055622156115,50
0.99,2.6655937666822487,2.901249417368741,50
0.99,2.6973270258094186,2.91741176753654,50
0.99,2.729060284936588,2.933544915208664,50
0.99,2.7607935440637577,2.949651071706154,50
0.99,2.792526803190927,2.965732419709461,50
0.99,2.824260062318097,2.9817911157624493,50
0.99,2.8559933214452666,2.9978292927009784,50
0.99,2.887726580572436,3.0138490620137195,50
0.99,2.9194598396996057,3.029852516142482,50
0.99,2.9511930988267756,3.045841730728998,50
0.99,2.982926357953945,3.0618187668148154,50
0.99,3.0146596170811146,3.0777856730006903,50
0.99,3.0463928762082846,3.0937444875716618,50
0.99,3.078126135335454,3.1096972405937975,50
0.99,3.1098593944626236,3.125645955988457,50
0.99,3.141592653589793,3.141592653589793,50
0.9921524002964854,1e-06,0.00012742745497103366,50
0.9921524002964854,1.8329807108324375e-06,0.00023357187840427574,50
0.9921524002964854,3.359818286283781e-06,0.0004281315863037831,50
0.9921524002964854,6.158482110660267e-06,0.0007847497871601937,50
0.9921524002964854,1.1288378916846883e-05,0.0014383871810511749,50
0.9921524002964854,2.06913808111479e-05,0.0026362648365539183,50
0.9921524002964854,3.792690190732254e-05,0.004830555143924509,50
0.9921524002964854,6.951927961775606e-05,0.0088440915708713,50
0.9921524002964854,0.00012742749857031348,0.016149026523271163,50
0.9921524002964854,0.00023357214690901236,0.029236931110638055,50
0.9921524002964854,0.00042813323987193956,0.051652543619565464,50
0.9921524002964854,0.0007847599703514615,0.08640998479575818,50
0.9921524002964854,0.0014384498882876629,0.1333627577519615,50
0.9921524002964854,0.0026366508987303583,0.19052257355134694,50
0.9921524002964854,0.004832930238571752,0.2574557857446888,50
0.9921524002964854,0.008858667904100831,0.33575705720989735,50
0.9921524002964854,0.016237767391887217,0.4283351111807476,50
0.9921524002964854,0.029763514416313194,0.5390911563217464,50
0.9921524002964854,0.0545559478116852,0.6729951870657221,50
0.9921524002964854,0.1,0.8364318297041955,50
0.9945444052188315,1e-06,0.00018329788397058173,50
0.9945444052188315,1.8329807108324375e-06,0.00033598067630673104,50
0.9945444052188315,3.359818286283781e-06,0.0006158411146861722,50
0.9945444052188315,6.158482110660267e-06,0.0011287941923229126,50
0.9945444052188315,1.1288378916846883e-05,0.002068869033139931,50
0.9945444052188315,2.06913808111479e-05,0.0037910347874201525,50
0.9945444052188315,3.792690190732254e-05,0.006941764552500171,50
0.9945444052188315,6.951927961775606e-05,0.012680796206687335,50
0.9945444052188315,0.00012742749857031348,0.022988126554583772,50
0.9945444052188315,0.00023357214690901236,0.040756548253519244,50
0.9945444052188315,0.00042813323987193956,0.06864883680976668,50
0.9945444052188315,0.0007847599703514615,0.10682644455948305,50
0.9945444052188315,0.0014384498882876629,0.1536287776233319,50
0.9945444052188315,0.0026366508987303583,0.2085000944925368,50
0.9945444052188315,0.004832930238571752,0.2726100169849377,50
0.9945444052188315,0.008858667904100831,0.348254738124724,50
0.9945444052188315,0.016237767391887217,0.43853294315685004,50
0.9945444052188315,0.029763514416313194,0.5473532253349981,50
0.9945444052188315,0.0545559478116852,0.6796404078591962,50
0.9945444052188315,0.1,0.8417239284163531,50
0.9962073098092677,1e-06,0.0002636642874469595,50
0.9962073098092677,1.8329807108324375e-06,0.00048328808223704786,50
0.9962073098092677,3.359818286283781e-06,0.0008858363597344436,50
0.9962073098092677,6.158482110660267e-06,0.0016235893779917908,50
0.9962073098092677,1.1288378916846883e-05,0.0029751985227220016,50
0.9962073098092677,2.06913808111479e-05,0.005448513943134043,50
0.9962073098092677,3.792690190732254e-05,0.009956787767628305,50
0.9962073098092677,6.951927961775606e-05,0.0180714485168131,50
0.9962073098092677,0.00012742749857031348,0.03214426707682607,50
0.9962073098092677,0.00023357214690901236,0.05449944572024278,50
0.9962073098092677,0.00042813323987193956,0.08551616961951615,50
0.9962073098092677,0.0007847599703514615,0.123837663385415,50
0.9962073098092677,0.0014384498882876629,0.1688448640014609,50
0.9962073098092677,0.0026366508987303583,0.22138070845911118,50
0.9962073098092677,0.004832930238571752,0.2832631514595033,50
0.9962073098092677,0.008858667904100831,0.3569732333332168,50
0.9962073098092677,0.016237767391887217,0.44562463010143377,50
0.9962073098092677,0.029763514416313194,0.5530911309076374,50
0.9962073098092677,0.0545559478116852,0.6842527974846232,50
0.9962073098092677,0.1,0.8453962116598732,50
0.9973633491012697,1e-06,0.00037926557969601417,50
0.9973633491012697,1.8329807108324375e-06,0.0006951716161945712,50
0.9973633491012697,3.359818286283781e-06,0.0012741445772876064,50
0.9973633491012697,6.158482110660267e-06,0.0023349189325332863,50
0.9973633491012697,1.1288378916846883e-05,0.004276401969953706,50
0.9973633491012697,2.06913808111479e-05,0.007817480148108067,50
0.9973633491012697,3.792690190732254e-05,0.014203838743386222,50
0.9973633491012697,6.951927961775606e-05,0.025340647550612935,50
0.9973633491012697,0.00012742749857031348,0.043234734776237446,50
0.9973633491012697,0.00023357214690901236,0.06840859526983536,50
0.9973633491012697,0.00042813323987193956,0.09977971833511358,50
0.9973633491012697,0.0007847599703514615,0.13670831329076677,50
0.9973633491012697,0.0014384498882876629,0.1797856429258747,50
0.9973633491012697,0.0026366508987303583,0.23045168547190187,50
0.9973633491012697,0.004832930238571752,0.2907029527823016,50
0.9973633491012697,0.008858667904100831,0.36304109217096986,50
0.9973633491012697,0.016237767391887217,0.45055316847971194,50
0.9973633491012697,0.029763514416313194,0.557076368530273,50
0.9973633491012697,0.0545559478116852,0.6874554537242965,50
0.9973633491012697,0.1,0.8479457948285114,50
0.9981670192891675,1e-06,0.0005455447419276833,50
0.9981670192891675,1.8329807108324375e-06,0.0009999092647946053,50
0.9981670192891675,3.359818286283781e-06,0.0018324222783297074,50
0.9981670192891675,6.158482110660267e-06,0.0033563865828018344,50
0.9981670192891675,1.1288378916846883e-05,0.006137499110707687,50
0.9981670192891675,2.06913808111479e-05,0.011162156726071716,50
0.9981670192891675,3.792690190732254e-05,0.019968717613073967,50
0.9981670192891675,6.951927961775606e-05,0.034273203712199364,50
0.9981670192891675,0.00012742749857031348,0.054681848732812774,50
0.9981670192891675,0.00023357214690901236,0.08035400439358865,50
0.9981670192891675,0.00042813323987193956,0.1106596504066348,50
0.9981670192891675,0.0007847599703514615,0.14599660517663632,50
0.9981670192891675,0.0014384498882876629,0.18750377708822324,50
0.9981670192891675,0.0026366508987303583,0.23679256876837732,50
0.9981670192891675,0.004832930238571752,0.29588420035718893,50
0.9981670192891675,0.008858667904100831,0.3672602861036978,50
0.9981670192891675,0.016237767391887217,0.453977866668425,50
0.9981670192891675,0.029763514416313194,0.5598447930627816,50
0.9981670192891675,0.0545559478116852,0.6896799599183762,50
0.9981670192891675,0.1,0.8497165887190465,50
0.9987257250142969,1e-06,0.0007846968546301211,50
0.9987257250142969,1.8329807108324375e-06,0.001438061412387034,50
0.9987257250142969,3.359818286283781e-06,0.002634263037458253,50
0.9987257250142969,6.158482110660267e-06,0.004818317968406676,50
0.9987257250142969,1.1288378916846883e-05,0.00877054084367638,50
0.9987257250142969,2.06913808111479e-05,0.015729415750163636,50
0.9987257250142969,3.792690190732254e-05,0.027149531049452717,50
0.9987257250142969,6.951927961775606e-05,0.04367467851850119,50
0.9987257250142969,0.00012742749857031348,0.0646728992837501,50
0.9987257250142969,0.00023357214690901236,0.08954519653605941,50
0.9987257250142969,0.00042813323987193956,0.11854166595394826,50
0.9987257250142969,0.0007847599703514615,0.15256029515126623,50
0.9987257250142969,0.0014384498882876629,0.19290368507550812,50
0.9987257250142969,0.0026366508987303583,0.24121086160923605,50
0.9987257250142969,0.004832930238571752,0.2994883331662615,50
0.9987257250142969,0.008858667904100831,0.3701930801958487,50
0.9987257250142969,0.016237767391887217,0.45635765551336266,50
0.9987257250142969,0.029763514416313194,0.5617682802573478,50
0.9987257250142969,0.0545559478116852,0.6912254418743444,50
0.9987257250142969,0.1,0.8509468196069736,50
0.99911413320959,1e-06,0.0011285676960998648,50
0.99911413320959,1.8329807108324375e-06,0.002067476898662325,50
0.99911413320959,3.359818286283781e-06,0.0037825174508121025,50
0.99911413320959,6.158482110660267e-06,0.006890433771354019,50
0.99911413320959,1.1288378916846883e-05,0.012385605472576826,50
0.99911413320959,2.06913808111479e-05,0.021491362454592905,50
0.99911413320959,3.792690190732254e-05,0.034854535651464465,50
0.99911413320959,6.951927961775606e-05,0.0520194312641379,50
0.99911413320959,0.00012742749857031348,0.07243217751791194,50
0.99911413320959,0.00023357214690901236,0.09623128195402328,50
0.99911413320959,0.00042813323987193956,0.1241214971393362,50
0.99911413320959,0.0007847599703514615,0.15715635996240493,50
0.99911413320959,0.0014384498882876629,0.19666806619369695,50
0.99911413320959,0.0026366508987303583,0.24428524552134404,50
0.99911413320959,0.004832930238571752,0.30199422902652545,50
0.99911413320959,0.008858667904100831,0.3722315133779502,50
0.99911413320959,0.016237767391887217,0.4580114783895314,50
0.99911413320959,0.029763514416313194,0.5631049112336012,50
0.99911413320959,0.0545559478116852,0.6922993659534573,50
0.99911413320959,0.1,0.85180167104813,50
0.999384151788934,1e-06,0.001622621268431376,50
0.999384151788934,1.8329807108324375e-06,0.002969271056734783,50
0.999384151788934,3.359818286283781e-06,0.005412705373200557,50
0.999384151788934,6.158482110660267e-06,0.009749368894423252,50
0.999384151788934,1.1288378916846883e-05,0.01700084457257398,50
0.999384151788934,2.06913808111479e-05,0.02779233329574783,50
0.999384151788934,3.792690190732254e-05,0.041813811845642486,50
0.999384151788934,6.951927961775606e-05,0.05856508574144476,50
0.999384151788934,0.00012742749857031348,0.07810170804281176,50
0.999384151788934,0.00023357214690901236,0.10097335183783412,50
0.999384151788934,0.00042813323987193956,0.12803191311237405,50
0.999384151788934,0.0007847599703514615,0.16036173946904658,50
0.999384151788934,0.0014384498882876629,0.1992881276839077,50
0.999384151788934,0.0026366508987303583,0.24642323197497468,50
0.999384151788934,0.004832930238571752,0.30373623662035304,50
0.999384151788934,0.008858667904100831,0.37364833063589187,50
0.999384151788934,0.016237767391887217,0.4591608903651476,50
0.999384151788934,0.029763514416313194,0.564033844854944,50
0.999384151788934,0.0545559478116852,0.6930457127992511,50
0.999384151788934,0.1,0.8523957649118965,50
0.9995718667601281,1e-06,0.002330794321600779,50
0.9995718667601281,1.8329807108324375e-06,0.004251431179710502,50
0.9995718667601281,3.359818286283781e-06,0.007671892307661104,50
0.9995718667601281,6.158482110660267e-06,0.0134398630165807,50
0.9995718667601281,1.1288378916846883e-05,0.022142324894248857,50
0.9995718667601281,2.06913808111479e-05,0.03358688778905242,50
0.9995718667601281,3.792690190732254e-05,0.047331302702300564,50
0.9995718667601281,6.951927961775606e-05,0.06337084634743154,50
0.9995718667601281,0.00012742749857031348,0.08213082911393724,50
0.9995718667601281,0.00023357214690901236,0.10429951910471698,50
0.9995718667601281,0.00042813323987193956,0.130760232421889,50
0.9995718667601281,0.0007847599703514615,0.1625932426538464,50
0.9995718667601281,0.0014384498882876629,0.20111045321011822,50
0.9995718667601281,0.0026366508987303583,0.24790966687148724,50
0.9995718667601281,0.004832930238571752,0.3049471566546742,50
0.9995718667601281,0.008858667904100831,0.374633126239915,50
0.9995718667601281,0.016237767391887217,0.4599597920336228,50
0.9995718667601281,0.029763514416313194,0.5646794928157465,50
0.9995718667601281,0.0545559478116852,0.6935644517978427,50
0.9995718667601281,0.1,0.8528086811501097,50
0.9997023648558369,1e-06,0.003338979318482022,50
0.9997023648558369,1.8329807108324375e-06,0.006035411294324854,50
0.9997023648558369,3.359818286283781e-06,0.01061820680797496,50
0.9997023648558369,6.158482110660267e-06,0.017625975067913885,50
0.9997023648558369,1.1288378916846883e-05,0.026958917484809244,50
0.9997023648558369,2.06913808111479e-05,0.038233735561392354,50
0.9997023648558369,3.792690190732254e-05,0.05140333112307363,50
0.9997023648558369,6.951927961775606e-05,0.06679347565437328,50
0.9997023648558369,0.00012742749857031348,0.08495948109817346,50
0.9997023648558369,0.00023357214690901236,0.10662115921003203,50
0.9997023648558369,0.00042813323987193956,0.13266002189238377,50
0.9997023648558369,0.0007847599703514615,0.16414551742310562,50
0.9997023648558369,0.0014384498882876629,0.20237754628963944,50
0.9997023648558369,0.0026366508987303583,0.2489430146710761,50
0.9997023648558369,0.004832930238571752,0.3057889009184119,50
0.9997023648558369,0.008858667904100831,0.37531766012116313,50
0.9997023648558369,0.016237767391887217,0.46051510158727416,50
0.9997023648558369,0.029763514416313194,0.5651282738247568,50
0.9997023648558369,0.0545559478116852,0.6939250189728966,50
0.9997023648558369,0.1,0.8530956922032784,50
0.9997930861918886,1e-06,0.0047467969780549376,50
0.9997930861918886,1.8329807108324375e-06,0.008384063694647182,50
0.9997930861918886,3.359818286283781e-06,0.014018984515160777,50
0.9997930861918886,6.158482110660267e-06,0.021622513676754156,50
0.9997930861918886,1.1288378916846883e-05,0.030868879546155744,50
0.9997930861918886,2.06913808111479e-05,0.041682653589531785,50
0.9997930861918886,3.792690190732254e-05,0.054310174898890756,50
0.9997930861918886,6.951927961775606e-05,0.06919865745797586,50
0.9997930861918886,0.00012742749857031348,0.08693469306275378,50
0.9997930861918886,0.00023357214690901236,0.10823809936182556,50
0.9997930861918886,0.00042813323987193956,0.13398170209499974,50
0.9997930861918886,0.0007847599703514615,0.16522492284690743,50
0.9997930861918886,0.0014384498882876629,0.2032584644804507,50
0.9997930861918886,0.0026366508987303583,0.24966136223842345,50
0.9997930861918886,0.004832930238571752,0.3063740292153079,50
0.9997930861918886,0.008858667904100831,0.37579349719875166,50
0.9997930861918886,0.016237767391887217,0.46090110851204863,50
0.9997930861918886,0.029763514416313194,0.5654402295163273,50
0.9997930861918886,0.0545559478116852,0.6941756552643019,50
0.9997930861918886,0.1,0.8532951982613861,50
0.9998561550111712,1e-06,0.006616381809235944,50
0.9998561550111712,1.8329807108324375e-06,0.01114082819851596,50
0.9998561550111712,3.359818286283781e-06,0.017328885819508998,50
0.9998561550111712,6.158482110660267e-06,0.024909143493227485,50
0.9998561550111712,1.1288378916846883e-05,0.03378875990511396,50
0.9998561550111712,2.06913808111479e-05,0.04415094479819998,50
0.9998561550111712,3.792690190732254e-05,0.05635501999501548,50
0.9998561550111712,6.951927961775606e-05,0.0708789091373848,50
0.9998561550111712,0.00012742749857031348,0.08831063898357885,50
0.9998561550111712,0.00023357214690901236,0.10936312103460565,50
0.9998561550111712,0.00042813323987193956,0.13490081853090571,50
0.9998561550111712,0.0007847599703514615,0.16597539082079682,50
0.9998561550111712,0.0014384498882876629,0.20387087252766328,50
0.9998561550111712,0.0026366508987303583,0.25016073094802627,50
0.9998561550111712,0.004832930238571752,0.3067807810940487,50
0.9998561550111712,0.008858667904100831,0.3761242725123752,50
0.9998561550111712,0.016237767391887217,0.46116943792350296,50
0.9998561550111712,0.029763514416313194,0.565657082483595,50
0.9998561550111712,0.0545559478116852,0.6943498825159069,50
0.9998561550111712,0.1,0.8534338828081539,50
0.9999,1e-06,0.008846308180180548,50
0.9999,1.8329807108324375e-06,0.013876717795834433,50
0.9999,3.359818286283781e-06,0.020088562585506654,50
0.9999,6.158482110660267e-06,0.02737996603832471,50
0.9999,1.1288378916846883e-05,0.03588422970296608,50
0.9999,2.06913808111479e-05,0.045889238618680044,50
0.9999,3.792690190732254e-05,0.057784214346051556,50
0.9999,6.951927961775606e-05,0.0720496288802227,50
0.9999,0.00012742749857031348,0.0892680815425259,50
0.9999,0.00023357214690901236,0.11014552301900674,50
0.9999,0.00042813323987193956,0.1355398682918529,50
0.9999,0.0007847599703514615,0.16649712639521116,50
0.9999,0.0014384498882876629,0.20429660717501544,50
0.9999,0.0026366508987303583,0.25050787562548393,50
0.9999,0.004832930238571752,0.3070635390245557,50
0.9999,0.008858667904100831,0.37635421358674004,50
0.9999,0.016237767391887217,0.46135596889817687,50
0.9999,0.029763514416313194,0.5658078291440607,50
0.9999,0.0545559478116852,0.6944709976067943,50
0.9999,0.1,0.8535302901646385,50
